VBCSCompilerPreWarmer: pre-warm launched (dotnet PID 39216)
VBCSCompiler prewarm took 27.51 ms
[Licensing::Module] Trying to connect to existing licensing client channel...
Built from '6000.6/staging' branch; Version is '6000.6.2f1 (770e33f6875c) revision 7802419'; Using compiler version '194234433'; Build Type 'Release'
[Licensing::IpcConnector] Successfully connected to: "LicenseClient-golfa" at "2026-09-29T19:06:05.2841661Z"
OS: 'Windows 11  (10.0.26200) Core' Language: 'en' Physical Memory: 16125 MB
BatchMode: 0, IsHumanControllingUs: 1, StartBugReporterOnCrash: 1, Is64bit: 1
System  architecture: x64
Process architecture: x64
Date: 2026-09-29T19:06:05Z
[Licensing::Client] Code 10 while verifying Licensing Client signature (process Id: 21376, path: "C:/Program Files/Unity Hub/UnityLicensingClient_V1/Unity.Licensing.Client.exe")
[Licensing::Module] LicensingClient has failed validation; ignoring
[Licensing::Client] Handshaking with LicensingClient:
  Version:                 1.18.3+d7ffd15
  Session Id:              5257fd86ae1e424abbc7abc5004127c4
  Correlation Id:          170f0f62da89a6ae2013fa07fa0ff733
  External correlation Id: 7437633320243352071
  Machine Id:              FUnE4I3JiGVUYJ7CitaydDp0Olk=
[Licensing::Module] Successfully connected to LicensingClient on channel: "LicenseClient-golfa" (connect: 0.00s, validation: 0.01s, handshake: 0.08s)
[Licensing::IpcConnector] Successfully connected to: "LicenseClient-golfa-notifications" at "2026-09-29T19:06:05.378153Z"
[Licensing::Client] Successfully updated the access token
[Licensing::Module] Successfully updated the access token xwZuRBBtZV...
[Licensing::Client] Successfully resolved entitlement details
[Licensing::Module] License group:
  Id: 18967218653225-UnityPersXXXX
  Product: Unity Personal
  Type: Assigned
  Expiration: Unlimited
[Licensing::Client] Successfully updated license, isAsync: True, time: 0.01
[Licensing::Client] Successfully resolved entitlement details
[Licensing::Module] Licensing Background thread has ended after 0.12s

COMMAND LINE ARGUMENTS:
C:\Program Files\Unity\Hub\Editor\6000.6.2f1\Editor\Unity.exe
-projectpath
C:\Users\golfa\Flappybird
-acceptSoftwareTermsForThisRunOnly
-useHub
-hubIPC
-cloudEnvironment
production
-licensingIpc
LicenseClient-golfa
-hubSessionId
abfd6cc2-0418-4811-a2cc-fb216ecc0c33
-accessToken
xwZuRBBtZVGQeDrDLxcIoMdDq10RKYIcMzs7bFiuSio011f
Successfully changed project path to: C:\Users\golfa\Flappybird
C:/Users/golfa/Flappybird
[UnityMemory] Configuration Parameters - Can be set up in boot.config
    "memorysetup-temp-allocator-size-gi-baking-worker=262144"
    "memorysetup-temp-allocator-size-gi-baking-worker=262144"
    "memorysetup-temp-allocator-size-gi-baking-worker=262144"
    "memorysetup-temp-allocator-size-gi-baking-worker=262144"
    "memorysetup-temp-allocator-size-gi-baking-worker=262144"
    "memorysetup-temp-allocator-size-nav-mesh-worker=65536"
    "memorysetup-temp-allocator-size-audio-worker=65536"
    "memorysetup-temp-allocator-size-cloud-worker=32768"
    "memorysetup-temp-allocator-size-gfx=262144"
    "memorysetup-remapper-allocator-initial-capacity=32768"
    "memorysetup-temp-allocator-size-preload-manager=33554432"
    "memorysetup-allocator-temp-initial-block-size-main=262144"
    "memorysetup-allocator-temp-initial-block-size-worker=262144"
    "memorysetup-temp-allocator-size-job-worker=262144"
    "memorysetup-temp-allocator-size-background-worker=32768"
    "memorysetup-bucket-allocator-granularity=16"
    "memorysetup-bucket-allocator-bucket-count=8"
    "memorysetup-bucket-allocator-block-size=33554432"
    "memorysetup-bucket-allocator-block-count=8"
    "memorysetup-main-allocator-block-size=16777216"
    "memorysetup-thread-allocator-block-size=16777216"
    "memorysetup-main-allocator-mimalloc-enabled=1"
    "memorysetup-gfx-main-allocator-block-size=16777216"
    "memorysetup-gfx-thread-allocator-block-size=16777216"
    "memorysetup-cache-allocator-block-size=4194304"
    "memorysetup-typetree-allocator-block-size=2097152"
    "memorysetup-profiler-bucket-allocator-granularity=16"
    "memorysetup-profiler-bucket-allocator-bucket-count=8"
    "memorysetup-profiler-bucket-allocator-block-size=33554432"
    "memorysetup-profiler-bucket-allocator-block-count=8"
    "memorysetup-profiler-allocator-block-size=16777216"
    "memorysetup-profiler-editor-allocator-block-size=1048576"
    "memorysetup-temp-allocator-size-main=16777216"
    "memorysetup-job-temp-allocator-block-size=2097152"
    "memorysetup-job-temp-allocator-block-size-background=1048576"
    "memorysetup-job-temp-allocator-reduction-small-platforms=262144"
Player connection [40924]  Target information:

Player connection [40924]  * "[IP] 192.168.1.100 [Port] 55504 [Flags] 2 [Guid] 702886405 [EditorId] 702886405 [Version] 1048832 [Id] WindowsEditor(7,Onejack) [Debug] 1 [PackageName] WindowsEditor [ProjectName] Editor" 

Player connection [40924] Host joined multi-casting on [225.0.0.222:54997]...
Player connection [40924] Host joined alternative multi-casting on [225.0.0.222:34997]...
Input System module state changed to: Initialized.
[Physics::Module] Initialized fallback backend.
[Physics::Module] Id: 0xdecafbad
[Package Manager] Connected to IPC stream "Upm-36712" after 0.7 seconds.
[Licensing::Client] Successfully resolved entitlement details
Library Redirect Path: Library/
Initialising UDS system complete:
  - System type: Client
  - Resource namespace: b5d9d5ba631dfb40ee544b9ca3b3199c
  - Shared memory size: 1073741824
  - Command buffer id: 1052576
  - Command buffer size: 8192
  - Hashmap size: 4194304
  - Service connected: false
Launching Unity Data Store - C:/Program Files/Unity/Hub/Editor/6000.6.2f1/Editor/Data/Tools/Unity.DataStore.exe 
Unity Data Store artifact dir = Library/DataStore, working dir = C:/Users/golfa/Flappybird[Physics::Module] Selected backend.
[Physics::Module] Name: PhysX
[Physics::Module] Id: 0xf2b8ea05
[Physics::Module] SDK Version: 4.1.2
[Physics::Module] Integration Version: 1.0.0
[Physics::Module] Threading Mode: Multi-Threaded
Unity Data Store running and initialised
Refreshing native plugins compatible for Editor in 2.32 ms, found 0 plugins.
Initialize engine version: 6000.6.2f1 (770e33f6875c)
[EntityIdStore] init: VM path (explicit commit), pageSize=4096, blockCount=1048576, entitiesPerBlock=256, slots reserved=4294967296 bytes
[Subsystems] Discovering subsystems at path C:/Program Files/Unity/Hub/Editor/6000.6.2f1/Editor/Data/Resources/UnitySubsystems
[Subsystems] Discovering subsystems at path C:/Users/golfa/Flappybird/Assets
[D3D12 Device Filter] Vendor Name: NVIDIA
[D3D12 Device Filter] Device Name: NVIDIA GeForce RTX 4060 Ti
[D3D12 Device Filter] Driver Version: 32.0.16.1088
[D3D12 Device Filter] Feature Level: 12.2
[D3D12 Device Filter] Graphics Memory: 7949 MB
[D3D12 Device Filter] Processor Count: 20
[D3D12 Device Filter] Device Type: Discrete
GfxDevice: creating device client; kGfxThreadingModeSplitJobs
d3d12: failed to query info queue interface (0x80004002).
Direct3D:
    Version:         Direct3D 12 [level 12.2]
    Renderer:        NVIDIA GeForce RTX 4060 Ti (ID=0x2803)
    Vendor:          NVIDIA
    VRAM:            7949 MB
    App VRAM Budget: 5876 MB
    Driver:          32.0.16.1088
Initialize mono
Mono path[0] = 'C:/Program Files/Unity/Hub/Editor/6000.6.2f1/Editor/Data/Managed'
Mono path[1] = 'C:/Program Files/Unity/Hub/Editor/6000.6.2f1/Editor/Data/BCLExtensions/runtime/netstandard2.1'
Mono path[2] = 'C:/Program Files/Unity/Hub/Editor/6000.6.2f1/Editor/Data/MonoBleedingEdge/lib/mono/unityjit-win32'
Mono config path = 'C:/Program Files/Unity/Hub/Editor/6000.6.2f1/Editor/Data/MonoBleedingEdge/etc'
Using monoOptions --debugger-agent=transport=dt_socket,embedding=1,server=y,suspend=n,address=127.0.0.1:56712
CodeReloadManager initialized
ImportWorker Server TCP listen port: 0
AcceleratorClientConnectionCallback - disconnected - :0
Begin MonoManager ReloadAssembly
Registering precompiled unity dll's ...
Register platform support module: C:/Program Files/Unity/Hub/Editor/6000.6.2f1/Editor/Data/PlaybackEngines/WindowsStandaloneSupport/UnityEditor.WindowsStandalone.Extensions.dll
Registered in 0.003736 seconds.
Native extension for WindowsStandalone target not found
Package Manager log level set to [2]
ScheduleIndexationOnStartup MainProcess:False IndexOnStartup:True
Scripting: successfully reloaded assembly
- Finished resetting the current domain, in  1.505 seconds
Domain Reload Profiling: 2578ms
	BeginReloadAssembly (250ms)
		CreateAndSetChildDomain (10ms)
	RebuildCommonClasses (10ms)
	RebuildNativeTypeToScriptingClass (36ms)
	initialDomainReloadingComplete (138ms)
	LoadAllAssembliesAndSetupDomain (636ms)
		LoadAssemblies (235ms)
		TypeCache.Refresh (433ms)
			TypeCache.ScanAssembly (400ms)
		AnalyzeDomain (2ms)
	FinalizeReload (1508ms)
		SetupLoadedEditorAssemblies (0ms)
			LogAssemblyErrors (4ms)
			InitializePlatformSupportModulesInManaged (4ms)
			BeforeProcessingInitializeOnLoad (194ms)
			ProcessInitializeOnLoadAttributes (208ms)
			ProcessInitializeOnLoadMethodAttributes (709ms)
[Licensing::Client] Successfully resolved entitlement details
Application.AssetDatabase Initial Refresh Start
[Package Manager] Restoring resolved packages state from cache
[Licensing::Client] Successfully resolved entitlement details
[Package Manager] Registered 71 packages:
  Packages from [https://packages.unity.com]:
    com.unity.2d.animation@16.0.1 (location: C:\Users\golfa\Flappybird\Library\PackageCache\com.unity.2d.animation@899988b542b9)
    com.unity.2d.aseprite@6.0.0 (location: C:\Users\golfa\Flappybird\Library\PackageCache\com.unity.2d.aseprite@ab909e3e9b5f)
    com.unity.2d.psdimporter@15.0.1 (location: C:\Users\golfa\Flappybird\Library\PackageCache\com.unity.2d.psdimporter@e02a9153d8d9)
    com.unity.2d.spriteshape@16.0.0 (location: C:\Users\golfa\Flappybird\Library\PackageCache\com.unity.2d.spriteshape@42798c9d35d3)
    com.unity.2d.tilemap.extras@9.0.1 (location: C:\Users\golfa\Flappybird\Library\PackageCache\com.unity.2d.tilemap.extras@9446f3c60919)
    com.unity.2d.tooling@4.0.1 (location: C:\Users\golfa\Flappybird\Library\PackageCache\com.unity.2d.tooling@4e93af4036ee)
    com.unity.collab-proxy@2.13.6 (location: C:\Users\golfa\Flappybird\Library\PackageCache\com.unity.collab-proxy@4628d2ba6ea4)
    com.unity.ide.rider@3.0.38 (location: C:\Users\golfa\Flappybird\Library\PackageCache\com.unity.ide.rider@1f60b3138684)
    com.unity.ide.visualstudio@2.0.26 (location: C:\Users\golfa\Flappybird\Library\PackageCache\com.unity.ide.visualstudio@a99d56dec63f)
    com.unity.inputsystem@1.20.0 (location: C:\Users\golfa\Flappybird\Library\PackageCache\com.unity.inputsystem@7a4e1a2a8194)
    com.unity.learn.iet-framework@6.0.7 (location: C:\Users\golfa\Flappybird\Library\PackageCache\com.unity.learn.iet-framework@96330db47073)
    com.unity.visualscripting@1.9.12 (location: C:\Users\golfa\Flappybird\Library\PackageCache\com.unity.visualscripting@4edfcc09512f)
    com.unity.settings-manager@2.1.1 (location: C:\Users\golfa\Flappybird\Library\PackageCache\com.unity.settings-manager@0b8638c5ce86)
    com.unity.2d.common@15.0.0 (location: C:\Users\golfa\Flappybird\Library\PackageCache\com.unity.2d.common@b779c433ed47)
    com.unity.searcher@4.9.5 (location: C:\Users\golfa\Flappybird\Library\PackageCache\com.unity.searcher@a463122f2c00)
    com.unity.profiling.core@1.0.3 (location: C:\Users\golfa\Flappybird\Library\PackageCache\com.unity.profiling.core@8a49f7027d06)
    com.unity.nuget.mono-cecil@1.11.6 (location: C:\Users\golfa\Flappybird\Library\PackageCache\com.unity.nuget.mono-cecil@ecb9724e46ff)
  Built-in packages:
    com.unity.2d.sprite@1.0.0 (location: C:\Users\golfa\Flappybird\Library\PackageCache\com.unity.2d.sprite@947350d67f82)
    com.unity.2d.tilemap@1.0.0 (location: C:\Users\golfa\Flappybird\Library\PackageCache\com.unity.2d.tilemap@2c6966496615)
    com.unity.render-pipelines.universal@17.6.0 (location: C:\Users\golfa\Flappybird\Library\PackageCache\com.unity.render-pipelines.universal@1e1cf3dcbd40)
    com.unity.test-framework@1.8.0 (location: C:\Users\golfa\Flappybird\Library\PackageCache\com.unity.test-framework@7a3849e09bd0)
    com.unity.timeline@6.6.0 (location: C:\Users\golfa\Flappybird\Library\PackageCache\com.unity.timeline@c56d56b0070b)
    com.unity.ugui@2.6.0 (location: C:\Users\golfa\Flappybird\Library\PackageCache\com.unity.ugui@0f30cee369f3)
    com.unity.modules.accessibility@1.0.0 (location: C:\Users\golfa\Flappybird\Library\PackageCache\com.unity.modules.accessibility)
    com.unity.modules.adaptiveperformance@1.0.0 (location: C:\Users\golfa\Flappybird\Library\PackageCache\com.unity.modules.adaptiveperformance)
    com.unity.modules.ai@1.0.0 (location: C:\Users\golfa\Flappybird\Library\PackageCache\com.unity.modules.ai)
    com.unity.modules.androidjni@1.0.0 (location: C:\Users\golfa\Flappybird\Library\PackageCache\com.unity.modules.androidjni)
    com.unity.modules.animation@1.0.0 (location: C:\Users\golfa\Flappybird\Library\PackageCache\com.unity.modules.animation)
    com.unity.modules.assetbundle@1.0.0 (location: C:\Users\golfa\Flappybird\Library\PackageCache\com.unity.modules.assetbundle)
    com.unity.modules.audio@1.0.0 (location: C:\Users\golfa\Flappybird\Library\PackageCache\com.unity.modules.audio)
    com.unity.modules.cloth@1.0.0 (location: C:\Users\golfa\Flappybird\Library\PackageCache\com.unity.modules.cloth)
    com.unity.modules.director@1.0.0 (location: C:\Users\golfa\Flappybird\Library\PackageCache\com.unity.modules.director)
    com.unity.modules.imageconversion@1.0.0 (location: C:\Users\golfa\Flappybird\Library\PackageCache\com.unity.modules.imageconversion)
    com.unity.modules.imgui@1.0.0 (location: C:\Users\golfa\Flappybird\Library\PackageCache\com.unity.modules.imgui)
    com.unity.modules.jsonserialize@1.0.0 (location: C:\Users\golfa\Flappybird\Library\PackageCache\com.unity.modules.jsonserialize)
    com.unity.modules.particlesystem@1.0.0 (location: C:\Users\golfa\Flappybird\Library\PackageCache\com.unity.modules.particlesystem)
    com.unity.modules.physics@1.0.0 (location: C:\Users\golfa\Flappybird\Library\PackageCache\com.unity.modules.physics)
    com.unity.modules.physics2d@1.0.0 (location: C:\Users\golfa\Flappybird\Library\PackageCache\com.unity.modules.physics2d)
    com.unity.modules.physicscore2d@1.0.0 (location: C:\Users\golfa\Flappybird\Library\PackageCache\com.unity.modules.physicscore2d)
    com.unity.modules.screencapture@1.0.0 (location: C:\Users\golfa\Flappybird\Library\PackageCache\com.unity.modules.screencapture)
    com.unity.modules.terrain@1.0.0 (location: C:\Users\golfa\Flappybird\Library\PackageCache\com.unity.modules.terrain)
    com.unity.modules.terrainphysics@1.0.0 (location: C:\Users\golfa\Flappybird\Library\PackageCache\com.unity.modules.terrainphysics)
    com.unity.modules.tetgen@1.0.0 (location: C:\Users\golfa\Flappybird\Library\PackageCache\com.unity.modules.tetgen)
    com.unity.modules.tilemap@1.0.0 (location: C:\Users\golfa\Flappybird\Library\PackageCache\com.unity.modules.tilemap)
    com.unity.modules.timelinefoundation@1.0.0 (location: C:\Users\golfa\Flappybird\Library\PackageCache\com.unity.modules.timelinefoundation)
    com.unity.modules.ui@1.0.0 (location: C:\Users\golfa\Flappybird\Library\PackageCache\com.unity.modules.ui)
    com.unity.modules.uielements@1.0.0 (location: C:\Users\golfa\Flappybird\Library\PackageCache\com.unity.modules.uielements)
    com.unity.modules.umbra@1.0.0 (location: C:\Users\golfa\Flappybird\Library\PackageCache\com.unity.modules.umbra)
    com.unity.modules.unityanalytics@1.0.0 (location: C:\Users\golfa\Flappybird\Library\PackageCache\com.unity.modules.unityanalytics)
    com.unity.modules.unitywebrequest@1.0.0 (location: C:\Users\golfa\Flappybird\Library\PackageCache\com.unity.modules.unitywebrequest)
    com.unity.modules.unitywebrequestassetbundle@1.0.0 (location: C:\Users\golfa\Flappybird\Library\PackageCache\com.unity.modules.unitywebrequestassetbundle)
    com.unity.modules.unitywebrequestaudio@1.0.0 (location: C:\Users\golfa\Flappybird\Library\PackageCache\com.unity.modules.unitywebrequestaudio)
    com.unity.modules.unitywebrequesttexture@1.0.0 (location: C:\Users\golfa\Flappybird\Library\PackageCache\com.unity.modules.unitywebrequesttexture)
    com.unity.modules.unitywebrequestwww@1.0.0 (location: C:\Users\golfa\Flappybird\Library\PackageCache\com.unity.modules.unitywebrequestwww)
    com.unity.modules.vectorgraphics@1.0.0 (location: C:\Users\golfa\Flappybird\Library\PackageCache\com.unity.modules.vectorgraphics)
    com.unity.modules.vehicles@1.0.0 (location: C:\Users\golfa\Flappybird\Library\PackageCache\com.unity.modules.vehicles)
    com.unity.modules.video@1.0.0 (location: C:\Users\golfa\Flappybird\Library\PackageCache\com.unity.modules.video)
    com.unity.modules.wind@1.0.0 (location: C:\Users\golfa\Flappybird\Library\PackageCache\com.unity.modules.wind)
    com.unity.modules.xr@1.0.0 (location: C:\Users\golfa\Flappybird\Library\PackageCache\com.unity.modules.xr)
    com.unity.modules.subsystems@1.0.0 (location: C:\Users\golfa\Flappybird\Library\PackageCache\com.unity.modules.subsystems)
    com.unity.modules.hierarchycore@1.0.0 (location: C:\Users\golfa\Flappybird\Library\PackageCache\com.unity.modules.hierarchycore)
    com.unity.ext.nunit@2.1.0 (location: C:\Users\golfa\Flappybird\Library\PackageCache\com.unity.ext.nunit@0198eae3b53e)
    com.unity.render-pipelines.core@17.6.0 (location: C:\Users\golfa\Flappybird\Library\PackageCache\com.unity.render-pipelines.core@a14850be21a6)
    com.unity.shadergraph@17.6.0 (location: C:\Users\golfa\Flappybird\Library\PackageCache\com.unity.shadergraph@96a7923f6bed)
    com.unity.render-pipelines.universal-config@17.6.0 (location: C:\Users\golfa\Flappybird\Library\PackageCache\com.unity.render-pipelines.universal-config@561422b74439)
    com.unity.editorcoroutines@6.6.0 (location: C:\Users\golfa\Flappybird\Library\PackageCache\com.unity.editorcoroutines@8cd72baa102a)
    com.unity.mathematics@1.4.0 (location: C:\Users\golfa\Flappybird\Library\PackageCache\com.unity.mathematics@8306a64d0cd6)
    com.unity.collections@6.6.0 (location: C:\Users\golfa\Flappybird\Library\PackageCache\com.unity.collections@10fff0607388)
    com.unity.graph-authoring@1.0.0 (location: C:\Users\golfa\Flappybird\Library\PackageCache\com.unity.graph-authoring@cfd2588851ee)
    com.unity.burst@2.0.0 (location: C:\Users\golfa\Flappybird\Library\PackageCache\com.unity.burst@626e66ab421b)
    com.unity.test-framework.performance@6.6.0 (location: C:\Users\golfa\Flappybird\Library\PackageCache\com.unity.test-framework.performance@0a60b857a52e)
[Subsystems] No new subsystems found in resolved package list.
[Package Manager] Done registering packages in 0.04 seconds
Starting: C:\Program Files\Unity\Hub\Editor\6000.6.2f1\Editor\Data\Tools\BuildPipeline\bee_backend.exe --ipc --defer-dag-verification --dagfile="Library/Bee/1900b0aE.dag" --continue-on-failure --profile="Library/Bee/backend1.traceevents" ScriptAssemblies
WorkingDir: C:/Users/golfa/Flappybird
warn: Unity.ILPP.Runner.PostProcessingAssemblyLoadContext[0]
      Assembly system.runtime.interopservices.windowsruntime has duplicate hint path. Ignoring "C:\Program Files\Unity\Hub\Editor\6000.6.2f1\Editor\Data\UnityReferenceAssemblies\unity-4.8-api\Facades\System.Runtime.InteropServices.WindowsRuntime.dll" in favor of "C:\Program Files\Unity\Hub\Editor\6000.6.2f1\Editor\Data\NetStandard\Extensions\2.0.0\System.Runtime.InteropServices.WindowsRuntime.dll"
warn: Unity.ILPP.Runner.PostProcessingAssemblyLoadContext[0]
      Assembly system.componentmodel.composition has duplicate hint path. Ignoring "C:\Program Files\Unity\Hub\Editor\6000.6.2f1\Editor\Data\UnityReferenceAssemblies\unity-4.8-api\System.ComponentModel.Composition.dll" in favor of "C:\Program Files\Unity\Hub\Editor\6000.6.2f1\Editor\Data\NetStandard\compat\2.1.0\shims\netfx\System.ComponentModel.Composition.dll"
ExitCode: 0 Duration: 2s127ms
[ 969/1265  0s] Csc Library/Bee/artifacts/1900b0aE.dag/Assembly-CSharp.dll (+2 others)
Assets\Script\PipeSpawner.cs(54,13): warning CS0618: 'FindObjectsSortMode' is obsolete: 'FindObjectsSortMode has been deprecated. Use the FindObjectsByType overloads that do not take a FindObjectsSortMode parameter.'

Assets\Script\PipeSpawner.cs(53,32): warning CS0618: 'Object.FindObjectsByType<T>(FindObjectsSortMode)' is obsolete: 'FindObjectsByType with FindObjectsSortMode parameter has been deprecated. Use FindObjectsByType<T>() or FindObjectsByType<T>(FindObjectsInactive) instead. InstanceID will be replaced in the future with EntityId and previous sort order cannot be maintained.'
[ 970/1265  1s] ILPP-Configuration Library/ilpp-configuration.nevergeneratedoutput
*** Tundra build success (2.05 seconds), 2 items updated, 1265 evaluated
Assets\Script\PipeSpawner.cs(54,13): warning CS0618: 'FindObjectsSortMode' is obsolete: 'FindObjectsSortMode has been deprecated. Use the FindObjectsByType overloads that do not take a FindObjectsSortMode parameter.'
Assets\Script\PipeSpawner.cs(53,32): warning CS0618: 'Object.FindObjectsByType<T>(FindObjectsSortMode)' is obsolete: 'FindObjectsByType with FindObjectsSortMode parameter has been deprecated. Use FindObjectsByType<T>() or FindObjectsByType<T>(FindObjectsInactive) instead. InstanceID will be replaced in the future with EntityId and previous sort order cannot be maintained.'
AssetDatabase: script compilation time: 4.939015s
Total cache size 160401120
Total cache size after purge 160401120, took 00:00:00.4620090
Begin MonoManager ReloadAssembly
'Packages/com.unity.render-pipelines.core/Editor/Deprecated.cs' contains partial class of Unity.Object, exactly 1 of the partial classes needs to be in a file with the same filename. This is to know the one that can be referenced from ie. GameObjects
'Packages/com.unity.render-pipelines.core/Editor/Deprecated.cs' contains partial class of Unity.Object, exactly 1 of the partial classes needs to be in a file with the same filename. This is to know the one that can be referenced from ie. GameObjects
Refreshing native plugins compatible for Editor in 13.31 ms, found 5 plugins.
Native extension for WindowsStandalone target not found
ScheduleIndexationOnStartup MainProcess:True IndexOnStartup:True
Scripting: successfully reloaded assembly
- Finished resetting the current domain, in  2.248 seconds
Domain Reload Profiling: 5396ms
	BeginReloadAssembly (877ms)
		DisableScriptedObjects (132ms)
		CreateAndSetChildDomain (142ms)
	RebuildCommonClasses (20ms)
	RebuildNativeTypeToScriptingClass (48ms)
	initialDomainReloadingComplete (257ms)
	LoadAllAssembliesAndSetupDomain (1943ms)
		LoadAssemblies (1090ms)
		TypeCache.Refresh (633ms)
			TypeCache.ScanAssembly (589ms)
		AnalyzeDomain (204ms)
			BuildScriptInfoCaches (175ms)
			ResolveRequiredComponents (20ms)
	FinalizeReload (2250ms)
		SetupLoadedEditorAssemblies (0ms)
			LogAssemblyErrors (5ms)
			InitializePlatformSupportModulesInManaged (4ms)
			BeforeProcessingInitializeOnLoad (240ms)
			ProcessInitializeOnLoadAttributes (750ms)
			ProcessInitializeOnLoadMethodAttributes (578ms)
			AfterProcessingInitializeOnLoad (14ms)
			EditorAssembliesLoaded (4ms)
		AwakeInstancesAfterBackupRestoration (59ms)
Starting new worker id: 0 with log in C:/Users/golfa/Flappybird/Logs/AssetImportWorkerHW0.log

Asset Pipeline Refresh (id=8a742239e068c0342848c74824bda6a9): Total: 12.547 seconds - Initiated by InitialRefreshV2(ForceSynchronousImport)
	(Values over 0.05ms)
	Summary:
		Imports: total=0 (actual=0, local cache=0, cache server=0)
		Asset DB Process Time: managed=0 ms, native=3915 ms
		Asset DB Callback time: managed=91 ms, native=50 ms
		Scripting: domain reloads=1, domain reload time=3440 ms, compile time=4944 ms, other=104 ms
		Project Asset Count: scripts=1700, non-scripts=3426
		Asset File Changes: new=0, changed=0, moved=0, deleted=0
		Scan Filter Count: 0
	InvokePackagesCallback: 54.040ms
	ApplyChangesToAssetFolders: 1.109ms
	Scan: 381.843ms
	Collect global state as custom dependencies: 45.527ms
	CategorizeScriptCompilationAssets: 141.185ms
	ProcessAssetsWithTransientArtifactChanges: 218.127ms
	CategorizeAssets: 415.161ms
	CompileScripts: 4944.110ms
	ImportOutOfDateAssets: 2307.253ms (2281.236ms without children)
		ReloadNativeAssets: 0.261ms
		UnloadImportedAssets: 2.309ms
		EnsureUptoDateAssetsAreRegisteredWithGuidPM: 2.761ms
		ImportSchedulerStart: 20.671ms
	PostProcessAllAssets: 91.759ms
		MonoPostProcessAllAssets: 91.569ms
			UniversalRenderPipelineGlobalSettingsPostprocessor.OnPostprocessAllAssets 35.815ms
			SyncVS.PostprocessSyncProject 11.333ms
			WindowAssetPostprocessingWatcher.OnPostprocessAllAssets 5.603ms
			SpeedTree9Postprocessor.OnPostprocessAllAssets 3.605ms
			RenderPipelineGlobalSettingsPostprocessor.OnPostprocessAllAssets 1.968ms
			EditModeScopePostprocessor.OnPostprocessAllAssets 1.613ms
			ShaderReflectionAssetPostProcessor.OnPostprocessAllAssets 0.982ms
			ReferencedClipsPostProcessor.OnPostprocessAllAssets 0.610ms
			InputActionAssetPostprocessor.OnPostprocessAllAssets 0.543ms
			ProjectSettingsPostprocessor.OnPostprocessAllAssets 0.479ms
			AssetDatabaseCallbacks.OnPostprocessAllAssets 0.479ms
			TerrainToolbarOverlayPostProcessor.OnPostprocessAllAssets 0.417ms
	GatherAllCurrentPrimaryImportResultRevisions: 0.146ms
	UnloadStreamsBegin: 2.699ms
	PersistCurrentRevisions: 0.264ms
	GenerateScriptTypeHashes: 4.275ms
	GenerateScriptTypeSerializationHashes: 6.811ms
	Untracked: 3933.694ms

Application.AssetDatabase Initial Refresh End
Launched and connected shader compiler UnityShaderCompiler.exe after 0.03 seconds
Scanning for USB devices : 34.895ms
Initializing Unity extensions:
[MODES] ModeService[none].Initialize
[MODES] ModeService[none].LoadModes
[MODES] Loading mode Default (0) for mode-current-id-Flappybird
GetVirtualKey: Could not map char: z (122) to any virtual key
GetVirtualKey: Could not map char: y (121) to any virtual key
GetVirtualKey: Could not map char: [ (91) to any virtual key
GetVirtualKey: Could not map char: ] (93) to any virtual key
GetVirtualKey: Could not map char: x (120) to any virtual key
GetVirtualKey: Could not map char: c (99) to any virtual key
GetVirtualKey: Could not map char: v (118) to any virtual key
GetVirtualKey: Could not map char: V (86) to any virtual key
GetVirtualKey: Could not map char: d (100) to any virtual key
GetVirtualKey: Could not map char: f (102) to any virtual key
GetVirtualKey: Could not map char: f (102) to any virtual key
GetVirtualKey: Could not map char: a (97) to any virtual key
GetVirtualKey: Could not map char: d (100) to any virtual key
GetVirtualKey: Could not map char: c (99) to any virtual key
GetVirtualKey: Could not map char: r (114) to any virtual key
GetVirtualKey: Could not map char: i (105) to any virtual key
GetVirtualKey: Could not map char: l (108) to any virtual key
GetVirtualKey: Could not map char: f (102) to any virtual key
GetVirtualKey: Could not map char: k (107) to any virtual key
GetVirtualKey: Could not map char: p (112) to any virtual key
GetVirtualKey: Could not map char: p (112) to any virtual key
GetVirtualKey: Could not map char: p (112) to any virtual key
GetVirtualKey: Could not map char: c (99) to any virtual key
GetVirtualKey: Could not map char: r (114) to any virtual key
GetVirtualKey: Could not map char: P (80) to any virtual key
GetVirtualKey: Could not map char: n (110) to any virtual key
GetVirtualKey: Could not map char: n (110) to any virtual key
GetVirtualKey: Could not map char: g (103) to any virtual key
GetVirtualKey: Could not map char: = (61) to any virtual key
GetVirtualKey: Could not map char: f (102) to any virtual key
GetVirtualKey: Could not map char: f (102) to any virtual key
GetVirtualKey: Could not map char: a (97) to any virtual key
GetVirtualKey: Could not map char: a (97) to any virtual key
GetVirtualKey: Could not map char: n (110) to any virtual key
GetVirtualKey: Could not map char: o (111) to any virtual key
GetVirtualKey: Could not map char: s (115) to any virtual key
GetVirtualKey: Could not map char: s (115) to any virtual key
GetVirtualKey: Could not map char: b (98) to any virtual key
GetVirtualKey: Could not map char: b (98) to any virtual key
GetVirtualKey: Could not map char: c (99) to any virtual key
GetVirtualKey: Could not map char: u (117) to any virtual key
Unloading 32 Unused Serialized files (Serialized files now loaded: 0)
Loaded scene 'Assets/Scenes/SampleScene.unity'
	Deserialize:            69.676 ms
	Integration:            199.302 ms
	Integration of assets:  25.089 ms
	Thread Wait Time:       -0.032 ms
	Total Operation Time:   294.035 ms
Unloading 7535 unused Assets / (7.1 MB). Loaded Objects now: 8700.
Memory consumption went from 454.7 MB to 447.6 MB.
Total: 28.973600 ms (FindLiveObjects: 1.710800 ms CreateObjectMapping: 1.834500 ms MarkObjects: 16.661200 ms  DeleteObjects: 8.215000 ms)

[LAYOUT] About to load UserSettings\Layouts\default-6000.dwlt, keepMainWindow=False
[LAYOUT] About to save layout C:\Users\golfa\Flappybird\UserSettings\Layouts\default-6000.dwlt
[LAYOUT] About to save layout C:/Users/golfa/AppData/Roaming/Unity/Editor-5.x/Preferences\Layouts\current\default-6000.dwlt
[MODES] ModeService[default].InitializeCurrentMode
[MODES] ModeService[default].RaiseModeChanged(default, default)
<RI> Initializing input.
Using Windows.Gaming.Input
[Project] Loading completed in 25.964 seconds
	Project init time: 				21.134 seconds
		Template init time: 		0.000 seconds
		Package Manager init time: 		0.725 seconds
		Asset Database init time: 		1.466 seconds
		Global illumination init time: 	0.013 seconds
		Assemblies load time: 			2.729 seconds
		Unity extensions init time: 	0.099 seconds
		Asset Database refresh time: 	12.548 seconds
	Scene opening time: 			4.348 seconds
##utp:{"type":"ProjectInfo","version":2,"phase":"Immediate","time":1790708791140,"processId":36712,"projectLoad":25.9638047,"projectInit":21.1339679,"templateInit":0.0,"packageManagerInit":0.7248796,"assetDatabaseInit":1.4659428,"globalIlluminationInit":0.0128649,"assembliesLoad":2.7293833,"unityExtensionsInit":0.098762,"assetDatabaseRefresh":12.5484913,"sceneOpening":4.3484578}
##utp:{"type":"EditorInfo","version":2,"phase":"Immediate","time":1790708791140,"processId":36712,"editorVersion":"6000.6.2f1 (770e33f6875c)","branch":"6000.6/staging","buildType":"Release","platform":"Windows"}
Reloading assemblies due to reload request.
Reloading assemblies after forced synchronous recompile.
Begin MonoManager ReloadAssembly
Worker ready: AssetImportWorkerHW0 0
'Packages/com.unity.render-pipelines.core/Editor/Deprecated.cs' contains partial class of Unity.Object, exactly 1 of the partial classes needs to be in a file with the same filename. This is to know the one that can be referenced from ie. GameObjects
'Packages/com.unity.render-pipelines.core/Editor/Deprecated.cs' contains partial class of Unity.Object, exactly 1 of the partial classes needs to be in a file with the same filename. This is to know the one that can be referenced from ie. GameObjects
Refreshing native plugins compatible for Editor in 6.27 ms, found 5 plugins.
Native extension for WindowsStandalone target not found
[MODES] ModeService[none].Initialize
[MODES] ModeService[none].LoadModes
GetVirtualKey: Could not map char: z (122) to any virtual key
GetVirtualKey: Could not map char: y (121) to any virtual key
GetVirtualKey: Could not map char: [ (91) to any virtual key
GetVirtualKey: Could not map char: ] (93) to any virtual key
GetVirtualKey: Could not map char: x (120) to any virtual key
GetVirtualKey: Could not map char: c (99) to any virtual key
GetVirtualKey: Could not map char: v (118) to any virtual key
GetVirtualKey: Could not map char: V (86) to any virtual key
GetVirtualKey: Could not map char: d (100) to any virtual key
GetVirtualKey: Could not map char: f (102) to any virtual key
GetVirtualKey: Could not map char: f (102) to any virtual key
GetVirtualKey: Could not map char: a (97) to any virtual key
GetVirtualKey: Could not map char: d (100) to any virtual key
GetVirtualKey: Could not map char: c (99) to any virtual key
GetVirtualKey: Could not map char: r (114) to any virtual key
GetVirtualKey: Could not map char: i (105) to any virtual key
GetVirtualKey: Could not map char: l (108) to any virtual key
GetVirtualKey: Could not map char: f (102) to any virtual key
GetVirtualKey: Could not map char: k (107) to any virtual key
GetVirtualKey: Could not map char: p (112) to any virtual key
GetVirtualKey: Could not map char: p (112) to any virtual key
GetVirtualKey: Could not map char: p (112) to any virtual key
GetVirtualKey: Could not map char: c (99) to any virtual key
GetVirtualKey: Could not map char: r (114) to any virtual key
GetVirtualKey: Could not map char: P (80) to any virtual key
GetVirtualKey: Could not map char: n (110) to any virtual key
GetVirtualKey: Could not map char: n (110) to any virtual key
GetVirtualKey: Could not map char: g (103) to any virtual key
GetVirtualKey: Could not map char: = (61) to any virtual key
GetVirtualKey: Could not map char: f (102) to any virtual key
GetVirtualKey: Could not map char: f (102) to any virtual key
GetVirtualKey: Could not map char: a (97) to any virtual key
GetVirtualKey: Could not map char: a (97) to any virtual key
GetVirtualKey: Could not map char: n (110) to any virtual key
GetVirtualKey: Could not map char: o (111) to any virtual key
GetVirtualKey: Could not map char: s (115) to any virtual key
GetVirtualKey: Could not map char: s (115) to any virtual key
GetVirtualKey: Could not map char: b (98) to any virtual key
GetVirtualKey: Could not map char: b (98) to any virtual key
GetVirtualKey: Could not map char: c (99) to any virtual key
GetVirtualKey: Could not map char: u (117) to any virtual key
ScheduleIndexationOnStartup MainProcess:True IndexOnStartup:True
Scripting: successfully reloaded assembly
- Finished resetting the current domain, in  3.888 seconds
Domain Reload Profiling: 5601ms
	BeginReloadAssembly (975ms)
		DisableScriptedObjects (221ms)
		CreateAndSetChildDomain (394ms)
	RebuildCommonClasses (16ms)
	RebuildNativeTypeToScriptingClass (27ms)
	initialDomainReloadingComplete (221ms)
	LoadAllAssembliesAndSetupDomain (470ms)
		LoadAssemblies (337ms)
		TypeCache.Refresh (13ms)
		AnalyzeDomain (52ms)
			ResolveRequiredComponents (46ms)
	FinalizeReload (3890ms)
		SetupLoadedEditorAssemblies (0ms)
			LogAssemblyErrors (4ms)
			InitializePlatformSupportModulesInManaged (3ms)
			BeforeProcessingInitializeOnLoad (414ms)
			ProcessInitializeOnLoadAttributes (902ms)
			ProcessInitializeOnLoadMethodAttributes (196ms)
			AfterProcessingInitializeOnLoad (9ms)
			EditorAssembliesLoaded (5ms)
		AwakeInstancesAfterBackupRestoration (1528ms)
No restricted APIs configured; Validation skipped.
Checking 18 assemblies for restricted APIs found 0 usage(s) in 7 ms
Refreshing native plugins compatible for Editor in 3.10 ms, found 5 plugins.

Asset Pipeline Refresh (id=9503c0c8c50fb5d41929975e9ef5c268): Total: 10.408 seconds - Initiated by StopAssetImportingV2(ForceSynchronousImport | ForceDomainReload)
	(Values over 0.05ms)
	Summary:
		Imports: total=0 (actual=0, local cache=0, cache server=0)
		Asset DB Process Time: managed=0 ms, native=4612 ms
		Asset DB Callback time: managed=1975 ms, native=1905 ms
		Scripting: domain reloads=1, domain reload time=1910 ms, compile time=4 ms, other=0 ms
		Project Asset Count: scripts=1700, non-scripts=3426
		Asset File Changes: new=0, changed=0, moved=0, deleted=0
		Scan Filter Count: 0
	InvokePackagesCallback: 5.098ms
	ApplyChangesToAssetFolders: 0.483ms
	Collect global state as custom dependencies: 9.386ms
	ProcessAssetsWithTransientArtifactChanges: 401.919ms
	CategorizeAssets: 189.738ms
	CompileScripts: 4.287ms
	ImportOutOfDateAssets: 3915.441ms (3908.485ms without children)
		CollectScriptTypesHashes: 5.958ms
		ReloadNativeAssets: 1.814ms
		UnloadImportedAssets: 2.243ms
		EnsureUptoDateAssetsAreRegisteredWithGuidPM: 1.618ms
		ImportSchedulerStart: 0.938ms
	PostProcessAllAssets: 3864.978ms
		AssemblyValidation.PostprocessAllAssets 60.718ms
		PostProcessCallbackCreateDeferredMaterials 48.716ms
		ShaderAssetModifiedCallback 42.416ms
		SpriteAtlasDatabase.OnAssetPostprocessCallback 30.467ms
		RaytracingShaderImportPostprocess 19.991ms
		ComputeShaderImportPostprocess 19.262ms
		SpeedTreeImporter.PostprocessAllAssets 18.540ms
		BlockShaderImporter.PostprocessAllAssets 5.989ms
		LocalizationDatabase.AssetDatabasePostprocessCallback 5.914ms
		XRBuildSystem.XRAssetImported 0.924ms
		VCAutoAddAssetPostprocess 0.295ms
		MonoPostProcessAllAssets: 1969.772ms
			ShaderGraphAssetPostProcessor.OnPostprocessAllAssets 646.390ms
			SyncVS.PostprocessSyncProject 560.282ms
			AssetPostprocessor.OnPostprocessAllAssets 148.531ms
			PostProcessor.OnPostprocessAllAssets 85.724ms
			AssetChangedListener.OnPostprocessAllAssets 69.707ms
			MaterialPostprocessor.OnPostprocessAllAssets 53.504ms
			InputActionJsonNameModifierAssetProcessor.OnPostprocessAllAssets 52.876ms
			InputActionAssetPostprocessor.OnPostprocessAllAssets 52.397ms
			TextAssetPostProcessor.OnPostprocessAllAssets 49.140ms
			SpriteSlicePostprocessor.OnPostprocessAllAssets 40.814ms
			UniversalRenderPipelineGlobalSettingsPostprocessor.OnPostprocessAllAssets 35.862ms
			RenderPipelineGlobalSettingsPostprocessor.OnPostprocessAllAssets 11.369ms
			SpeedTree9Postprocessor.OnPostprocessAllAssets 10.710ms
			BuilderAssetPostprocessor.OnPostprocessAllAssets 10.542ms
			WindowAssetPostprocessingWatcher.OnPostprocessAllAssets 3.749ms
			RetainedModeAssetPostprocessor.OnPostprocessAllAssets 3.637ms
			ProjectSettingsPostprocessor.OnPostprocessAllAssets 1.977ms
			EditModeScopePostprocessor.OnPostprocessAllAssets 1.869ms
			SpriteEditorTexturePostprocessor.OnPostprocessAllAssets 1.616ms
			AssetProcessor.OnPostprocessAllAssets 1.390ms
			SpriteShapeAssetPostProcessor.OnPostprocessAllAssets 1.200ms
			StyleCatalogPostProcessor.OnPostprocessAllAssets 1.190ms
			ArtifactBrowserPostProcessor.OnPostprocessAllAssets 0.920ms
			ShaderReflectionAssetPostProcessor.OnPostprocessAllAssets 0.875ms
			UVCSAssetPostprocessor.OnPostprocessAllAssets 0.874ms
			SamplePostprocessor.OnPostprocessAllAssets 0.827ms
			SpeedTreePostProcessor.OnPostprocessAllAssets 0.739ms
			AudioMixerPostprocessor.OnPostprocessAllAssets 0.705ms
			ThemePostprocessor.OnPostprocessAllAssets 0.673ms
			ReferencedClipsPostProcessor.OnPostprocessAllAssets 0.546ms
			SpriteLibraryAssetPostprocessor.OnPostprocessAllAssets 0.544ms
			AssetEvents.OnPostprocessAllAssets 0.511ms
			TMPro_TexturePostProcessor.OnPostprocessAllAssets 0.491ms
			TerrainToolbarOverlayPostProcessor.OnPostprocessAllAssets 0.371ms
			PSDImportPostProcessor.OnPostprocessAllAssets 0.346ms
			AssetDatabaseCallbacks.OnPostprocessAllAssets 0.275ms
			PSDImporterAssetPostProcessor.OnPostprocessAllAssets 0.223ms
			ConfigAssetsTracker.OnPostprocessAllAssets 0.209ms
			AssetReloadNotifier.OnPostprocessAllAssets 0.202ms
			ScenarioDriftAssetsTracker.OnPostprocessAllAssets 0.197ms
			AudioContainerPostProcessor.OnPostprocessAllAssets 0.196ms
	PostAssetChangesProfiler: 15.283ms
	GatherAllCurrentPrimaryImportResultRevisions: 0.594ms
	UnloadStreamsBegin: 3.028ms
	PersistCurrentRevisions: 0.259ms
	GenerateScriptTypeHashes: 10.521ms
	GenerateScriptTypeSerializationHashes: 14.257ms
	Untracked: 1981.113ms

Created GICache directory at C:/Users/golfa/AppData/LocalLow/Unity/Caches/GiCache. Took: 0.039s, timestamps: [28.388 - 28.427]
[Licensing::Client] Successfully resolved entitlement details
[Licensing::Client] Successfully resolved entitlement details
[Licensing::Client] Successfully updated the access token
[Licensing::Module] Successfully updated access token: "xwZuRBBt"... (expires: 2026-09-29T20:52:17Z)
[Licensing::Client] Successfully resolved entitlement details
Asset Pipeline Refresh (id=8a2ce6f4e174e8f41b4b77cb6f4ef3a4): Total: 0.011 seconds - Initiated by RefreshV2(AllowForceSynchronousImport)
Start Indexing on Editor startup
[Indexing] Starting Initial Indexing for Assets
[Licensing::Client] Successfully resolved entitlement details
Starting new worker id: 1 with log in C:/Users/golfa/Flappybird/Logs/AssetImportWorkerHW1.log
[Licensing::Client] Successfully resolved entitlement details
[Worker0] Imported GUID: 8c9cfa26abfee488c85f1582747f6a02 - Path: Assets/Scenes/SampleScene.unity - Importer: ScriptedImporter/UnityEditor.QuickSearchModule:UnityEditor.Search:ASIAI0B -> (ImportResultId: '36b5748bf80d4ed3cd1f965ef6da70ae') in 0.4417772 seconds
[Worker0] Imported GUID: 1826d09a4b778a6469c3a046c8c0f060 - Path: Assets/Script/PauseManager.cs - Importer: ScriptedImporter/UnityEditor.QuickSearchModule:UnityEditor.Search:ASIAI0B -> (ImportResultId: 'aa7c0507a7e33ac0908d6f82fbd781d5') in 0.1025063 seconds
SpriteAtlasPacking completed in 0.024361 sec
Entering Playmode with Reload Domain disabled.
If you experience any issues, please disable "Enter Play Mode Options" in Editor Settings
Loaded scene 'Temp/__Backupscenes/0.backup'
	Deserialize:            15.378 ms
	Integration:            940.205 ms
	Integration of assets:  0.122 ms
	Thread Wait Time:       -0.008 ms
	Total Operation Time:   955.697 ms
Worker ready: AssetImportWorkerHW1 1
TrimDiskCacheJob: Current cache size 0mb
Asset Pipeline Refresh (id=0c1f2043dbb297a439d2d6b937e88846): Total: 0.017 seconds - Initiated by RefreshV2(NoUpdateAssetOptions)
Asset Pipeline Refresh (id=b29be25eb3c42a142855649c0d87b89e): Total: 0.003 seconds - Initiated by RefreshV2(NoUpdateAssetOptions)
Asset Pipeline Refresh (id=cfd3e53c7e4d88c49ab252920c190931): Total: 0.006 seconds - Initiated by RefreshV2(NoUpdateAssetOptions)
Asset Pipeline Refresh (id=cf0c5b97771dca0409f2e78614079cb7): Total: 0.005 seconds - Initiated by RefreshV2(NoUpdateAssetOptions)
Unloading 5 Unused Serialized files (Serialized files now loaded: 0)
Loaded scene 'Temp/__Backupscenes/0.backup'
	Deserialize:            11.082 ms
	Integration:            70.399 ms
	Integration of assets:  0.021 ms
	Thread Wait Time:       0.001 ms
	Total Operation Time:   81.503 ms
Unloading 6844 unused Assets / (17.9 MB). Loaded Objects now: 9774.
Memory consumption went from 0.66 GB to 0.64 GB.
Total: 74.983300 ms (FindLiveObjects: 3.439100 ms CreateObjectMapping: 2.079000 ms MarkObjects: 57.007700 ms  DeleteObjects: 11.930800 ms)

[Licensing::Client] Successfully resolved entitlement details
SpriteAtlasPacking completed in 0.015940 sec
Entering Playmode with Reload Domain disabled.
If you experience any issues, please disable "Enter Play Mode Options" in Editor Settings
Loaded scene 'Temp/__Backupscenes/0.backup'
	Deserialize:            5.009 ms
	Integration:            54.013 ms
	Integration of assets:  0.122 ms
	Thread Wait Time:       0.014 ms
	Total Operation Time:   59.158 ms
Unloading 7 Unused Serialized files (Serialized files now loaded: 0)
UnloadTime: 1.794300 ms
Loaded scene 'Temp/__Backupscenes/0.backup'
	Deserialize:            5.180 ms
	Integration:            46.176 ms
	Integration of assets:  0.002 ms
	Thread Wait Time:       8.476 ms
	Total Operation Time:   59.834 ms
Unloading 2 unused Assets / (97.7 KB). Loaded Objects now: 9876.
Memory consumption went from 0.64 GB to 0.64 GB.
Total: 47.969100 ms (FindLiveObjects: 2.528000 ms CreateObjectMapping: 1.012000 ms MarkObjects: 43.916200 ms  DeleteObjects: 0.079300 ms)

Asset Pipeline Refresh (id=079102d930b7b22419fd024c1c2366ff): Total: 0.015 seconds - Initiated by RefreshV2(NoUpdateAssetOptions)
GetVirtualKey: Could not map char: z (122) to any virtual key
GetVirtualKey: Could not map char: y (121) to any virtual key
GetVirtualKey: Could not map char: [ (91) to any virtual key
GetVirtualKey: Could not map char: ] (93) to any virtual key
GetVirtualKey: Could not map char: x (120) to any virtual key
GetVirtualKey: Could not map char: c (99) to any virtual key
GetVirtualKey: Could not map char: v (118) to any virtual key
GetVirtualKey: Could not map char: V (86) to any virtual key
GetVirtualKey: Could not map char: d (100) to any virtual key
GetVirtualKey: Could not map char: f (102) to any virtual key
GetVirtualKey: Could not map char: f (102) to any virtual key
GetVirtualKey: Could not map char: a (97) to any virtual key
GetVirtualKey: Could not map char: d (100) to any virtual key
GetVirtualKey: Could not map char: c (99) to any virtual key
GetVirtualKey: Could not map char: r (114) to any virtual key
GetVirtualKey: Could not map char: i (105) to any virtual key
GetVirtualKey: Could not map char: l (108) to any virtual key
GetVirtualKey: Could not map char: f (102) to any virtual key
GetVirtualKey: Could not map char: k (107) to any virtual key
GetVirtualKey: Could not map char: p (112) to any virtual key
GetVirtualKey: Could not map char: p (112) to any virtual key
GetVirtualKey: Could not map char: p (112) to any virtual key
GetVirtualKey: Could not map char: c (99) to any virtual key
GetVirtualKey: Could not map char: r (114) to any virtual key
GetVirtualKey: Could not map char: P (80) to any virtual key
GetVirtualKey: Could not map char: n (110) to any virtual key
GetVirtualKey: Could not map char: n (110) to any virtual key
GetVirtualKey: Could not map char: g (103) to any virtual key
GetVirtualKey: Could not map char: = (61) to any virtual key
GetVirtualKey: Could not map char: f (102) to any virtual key
GetVirtualKey: Could not map char: f (102) to any virtual key
GetVirtualKey: Could not map char: a (97) to any virtual key
GetVirtualKey: Could not map char: a (97) to any virtual key
GetVirtualKey: Could not map char: c (99) to any virtual key
GetVirtualKey: Could not map char: u (117) to any virtual key
GetVirtualKey: Could not map char: n (110) to any virtual key
GetVirtualKey: Could not map char: o (111) to any virtual key
GetVirtualKey: Could not map char: s (115) to any virtual key
GetVirtualKey: Could not map char: s (115) to any virtual key
GetVirtualKey: Could not map char: b (98) to any virtual key
GetVirtualKey: Could not map char: b (98) to any virtual key
GetVirtualKey: Could not map char: x (120) to any virtual key
GetVirtualKey: Could not map char: c (99) to any virtual key
GetVirtualKey: Could not map char: v (118) to any virtual key
GetVirtualKey: Could not map char: V (86) to any virtual key
GetVirtualKey: Could not map char: d (100) to any virtual key
GetVirtualKey: Could not map char: a (97) to any virtual key
GetVirtualKey: Could not map char: d (100) to any virtual key
GetVirtualKey: Could not map char: i (105) to any virtual key
GetVirtualKey: Could not map char: c (99) to any virtual key
GetVirtualKey: Could not map char: n (110) to any virtual key
GetVirtualKey: Could not map char: n (110) to any virtual key
GetVirtualKey: Could not map char: g (103) to any virtual key
GetVirtualKey: Could not map char: f (102) to any virtual key
GetVirtualKey: Could not map char: f (102) to any virtual key
GetVirtualKey: Could not map char: a (97) to any virtual key
Asset Pipeline Refresh (id=cdcd348faf3f5294ab089b6459b8bb1d): Total: 0.009 seconds - Initiated by RefreshV2(NoUpdateAssetOptions)
GetVirtualKey: Could not map char: x (120) to any virtual key
GetVirtualKey: Could not map char: c (99) to any virtual key
GetVirtualKey: Could not map char: v (118) to any virtual key
GetVirtualKey: Could not map char: V (86) to any virtual key
GetVirtualKey: Could not map char: d (100) to any virtual key
GetVirtualKey: Could not map char: a (97) to any virtual key
GetVirtualKey: Could not map char: d (100) to any virtual key
GetVirtualKey: Could not map char: i (105) to any virtual key
GetVirtualKey: Could not map char: c (99) to any virtual key
GetVirtualKey: Could not map char: n (110) to any virtual key
GetVirtualKey: Could not map char: n (110) to any virtual key
GetVirtualKey: Could not map char: g (103) to any virtual key
GetVirtualKey: Could not map char: f (102) to any virtual key
GetVirtualKey: Could not map char: f (102) to any virtual key
GetVirtualKey: Could not map char: a (97) to any virtual key
Asset Pipeline Refresh (id=29e8608641863264cbd3ab789e67adc4): Total: 0.006 seconds - Initiated by RefreshV2(NoUpdateAssetOptions)
Asset Pipeline Refresh (id=84441d6e0ea955847b64ea6140194411): Total: 0.006 seconds - Initiated by RefreshV2(NoUpdateAssetOptions)
Asset Pipeline Refresh (id=4854eff66e191664dbb8c7f1a8134031): Total: 0.005 seconds - Initiated by RefreshV2(NoUpdateAssetOptions)
Asset Pipeline Refresh (id=a83a286b3da2ea948b60bd04e26ae78e): Total: 0.005 seconds - Initiated by RefreshV2(NoUpdateAssetOptions)
Asset Pipeline Refresh (id=ff4cba563d18d8d41b901884c478e294): Total: 0.004 seconds - Initiated by RefreshV2(NoUpdateAssetOptions)
Asset Pipeline Refresh (id=4042394bf483f214e9e7573b201ab136): Total: 0.005 seconds - Initiated by RefreshV2(NoUpdateAssetOptions)
Asset Pipeline Refresh (id=5386a6086a67fb046a61ec21ee5ac1ab): Total: 0.005 seconds - Initiated by RefreshV2(NoUpdateAssetOptions)
[ScriptCompilation] Requested script compilation because: AssetDatabase observed changes in script compilation related files
AssetDatabase: script compilation time: 0.089846s
Refreshing native plugins compatible for Editor in 4.25 ms, found 5 plugins.

Asset Pipeline Refresh (id=f6f5415a7c764d346a6e1a83275179c5): Total: 1.157 seconds - Initiated by RefreshV2(NoUpdateAssetOptions)
	(Values over 0.05ms)
	Summary:
		Imports: total=0 (actual=0, local cache=0, cache server=0)
		Asset DB Process Time: managed=0 ms, native=566 ms
		Asset DB Callback time: managed=429 ms, native=70 ms
		Scripting: domain reloads=0, domain reload time=0 ms, compile time=90 ms, other=0 ms
		Project Asset Count: scripts=1700, non-scripts=3426
		Asset File Changes: new=0, changed=2, moved=0, deleted=0
		Scan Filter Count: 0
	ApplyChangesToAssetFolders: 0.310ms
	Scan: 129.757ms
	Collect global state as custom dependencies: 0.598ms
	OnSourceAssetsModified: 106.525ms
	CategorizeScriptCompilationAssets: 2.550ms
	ProcessAssetsWithTransientArtifactChanges: 15.271ms
	CategorizeAssets: 202.258ms
	CompileScripts: 90.171ms
	ImportOutOfDateAssets: 12.112ms (2.155ms without children)
		ReloadNativeAssets: 0.829ms
		UnloadImportedAssets: 0.290ms
		EnsureUptoDateAssetsAreRegisteredWithGuidPM: 1.775ms
		ImportSchedulerStart: 7.045ms
	PostProcessAllAssets: 368.839ms
		XRBuildSystem.XRAssetImported 26.669ms
		PostProcessCallbackCreateDeferredMaterials 3.187ms
		ShaderAssetModifiedCallback 2.240ms
		ObjectImages.AssetImported 0.562ms
		SpriteAtlasDatabase.OnAssetPostprocessCallback 0.460ms
		WindowTitlePostprocess 0.259ms
		AssemblyValidation.PostprocessAllAssets 0.202ms
		RaytracingShaderImportPostprocess 0.172ms
		VCAutoAddAssetPostprocess 0.107ms
		PostprocessAssetsUpdateCachedIcon 0.075ms
		MonoPostProcessAllAssets: 325.553ms
			AssetPostprocessor.OnPostprocessAllAssets 191.353ms
			ConfigAssetsTracker.OnPostprocessAllAssets 35.039ms
			SyncVS.PostprocessSyncProject 26.079ms
			AssetChangedListener.OnPostprocessAllAssets 12.564ms
			SpriteEditorTexturePostprocessor.OnPostprocessAllAssets 8.678ms
			TMPro_TexturePostProcessor.OnPostprocessAllAssets 3.165ms
			UniversalRenderPipelineGlobalSettingsPostprocessor.OnPostprocessAllAssets 2.335ms
			ShaderGraphAssetPostProcessor.OnPostprocessAllAssets 2.156ms
			SpriteShapeAssetPostProcessor.OnPostprocessAllAssets 2.114ms
			EditModeScopePostprocessor.OnPostprocessAllAssets 1.795ms
			AudioMixerPostprocessor.OnPostprocessAllAssets 1.445ms
			RetainedModeAssetPostprocessor.OnPostprocessAllAssets 1.155ms
			BuilderAssetPostprocessor.OnPostprocessAllAssets 1.084ms
			RenderPipelineGlobalSettingsPostprocessor.OnPostprocessAllAssets 1.054ms
			WindowAssetPostprocessingWatcher.OnPostprocessAllAssets 0.843ms
			AudioContainerPostProcessor.OnPostprocessAllAssets 0.830ms
			InputActionAssetPostprocessor.OnPostprocessAllAssets 0.806ms
			ShaderReflectionAssetPostProcessor.OnPostprocessAllAssets 0.724ms
			ArtifactBrowserPostProcessor.OnPostprocessAllAssets 0.663ms
			SamplePostprocessor.OnPostprocessAllAssets 0.651ms
			StyleCatalogPostProcessor.OnPostprocessAllAssets 0.624ms
			AssetDatabaseCallbacks.OnPostprocessAllAssets 0.538ms
			ReferencedClipsPostProcessor.OnPostprocessAllAssets 0.530ms
			SpriteSlicePostprocessor.OnPostprocessAllAssets 0.481ms
			SpeedTree9Postprocessor.OnPostprocessAllAssets 0.464ms
			ScenarioDriftAssetsTracker.OnPostprocessAllAssets 0.459ms
			PSDImporterAssetPostProcessor.OnPostprocessAllAssets 0.397ms
			ThemePostprocessor.OnPostprocessAllAssets 0.397ms
			TextAssetPostProcessor.OnPostprocessAllAssets 0.356ms
			UVCSAssetPostprocessor.OnPostprocessAllAssets 0.352ms
			SpriteLibraryAssetPostprocessor.OnPostprocessAllAssets 0.330ms
			TerrainToolbarOverlayPostProcessor.OnPostprocessAllAssets 0.314ms
			PostProcessor.OnPostprocessAllAssets 0.310ms
			SpeedTreePostProcessor.OnPostprocessAllAssets 0.304ms
			AssetReloadNotifier.OnPostprocessAllAssets 0.246ms
			PSDImportPostProcessor.OnPostprocessAllAssets 0.207ms
			MaterialPostprocessor.OnPostprocessAllAssets 0.145ms
			AssetEvents.OnPostprocessAllAssets 0.135ms
			InputActionJsonNameModifierAssetProcessor.OnPostprocessAllAssets 0.126ms
			AssetProcessor.OnPostprocessAllAssets 0.121ms
			ProjectSettingsPostprocessor.OnPostprocessAllAssets 0.094ms
	PostAssetChangesProfiler: 24.880ms
	GatherAllCurrentPrimaryImportResultRevisions: 1.492ms
	PersistCurrentRevisions: 0.363ms
	Untracked: 201.746ms

[Licensing::Client] Successfully resolved entitlement details
Starting: C:\Program Files\Unity\Hub\Editor\6000.6.2f1\Editor\Data\Tools\BuildPipeline\bee_backend.exe --ipc --defer-dag-verification --dagfile="Library/Bee/1900b0aE.dag" --continue-on-failure --profile="Library/Bee/backend1.traceevents" ScriptAssemblies
WorkingDir: C:/Users/golfa/Flappybird
Unloading 0 Unused Serialized files (Serialized files now loaded: 0)
Loaded scene 'Temp/__Backupscenes/0.backup'
	Deserialize:            34.857 ms
	Integration:            76.819 ms
	Integration of assets:  0.221 ms
	Thread Wait Time:       -0.192 ms
	Total Operation Time:   111.705 ms
Unloading 41 unused Assets / (10.7 KB). Loaded Objects now: 9875.
Memory consumption went from 0.65 GB to 0.65 GB.
Total: 409.868400 ms (FindLiveObjects: 2.167300 ms CreateObjectMapping: 0.749300 ms MarkObjects: 403.889000 ms  DeleteObjects: 2.635400 ms)

[Licensing::Client] Successfully resolved entitlement details
[Worker0] Imported GUID: 82b1e99d17c6aa842b8e1d57697cc51c - Path: Assets/Script/PipeSpawner.cs - Importer: ScriptedImporter/UnityEditor.QuickSearchModule:UnityEditor.Search:ASIAI0B -> (ImportResultId: '6e07ec01560ffde525741d18755fca46') in 0.310988 seconds
ExitCode: 0 Duration: 6s71ms
[ 969/1265  0s] ILPP-Configuration Library/ilpp-configuration.nevergeneratedoutput
[1261/1265  1s] Csc Library/Bee/artifacts/1900b0aE.dag/Assembly-CSharp.dll (+2 others)
[1262/1265  4s] ILPostProcess Library/Bee/artifacts/1900b0aE.dag/post-processed/Assembly-CSharp.dll (+pdb)
Processing assembly Library/Bee/artifacts/1900b0aE.dag/Assembly-CSharp.dll, with 148 defines and 377 references

processors: Unity.Jobs.CodeGen.JobsILPostProcessor, zzzUnity.Burst.CodeGen.BurstILPostProcessor

1 processor(s) skipped this assembly

running Unity.Jobs.CodeGen.JobsILPostProcessor
[1263/1265  0s] CopyFiles Library/ScriptAssemblies/Assembly-CSharp.pdb
[1264/1265  0s] CopyFiles Library/ScriptAssemblies/Assembly-CSharp.dll
*** Tundra build success (5.99 seconds), 5 items updated, 1265 evaluated
[Worker1] Imported GUID: 6144b4cdc2c1c62499e40ed65293afa4 - Path: Assets/Script/PipeMovement.cs - Importer: ScriptedImporter/UnityEditor.QuickSearchModule:UnityEditor.Search:ASIAI0B -> (ImportResultId: '10691dc82ca144c047ba7f41a7fbdc15') in 2.9634014 seconds
Reloading assemblies after finishing script compilation.
Reloading assemblies after forced synchronous recompile.
Begin MonoManager ReloadAssembly
Total cache size 160401120
Total cache size after purge 160401120, took 00:00:00.6599658
Refreshing native plugins compatible for Editor in 10.60 ms, found 5 plugins.
Native extension for WindowsStandalone target not found
[MODES] ModeService[none].Initialize
[MODES] ModeService[none].LoadModes
GetVirtualKey: Could not map char: z (122) to any virtual key
GetVirtualKey: Could not map char: y (121) to any virtual key
GetVirtualKey: Could not map char: [ (91) to any virtual key
GetVirtualKey: Could not map char: ] (93) to any virtual key
GetVirtualKey: Could not map char: x (120) to any virtual key
GetVirtualKey: Could not map char: c (99) to any virtual key
GetVirtualKey: Could not map char: v (118) to any virtual key
GetVirtualKey: Could not map char: V (86) to any virtual key
GetVirtualKey: Could not map char: d (100) to any virtual key
GetVirtualKey: Could not map char: f (102) to any virtual key
GetVirtualKey: Could not map char: f (102) to any virtual key
GetVirtualKey: Could not map char: a (97) to any virtual key
GetVirtualKey: Could not map char: d (100) to any virtual key
GetVirtualKey: Could not map char: c (99) to any virtual key
GetVirtualKey: Could not map char: r (114) to any virtual key
GetVirtualKey: Could not map char: i (105) to any virtual key
GetVirtualKey: Could not map char: l (108) to any virtual key
GetVirtualKey: Could not map char: f (102) to any virtual key
GetVirtualKey: Could not map char: k (107) to any virtual key
GetVirtualKey: Could not map char: p (112) to any virtual key
GetVirtualKey: Could not map char: p (112) to any virtual key
GetVirtualKey: Could not map char: p (112) to any virtual key
GetVirtualKey: Could not map char: c (99) to any virtual key
GetVirtualKey: Could not map char: r (114) to any virtual key
GetVirtualKey: Could not map char: P (80) to any virtual key
GetVirtualKey: Could not map char: n (110) to any virtual key
GetVirtualKey: Could not map char: n (110) to any virtual key
GetVirtualKey: Could not map char: g (103) to any virtual key
GetVirtualKey: Could not map char: = (61) to any virtual key
GetVirtualKey: Could not map char: f (102) to any virtual key
GetVirtualKey: Could not map char: f (102) to any virtual key
GetVirtualKey: Could not map char: a (97) to any virtual key
GetVirtualKey: Could not map char: a (97) to any virtual key
GetVirtualKey: Could not map char: n (110) to any virtual key
GetVirtualKey: Could not map char: o (111) to any virtual key
GetVirtualKey: Could not map char: s (115) to any virtual key
GetVirtualKey: Could not map char: s (115) to any virtual key
GetVirtualKey: Could not map char: b (98) to any virtual key
GetVirtualKey: Could not map char: b (98) to any virtual key
GetVirtualKey: Could not map char: c (99) to any virtual key
GetVirtualKey: Could not map char: u (117) to any virtual key
ScheduleIndexationOnStartup MainProcess:True IndexOnStartup:True
Scripting: successfully reloaded assembly
- Finished resetting the current domain, in  4.727 seconds
Domain Reload Profiling: 9981ms
	BeginReloadAssembly (3568ms)
		ExecutionOrderSort (9ms)
		DisableScriptedObjects (682ms)
		CreateAndSetChildDomain (1769ms)
	RebuildCommonClasses (35ms)
	RebuildNativeTypeToScriptingClass (31ms)
	initialDomainReloadingComplete (245ms)
	LoadAllAssembliesAndSetupDomain (1373ms)
		LoadAssemblies (650ms)
		TypeCache.Refresh (56ms)
		AnalyzeDomain (693ms)
			BuildScriptInfoCaches (590ms)
			ResolveRequiredComponents (71ms)
	FinalizeReload (4729ms)
		SetupLoadedEditorAssemblies (0ms)
			LogAssemblyErrors (8ms)
			InitializePlatformSupportModulesInManaged (4ms)
			BeforeProcessingInitializeOnLoad (616ms)
			ProcessInitializeOnLoadAttributes (993ms)
			ProcessInitializeOnLoadMethodAttributes (215ms)
			AfterProcessingInitializeOnLoad (12ms)
			EditorAssembliesLoaded (7ms)
		AwakeInstancesAfterBackupRestoration (1734ms)

Asset Pipeline Refresh (id=0e92af12a7648ce4c8d11ff050717370): Total: 10.746 seconds - Initiated by StopAssetImportingV2(ForceSynchronousImport | ForceDomainReload)
	(Values over 0.05ms)
	Summary:
		Imports: total=0 (actual=0, local cache=0, cache server=0)
		Asset DB Process Time: managed=0 ms, native=5156 ms
		Asset DB Callback time: managed=103 ms, native=2 ms
		Scripting: domain reloads=1, domain reload time=5478 ms, compile time=5 ms, other=0 ms
		Project Asset Count: scripts=1700, non-scripts=3426
		Asset File Changes: new=0, changed=0, moved=0, deleted=0
		Scan Filter Count: 0
	InvokePackagesCallback: 5.352ms
	ApplyChangesToAssetFolders: 0.597ms
	Collect global state as custom dependencies: 10.915ms
	ProcessAssetsWithTransientArtifactChanges: 10.605ms
	CategorizeAssets: 175.964ms
	CompileScripts: 5.074ms
	ImportOutOfDateAssets: 4760.496ms (4754.033ms without children)
		CollectScriptTypesHashes: 21.336ms
		ReloadNativeAssets: 2.637ms
		UnloadImportedAssets: 0.392ms
		EnsureUptoDateAssetsAreRegisteredWithGuidPM: 2.190ms
		ImportSchedulerStart: 1.172ms
	PostProcessAllAssets: 103.857ms
		MonoPostProcessAllAssets: 103.845ms
			AssetPostprocessor.OnPostprocessAllAssets 191.353ms
			UniversalRenderPipelineGlobalSettingsPostprocessor.OnPostprocessAllAssets 56.082ms
			ConfigAssetsTracker.OnPostprocessAllAssets 35.039ms
			AssetChangedListener.OnPostprocessAllAssets 12.564ms
			SpriteEditorTexturePostprocessor.OnPostprocessAllAssets 8.678ms
			SyncVS.PostprocessSyncProject 8.677ms
			WindowAssetPostprocessingWatcher.OnPostprocessAllAssets 6.868ms
			SpeedTree9Postprocessor.OnPostprocessAllAssets 3.863ms
			TMPro_TexturePostProcessor.OnPostprocessAllAssets 3.165ms
			ShaderGraphAssetPostProcessor.OnPostprocessAllAssets 2.156ms
			SpriteShapeAssetPostProcessor.OnPostprocessAllAssets 2.114ms
			RenderPipelineGlobalSettingsPostprocessor.OnPostprocessAllAssets 2.018ms
			ProjectSettingsPostprocessor.OnPostprocessAllAssets 1.878ms
			EditModeScopePostprocessor.OnPostprocessAllAssets 1.682ms
			AudioMixerPostprocessor.OnPostprocessAllAssets 1.445ms
			RetainedModeAssetPostprocessor.OnPostprocessAllAssets 1.155ms
			BuilderAssetPostprocessor.OnPostprocessAllAssets 1.084ms
			ShaderReflectionAssetPostProcessor.OnPostprocessAllAssets 0.967ms
			AudioContainerPostProcessor.OnPostprocessAllAssets 0.830ms
			ArtifactBrowserPostProcessor.OnPostprocessAllAssets 0.663ms
			SamplePostprocessor.OnPostprocessAllAssets 0.651ms
			StyleCatalogPostProcessor.OnPostprocessAllAssets 0.624ms
			ReferencedClipsPostProcessor.OnPostprocessAllAssets 0.552ms
			SpriteSlicePostprocessor.OnPostprocessAllAssets 0.481ms
			ScenarioDriftAssetsTracker.OnPostprocessAllAssets 0.459ms
			InputActionAssetPostprocessor.OnPostprocessAllAssets 0.455ms
			PSDImporterAssetPostProcessor.OnPostprocessAllAssets 0.397ms
			ThemePostprocessor.OnPostprocessAllAssets 0.397ms
			TextAssetPostProcessor.OnPostprocessAllAssets 0.356ms
			UVCSAssetPostprocessor.OnPostprocessAllAssets 0.352ms
			SpriteLibraryAssetPostprocessor.OnPostprocessAllAssets 0.330ms
			PostProcessor.OnPostprocessAllAssets 0.310ms
			SpeedTreePostProcessor.OnPostprocessAllAssets 0.304ms
			AssetDatabaseCallbacks.OnPostprocessAllAssets 0.297ms
			TerrainToolbarOverlayPostProcessor.OnPostprocessAllAssets 0.290ms
			AssetReloadNotifier.OnPostprocessAllAssets 0.246ms
			PSDImportPostProcessor.OnPostprocessAllAssets 0.207ms
			MaterialPostprocessor.OnPostprocessAllAssets 0.145ms
			AssetEvents.OnPostprocessAllAssets 0.135ms
			InputActionJsonNameModifierAssetProcessor.OnPostprocessAllAssets 0.126ms
			AssetProcessor.OnPostprocessAllAssets 0.121ms
	GatherAllCurrentPrimaryImportResultRevisions: 0.806ms
	PersistCurrentRevisions: 0.228ms
	GenerateScriptTypeHashes: 11.540ms
	GenerateScriptTypeSerializationHashes: 21.938ms
	Untracked: 5641.860ms

[Licensing::Client] Successfully resolved entitlement details
Asset Pipeline Refresh (id=7b3ed2c410dba444aa85a582696ad24a): Total: 0.006 seconds - Initiated by RefreshV2(AllowForceSynchronousImport)
[Licensing::Client] Successfully resolved entitlement details
SpriteAtlasPacking completed in 0.024486 sec
Entering Playmode with Reload Domain disabled.
If you experience any issues, please disable "Enter Play Mode Options" in Editor Settings
Loaded scene 'Temp/__Backupscenes/0.backup'
	Deserialize:            176.832 ms
	Integration:            929.685 ms
	Integration of assets:  0.790 ms
	Thread Wait Time:       -0.400 ms
	Total Operation Time:   1106.907 ms
Unloading 5 Unused Serialized files (Serialized files now loaded: 0)
Loaded scene 'Temp/__Backupscenes/0.backup'
	Deserialize:            7.162 ms
	Integration:            52.594 ms
	Integration of assets:  0.062 ms
	Thread Wait Time:       0.012 ms
	Total Operation Time:   59.829 ms
Unloading 73 unused Assets / (331.3 KB). Loaded Objects now: 9810.
Memory consumption went from 0.65 GB to 0.65 GB.
Total: 45.406600 ms (FindLiveObjects: 2.115200 ms CreateObjectMapping: 0.878900 ms MarkObjects: 40.023000 ms  DeleteObjects: 1.966800 ms)

Asset Pipeline Refresh (id=7a27bdc0acedf224c9690af11ebb7bd8): Total: 0.086 seconds - Initiated by RefreshV2(AllowForceSynchronousImport)
Asset Pipeline Refresh (id=55993bede65f5ed46b2d48a35e9c022c): Total: 0.008 seconds - Initiated by RefreshV2(AllowForceSynchronousImport)
Asset Pipeline Refresh (id=9107dd2bcc37e52449659b15a30a2326): Total: 0.010 seconds - Initiated by RefreshV2(AllowForceSynchronousImport)
GetVirtualKey: Could not map char: z (122) to any virtual key
GetVirtualKey: Could not map char: y (121) to any virtual key
GetVirtualKey: Could not map char: [ (91) to any virtual key
GetVirtualKey: Could not map char: ] (93) to any virtual key
GetVirtualKey: Could not map char: x (120) to any virtual key
GetVirtualKey: Could not map char: c (99) to any virtual key
GetVirtualKey: Could not map char: v (118) to any virtual key
GetVirtualKey: Could not map char: V (86) to any virtual key
GetVirtualKey: Could not map char: d (100) to any virtual key
GetVirtualKey: Could not map char: f (102) to any virtual key
GetVirtualKey: Could not map char: f (102) to any virtual key
GetVirtualKey: Could not map char: a (97) to any virtual key
GetVirtualKey: Could not map char: d (100) to any virtual key
GetVirtualKey: Could not map char: c (99) to any virtual key
GetVirtualKey: Could not map char: r (114) to any virtual key
GetVirtualKey: Could not map char: i (105) to any virtual key
GetVirtualKey: Could not map char: l (108) to any virtual key
GetVirtualKey: Could not map char: f (102) to any virtual key
GetVirtualKey: Could not map char: k (107) to any virtual key
GetVirtualKey: Could not map char: p (112) to any virtual key
GetVirtualKey: Could not map char: p (112) to any virtual key
GetVirtualKey: Could not map char: p (112) to any virtual key
GetVirtualKey: Could not map char: c (99) to any virtual key
GetVirtualKey: Could not map char: r (114) to any virtual key
GetVirtualKey: Could not map char: P (80) to any virtual key
GetVirtualKey: Could not map char: n (110) to any virtual key
GetVirtualKey: Could not map char: n (110) to any virtual key
GetVirtualKey: Could not map char: g (103) to any virtual key
GetVirtualKey: Could not map char: = (61) to any virtual key
GetVirtualKey: Could not map char: f (102) to any virtual key
GetVirtualKey: Could not map char: f (102) to any virtual key
GetVirtualKey: Could not map char: a (97) to any virtual key
GetVirtualKey: Could not map char: a (97) to any virtual key
GetVirtualKey: Could not map char: c (99) to any virtual key
GetVirtualKey: Could not map char: u (117) to any virtual key
GetVirtualKey: Could not map char: n (110) to any virtual key
GetVirtualKey: Could not map char: o (111) to any virtual key
GetVirtualKey: Could not map char: s (115) to any virtual key
GetVirtualKey: Could not map char: s (115) to any virtual key
GetVirtualKey: Could not map char: b (98) to any virtual key
GetVirtualKey: Could not map char: b (98) to any virtual key
[Worker0] Imported GUID: 68d93eff07252394dafedc22ff46967e - Path: Assets/Prefab/PipePair.prefab - Importer: PreviewImporter -> (ImportResultId: 'cfd8c712751867efceb112dda33a0831') in 3.9411232 seconds
Importing 'GUID: 68d93eff07252394dafedc22ff46967e - Path: Assets/Prefab/PipePair.prefab' with importer (PrefabImporter)
Imported 'GUID: 68d93eff07252394dafedc22ff46967e' -> (Import Result ID: '345248e215862463623a2d69ff70ab8c') in 0.109 seconds [static and dynamic dependencies]. Details - ImportResultOutputID=876eb8290f6ee32e4fc49ff9b6cc4137 DependenciesID=018d347e7fbd4407f7a2c0f30d396809 StaticDependenciesID=08e070b3983681e66dc5d8678c712255 
Refreshing native plugins compatible for Editor in 4.67 ms, found 5 plugins.

Asset Pipeline Refresh (id=9618f37fe535a164197d5b13cccc2923): Total: 0.674 seconds - Initiated by StopAssetImportingV2(NoUpdateAssetOptions)
	(Values over 0.05ms)
	Summary:
		Imports: total=1 (actual=1, local cache=0, cache server=0)
		Asset DB Process Time: managed=78 ms, native=324 ms
		Asset DB Callback time: managed=220 ms, native=50 ms
		Scripting: domain reloads=0, domain reload time=0 ms, compile time=0 ms, other=0 ms
		Project Asset Count: scripts=1700, non-scripts=3426
		Asset File Changes: new=0, changed=1, moved=0, deleted=0
		Scan Filter Count: 3
	ApplyChangesToAssetFolders: 0.271ms
	Scan: 81.608ms
	Collect global state as custom dependencies: 1.172ms
	OnSourceAssetsModified: 3.824ms
	CategorizeScriptCompilationAssets: 0.388ms
	ProcessAssetsWithTransientArtifactChanges: 3.117ms
	CategorizeAssets: 75.617ms
	ImportOutOfDateAssets: 126.595ms (1.668ms without children)
		ImportManagerImport: 117.689ms (3.560ms without children)
			UpdateCategorizedAssets: 0.094ms
		ReloadNativeAssets: 0.749ms
		UnloadImportedAssets: 1.316ms
		ReloadImportedAssets: 2.160ms
		EnsureUptoDateAssetsAreRegisteredWithGuidPM: 1.398ms
		ImportSchedulerStart: 3.740ms
	PostProcessAllAssets: 250.935ms
		XRBuildSystem.XRAssetImported 29.175ms
		PostProcessCallbackCreateDeferredMaterials 0.217ms
		ObjectImages.AssetImported 0.159ms
		AssemblyValidation.PostprocessAllAssets 0.156ms
		WindowTitlePostprocess 0.142ms
		VCAutoAddAssetPostprocess 0.102ms
		MonoPostProcessAllAssets: 217.758ms
			AssetChangedListener.OnPostprocessAllAssets 39.218ms
			BuilderAssetPostprocessor.OnPostprocessAllAssets 35.235ms
			AssetPostprocessor.OnPostprocessAllAssets 30.679ms
			ShaderGraphAssetPostProcessor.OnPostprocessAllAssets 12.360ms
			SyncVS.PostprocessSyncProject 8.114ms
			UVCSAssetPostprocessor.OnPostprocessAllAssets 7.168ms
			TMPro_TexturePostProcessor.OnPostprocessAllAssets 6.394ms
			RetainedModeAssetPostprocessor.OnPostprocessAllAssets 6.096ms
			ArtifactBrowserPostProcessor.OnPostprocessAllAssets 5.804ms
			ConfigAssetsTracker.OnPostprocessAllAssets 5.165ms
			InputActionJsonNameModifierAssetProcessor.OnPostprocessAllAssets 4.182ms
			TextAssetPostProcessor.OnPostprocessAllAssets 4.127ms
			MaterialPostprocessor.OnPostprocessAllAssets 4.073ms
			SpriteEditorTexturePostprocessor.OnPostprocessAllAssets 3.771ms
			PostProcessor.OnPostprocessAllAssets 3.262ms
			SpriteShapeAssetPostProcessor.OnPostprocessAllAssets 2.706ms
			InputActionAssetPostprocessor.OnPostprocessAllAssets 2.573ms
			AudioMixerPostprocessor.OnPostprocessAllAssets 2.466ms
			SpriteSlicePostprocessor.OnPostprocessAllAssets 2.173ms
			SamplePostprocessor.OnPostprocessAllAssets 2.167ms
			ScenarioDriftAssetsTracker.OnPostprocessAllAssets 1.978ms
			AssetReloadNotifier.OnPostprocessAllAssets 1.725ms
			StyleCatalogPostProcessor.OnPostprocessAllAssets 1.544ms
			SpriteLibraryAssetPostprocessor.OnPostprocessAllAssets 1.528ms
			RenderPipelineGlobalSettingsPostprocessor.OnPostprocessAllAssets 1.147ms
			SpeedTreePostProcessor.OnPostprocessAllAssets 1.075ms
			ThemePostprocessor.OnPostprocessAllAssets 1.018ms
			AssetEvents.OnPostprocessAllAssets 0.960ms
			UniversalRenderPipelineGlobalSettingsPostprocessor.OnPostprocessAllAssets 0.827ms
			AssetProcessor.OnPostprocessAllAssets 0.698ms
			PSDImportPostProcessor.OnPostprocessAllAssets 0.495ms
			ShaderReflectionAssetPostProcessor.OnPostprocessAllAssets 0.427ms
			WindowAssetPostprocessingWatcher.OnPostprocessAllAssets 0.389ms
			ProjectSettingsPostprocessor.OnPostprocessAllAssets 0.372ms
			TerrainToolbarOverlayPostProcessor.OnPostprocessAllAssets 0.265ms
			SpeedTree9Postprocessor.OnPostprocessAllAssets 0.221ms
			PSDImporterAssetPostProcessor.OnPostprocessAllAssets 0.175ms
			AudioContainerPostProcessor.OnPostprocessAllAssets 0.151ms
			EditModeScopePostprocessor.OnPostprocessAllAssets 0.130ms
	PostAssetChangesProfiler: 16.232ms
	GatherAllCurrentPrimaryImportResultRevisions: 0.541ms
	UnloadStreamsBegin: 0.053ms
	PersistCurrentRevisions: 0.483ms
	Untracked: 112.838ms

[Worker1] Imported GUID: 00000000000000003000000000000000 - Path: ProjectSettings/TagManager.asset - Importer: PreviewImporter -> (ImportResultId: 'ddace226f56c8a78b624dbe345a4446d') in 0.9948379 seconds
Importing 'GUID: 68d93eff07252394dafedc22ff46967e - Path: Assets/Prefab/PipePair.prefab' with importer (PrefabImporter)
Imported 'GUID: 68d93eff07252394dafedc22ff46967e' -> (Import Result ID: 'd09520e22a641c5b6b550d056cd166c2') in 0.008 seconds [static and dynamic dependencies]. Details - ImportResultOutputID=bab731ff010ba938e5193175ceacae52 DependenciesID=a4b6c3ea05bae072969e11a74094fc8b StaticDependenciesID=2423223b7c95f0740c5faa33547fb5fb 
Refreshing native plugins compatible for Editor in 4.91 ms, found 5 plugins.
Asset Pipeline Refresh (id=deee3a3e6c2fb89438ba76e0f972a7d4): Total: 0.144 seconds - Initiated by StopAssetImportingV2(NoUpdateAssetOptions)
[Worker1] Imported GUID: 68d93eff07252394dafedc22ff46967e - Path: Assets/Prefab/PipePair.prefab - Importer: PreviewImporter -> (ImportResultId: 'b5281882e89fc0c3ebf1c519ccc474fe') in 1.3837681 seconds
Asset Pipeline Refresh (id=7c6cb4a5c03c2ec4fb1e4938e35e8cb7): Total: 0.025 seconds - Initiated by RefreshV2(AllowForceSynchronousImport)
[Worker0] Imported GUID: 68d93eff07252394dafedc22ff46967e - Path: Assets/Prefab/PipePair.prefab - Importer: ScriptedImporter/UnityEditor.QuickSearchModule:UnityEditor.Search:ASIAI0B -> (ImportResultId: '64b420bf6bdfed9af1d538c1ccb453ff') in 1.3019829 seconds
[ScriptCompilation] Requested script compilation because: AssetDatabase observed changes in script compilation related files
[Licensing::Client] Successfully resolved entitlement details
Refreshing native plugins compatible for Editor in 8.44 ms, found 5 plugins.

Asset Pipeline Refresh (id=c79e53bed5be33143a35b5cecf90995c): Total: 0.912 seconds - Initiated by StopAssetImportingV2(NoUpdateAssetOptions)
	(Values over 0.05ms)
	Summary:
		Imports: total=0 (actual=0, local cache=0, cache server=0)
		Asset DB Process Time: managed=0 ms, native=220 ms
		Asset DB Callback time: managed=675 ms, native=12 ms
		Scripting: domain reloads=0, domain reload time=0 ms, compile time=3 ms, other=0 ms
		Project Asset Count: scripts=1700, non-scripts=3426
		Asset File Changes: new=1, changed=1, moved=0, deleted=0
		Scan Filter Count: 3
	ApplyChangesToAssetFolders: 0.134ms
	Scan: 23.743ms
	Collect global state as custom dependencies: 1.326ms
	OnSourceAssetsModified: 0.154ms
	CategorizeScriptCompilationAssets: 0.681ms
	ProcessAssetsWithTransientArtifactChanges: 1.952ms
	CategorizeAssets: 39.368ms
	CompileScripts: 3.224ms
	ImportOutOfDateAssets: 3.617ms (0.542ms without children)
		ReloadNativeAssets: 0.120ms
		UnloadImportedAssets: 0.397ms
		EnsureUptoDateAssetsAreRegisteredWithGuidPM: 1.341ms
		ImportSchedulerStart: 1.209ms
	PostProcessAllAssets: 651.932ms
		XRBuildSystem.XRAssetImported 1.392ms
		PostProcessCallbackCreateDeferredMaterials 0.591ms
		ShaderAssetModifiedCallback 0.205ms
		VersionControlSettings.HiddenFilePostprocess 0.117ms
		MonoPostProcessAllAssets: 648.827ms
			SyncVS.PostprocessSyncProject 644.694ms
			AssetChangedListener.OnPostprocessAllAssets 1.197ms
			ConfigAssetsTracker.OnPostprocessAllAssets 1.021ms
			SpriteEditorTexturePostprocessor.OnPostprocessAllAssets 0.256ms
			InputActionAssetPostprocessor.OnPostprocessAllAssets 0.183ms
			ShaderGraphAssetPostProcessor.OnPostprocessAllAssets 0.181ms
			RenderPipelineGlobalSettingsPostprocessor.OnPostprocessAllAssets 0.181ms
			AssetPostprocessor.OnPostprocessAllAssets 0.155ms
			SpriteShapeAssetPostProcessor.OnPostprocessAllAssets 0.085ms
			ThemePostprocessor.OnPostprocessAllAssets 0.066ms
			AudioContainerPostProcessor.OnPostprocessAllAssets 0.063ms
	PostAssetChangesProfiler: 36.034ms
	GatherAllCurrentPrimaryImportResultRevisions: 1.664ms
	PersistCurrentRevisions: 0.240ms
	Untracked: 147.974ms

[Worker0] Imported GUID: 750ece9d56c51fb42bfeee931292e633 - Path: Assets/Script/BirdDeath.cs - Importer: PreviewImporter -> (ImportResultId: '80ff91b5cc3b8b62214f5fdb879dcb6b') in 0.0567458 seconds
Starting: C:\Program Files\Unity\Hub\Editor\6000.6.2f1\Editor\Data\Tools\BuildPipeline\bee_backend.exe --ipc --defer-dag-verification --dagfile="Library/Bee/1900b0aE.dag" --continue-on-failure --profile="Library/Bee/backend1.traceevents" ScriptAssemblies
WorkingDir: C:/Users/golfa/Flappybird
ExitCode: 4 Duration: 0s511ms
Rebuilding DAG because FileSignature timestamp changed: Library/Bee/1900b0aE-inputdata.json
[ 970/1265  0s] ILPP-Configuration Library/ilpp-configuration.nevergeneratedoutput
*** Tundra requires additional run (0.45 seconds), 1 items updated, 969 evaluated
Starting: C:\Program Files\Unity\Hub\Editor\6000.6.2f1\Editor\Data\DotNetSdk\dotnet.exe "C:\Program Files\Unity\Hub\Editor\6000.6.2f1\Editor\Data\Tools\BuildPipeline\ScriptCompilationBuildProgram.exe" "Library/Bee/1900b0aE.dag.json" "Library/Bee/1900b0aE-inputdata.json" "Library\Bee\buildprogram0.traceevents"
WorkingDir: C:/Users/golfa/Flappybird
[Worker0] Imported GUID: 750ece9d56c51fb42bfeee931292e633 - Path: Assets/Script/BirdDeath.cs - Importer: ScriptedImporter/UnityEditor.QuickSearchModule:UnityEditor.Search:ASIAI0B -> (ImportResultId: '3e3bc470cf4f4444a9dcb85b69639f6e') in 0.0796723 seconds
ExitCode: 0 Duration: 2s710ms
Starting: C:\Program Files\Unity\Hub\Editor\6000.6.2f1\Editor\Data\Tools\BuildPipeline\bee_backend.exe --ipc --defer-dag-verification --dagfile="Library/Bee/1900b0aE.dag" --continue-on-failure --dagfilejson="Library\Bee\1900b0aE.dag.json" --profile="Library/Bee/backend2.traceevents" ScriptAssemblies
WorkingDir: C:/Users/golfa/Flappybird
ExitCode: 0 Duration: 1s934ms
Finished compiling graph: 1268 nodes, 25918 flattened edges (21854 ToBuild, 202 ToUse), maximum node priority 1400
[ 672/1265  0s] WriteText Library/Bee/artifacts/1900b0aE.dag/Assembly-CSharp.rsp
[ 969/1265  0s] ILPP-Configuration Library/ilpp-configuration.nevergeneratedoutput
[1261/1265  0s] Csc Library/Bee/artifacts/1900b0aE.dag/Assembly-CSharp.dll (+2 others)
[1262/1265  0s] ILPostProcess Library/Bee/artifacts/1900b0aE.dag/post-processed/Assembly-CSharp.dll (+pdb)
Processing assembly Library/Bee/artifacts/1900b0aE.dag/Assembly-CSharp.dll, with 148 defines and 377 references

processors: Unity.Jobs.CodeGen.JobsILPostProcessor, zzzUnity.Burst.CodeGen.BurstILPostProcessor

1 processor(s) skipped this assembly

running Unity.Jobs.CodeGen.JobsILPostProcessor
[1263/1265  0s] CopyFiles Library/ScriptAssemblies/Assembly-CSharp.pdb
[1264/1265  0s] CopyFiles Library/ScriptAssemblies/Assembly-CSharp.dll
*** Tundra build success (1.88 seconds), 6 items updated, 1265 evaluated
Reloading assemblies after finishing script compilation.
Reloading assemblies after forced synchronous recompile.
Begin MonoManager ReloadAssembly
Total cache size 160401120
Total cache size after purge 160401120, took 00:00:00.5262966
Refreshing native plugins compatible for Editor in 11.23 ms, found 5 plugins.
Native extension for WindowsStandalone target not found
[MODES] ModeService[none].Initialize
[MODES] ModeService[none].LoadModes
ScheduleIndexationOnStartup MainProcess:True IndexOnStartup:True
Scripting: successfully reloaded assembly
- Finished resetting the current domain, in  5.756 seconds
Domain Reload Profiling: 10777ms
	BeginReloadAssembly (3304ms)
		DisableScriptedObjects (487ms)
		CreateAndSetChildDomain (1839ms)
	RebuildCommonClasses (32ms)
	RebuildNativeTypeToScriptingClass (34ms)
	initialDomainReloadingComplete (268ms)
	LoadAllAssembliesAndSetupDomain (1380ms)
		LoadAssemblies (621ms)
		TypeCache.Refresh (42ms)
		AnalyzeDomain (685ms)
			BuildScriptInfoCaches (600ms)
			ResolveRequiredComponents (72ms)
	FinalizeReload (5759ms)
		SetupLoadedEditorAssemblies (0ms)
			LogAssemblyErrors (9ms)
			InitializePlatformSupportModulesInManaged (5ms)
			BeforeProcessingInitializeOnLoad (796ms)
			ProcessInitializeOnLoadAttributes (1165ms)
			ProcessInitializeOnLoadMethodAttributes (250ms)
			AfterProcessingInitializeOnLoad (11ms)
			EditorAssembliesLoaded (6ms)
		AwakeInstancesAfterBackupRestoration (2193ms)
Refreshing native plugins compatible for Editor in 2.76 ms, found 5 plugins.

Asset Pipeline Refresh (id=66e895b17df38544091633ff33432c1d): Total: 11.631 seconds - Initiated by StopAssetImportingV2(ForceSynchronousImport | ForceDomainReload)
	(Values over 0.05ms)
	Summary:
		Imports: total=0 (actual=0, local cache=0, cache server=0)
		Asset DB Process Time: managed=0 ms, native=6150 ms
		Asset DB Callback time: managed=149 ms, native=117 ms
		Scripting: domain reloads=1, domain reload time=5209 ms, compile time=5 ms, other=0 ms
		Project Asset Count: scripts=1700, non-scripts=3426
		Asset File Changes: new=0, changed=0, moved=0, deleted=0
		Scan Filter Count: 0
	InvokePackagesCallback: 3.888ms
	ApplyChangesToAssetFolders: 0.524ms
	Collect global state as custom dependencies: 10.541ms
	ProcessAssetsWithTransientArtifactChanges: 11.247ms
	CategorizeAssets: 182.262ms
	CompileScripts: 4.934ms
	ImportOutOfDateAssets: 5785.572ms (5780.240ms without children)
		CollectScriptTypesHashes: 16.732ms
		ReloadNativeAssets: 1.945ms
		UnloadImportedAssets: 0.449ms
		EnsureUptoDateAssetsAreRegisteredWithGuidPM: 2.079ms
		ImportSchedulerStart: 0.787ms
	PostProcessAllAssets: 151.661ms
		XRBuildSystem.XRAssetImported 1.023ms
		PostProcessCallbackCreateDeferredMaterials 0.449ms
		MonoPostProcessAllAssets: 149.144ms
			UniversalRenderPipelineGlobalSettingsPostprocessor.OnPostprocessAllAssets 38.728ms
			BuilderAssetPostprocessor.OnPostprocessAllAssets 21.822ms
			AssetChangedListener.OnPostprocessAllAssets 10.718ms
			AssetPostprocessor.OnPostprocessAllAssets 7.747ms
			SyncVS.PostprocessSyncProject 7.471ms
			SpriteSlicePostprocessor.OnPostprocessAllAssets 4.952ms
			ShaderGraphAssetPostProcessor.OnPostprocessAllAssets 4.680ms
			SpeedTree9Postprocessor.OnPostprocessAllAssets 4.223ms
			WindowAssetPostprocessingWatcher.OnPostprocessAllAssets 4.009ms
			RetainedModeAssetPostprocessor.OnPostprocessAllAssets 2.471ms
			MaterialPostprocessor.OnPostprocessAllAssets 1.679ms
			RenderPipelineGlobalSettingsPostprocessor.OnPostprocessAllAssets 1.508ms
			SpriteEditorTexturePostprocessor.OnPostprocessAllAssets 1.368ms
			ProjectSettingsPostprocessor.OnPostprocessAllAssets 1.355ms
			EditModeScopePostprocessor.OnPostprocessAllAssets 1.334ms
			SpriteShapeAssetPostProcessor.OnPostprocessAllAssets 1.210ms
			ArtifactBrowserPostProcessor.OnPostprocessAllAssets 1.042ms
			UVCSAssetPostprocessor.OnPostprocessAllAssets 0.866ms
			TMPro_TexturePostProcessor.OnPostprocessAllAssets 0.864ms
			TextAssetPostProcessor.OnPostprocessAllAssets 0.818ms
			AudioMixerPostprocessor.OnPostprocessAllAssets 0.815ms
			ShaderReflectionAssetPostProcessor.OnPostprocessAllAssets 0.810ms
			InputActionAssetPostprocessor.OnPostprocessAllAssets 0.759ms
			StyleCatalogPostProcessor.OnPostprocessAllAssets 0.526ms
			AssetEvents.OnPostprocessAllAssets 0.485ms
			PostProcessor.OnPostprocessAllAssets 0.481ms
			SpeedTreePostProcessor.OnPostprocessAllAssets 0.469ms
			InputActionJsonNameModifierAssetProcessor.OnPostprocessAllAssets 0.447ms
			ReferencedClipsPostProcessor.OnPostprocessAllAssets 0.413ms
			PSDImportPostProcessor.OnPostprocessAllAssets 0.315ms
			ThemePostprocessor.OnPostprocessAllAssets 0.314ms
			TerrainToolbarOverlayPostProcessor.OnPostprocessAllAssets 0.308ms
			SpriteLibraryAssetPostprocessor.OnPostprocessAllAssets 0.305ms
			SamplePostprocessor.OnPostprocessAllAssets 0.254ms
			AssetDatabaseCallbacks.OnPostprocessAllAssets 0.248ms
			ScenarioDriftAssetsTracker.OnPostprocessAllAssets 0.217ms
			ConfigAssetsTracker.OnPostprocessAllAssets 0.211ms
			AssetReloadNotifier.OnPostprocessAllAssets 0.190ms
			AudioContainerPostProcessor.OnPostprocessAllAssets 0.186ms
			PSDImporterAssetPostProcessor.OnPostprocessAllAssets 0.128ms
			AssetProcessor.OnPostprocessAllAssets 0.118ms
	PostAssetChangesProfiler: 113.219ms
	GatherAllCurrentPrimaryImportResultRevisions: 1.080ms
	PersistCurrentRevisions: 0.261ms
	GenerateScriptTypeHashes: 6.111ms
	GenerateScriptTypeSerializationHashes: 9.768ms
	Untracked: 5344.567ms

[Licensing::Client] Successfully resolved entitlement details
[ScriptCompilation] Requested script compilation because: AssetDatabase observed changes in script compilation related files
Starting: C:\Program Files\Unity\Hub\Editor\6000.6.2f1\Editor\Data\Tools\BuildPipeline\bee_backend.exe --ipc --defer-dag-verification --dagfile="Library/Bee/1900b0aE.dag" --continue-on-failure --profile="Library/Bee/backend1.traceevents" ScriptAssemblies
WorkingDir: C:/Users/golfa/Flappybird
ExitCode: 0 Duration: 2s95ms
[ 969/1265  0s] ILPP-Configuration Library/ilpp-configuration.nevergeneratedoutput
[1261/1265  1s] Csc Library/Bee/artifacts/1900b0aE.dag/Assembly-CSharp.dll (+2 others)
[1262/1265  0s] ILPostProcess Library/Bee/artifacts/1900b0aE.dag/post-processed/Assembly-CSharp.dll (+pdb)
Processing assembly Library/Bee/artifacts/1900b0aE.dag/Assembly-CSharp.dll, with 148 defines and 377 references

processors: Unity.Jobs.CodeGen.JobsILPostProcessor, zzzUnity.Burst.CodeGen.BurstILPostProcessor

1 processor(s) skipped this assembly

running Unity.Jobs.CodeGen.JobsILPostProcessor
[1263/1265  0s] CopyFiles Library/ScriptAssemblies/Assembly-CSharp.pdb
[1264/1265  0s] CopyFiles Library/ScriptAssemblies/Assembly-CSharp.dll
*** Tundra build success (2.03 seconds), 5 items updated, 1265 evaluated
Reloading assemblies after forced synchronous recompile.
Begin MonoManager ReloadAssembly
Total cache size 160401120
Total cache size after purge 160401120, took 00:00:00.4686478
Refreshing native plugins compatible for Editor in 9.11 ms, found 5 plugins.
Native extension for WindowsStandalone target not found
[MODES] ModeService[none].Initialize
[MODES] ModeService[none].LoadModes
ScheduleIndexationOnStartup MainProcess:True IndexOnStartup:True
Scripting: successfully reloaded assembly
- Finished resetting the current domain, in  4.242 seconds
Domain Reload Profiling: 6422ms
	BeginReloadAssembly (1129ms)
		DisableScriptedObjects (276ms)
		CreateAndSetChildDomain (465ms)
	RebuildCommonClasses (24ms)
	RebuildNativeTypeToScriptingClass (27ms)
	initialDomainReloadingComplete (124ms)
	LoadAllAssembliesAndSetupDomain (874ms)
		LoadAssemblies (325ms)
		TypeCache.Refresh (23ms)
		AnalyzeDomain (435ms)
			BuildScriptInfoCaches (385ms)
			ResolveRequiredComponents (46ms)
	FinalizeReload (4244ms)
		SetupLoadedEditorAssemblies (0ms)
			LogAssemblyErrors (4ms)
			InitializePlatformSupportModulesInManaged (3ms)
			BeforeProcessingInitializeOnLoad (493ms)
			ProcessInitializeOnLoadAttributes (817ms)
			ProcessInitializeOnLoadMethodAttributes (182ms)
			AfterProcessingInitializeOnLoad (12ms)
			EditorAssembliesLoaded (4ms)
		AwakeInstancesAfterBackupRestoration (1613ms)
Refreshing native plugins compatible for Editor in 2.76 ms, found 5 plugins.

Asset Pipeline Refresh (id=9ee8f97c65097134a8464a16c9b0c3c6): Total: 9.780 seconds - Initiated by RefreshV2(AllowForceSynchronousImport)
	(Values over 0.05ms)
	Summary:
		Imports: total=0 (actual=0, local cache=0, cache server=0)
		Asset DB Process Time: managed=0 ms, native=4505 ms
		Asset DB Callback time: managed=123 ms, native=28 ms
		Scripting: domain reloads=1, domain reload time=2317 ms, compile time=2805 ms, other=0 ms
		Project Asset Count: scripts=1700, non-scripts=3426
		Asset File Changes: new=0, changed=1, moved=0, deleted=0
		Scan Filter Count: 0
	InvokePackagesCallback: 3.536ms
	ApplyChangesToAssetFolders: 0.580ms
	Scan: 24.593ms
	Collect global state as custom dependencies: 7.211ms
	OnSourceAssetsModified: 1.368ms
	CategorizeScriptCompilationAssets: 0.076ms
	ProcessAssetsWithTransientArtifactChanges: 9.381ms
	CategorizeAssets: 129.766ms
	CompileScripts: 2805.465ms
	ImportOutOfDateAssets: 4265.309ms (4261.508ms without children)
		CollectScriptTypesHashes: 1.250ms
		ReloadNativeAssets: 1.688ms
		UnloadImportedAssets: 0.158ms
		EnsureUptoDateAssetsAreRegisteredWithGuidPM: 1.421ms
		ImportSchedulerStart: 0.491ms
	PostProcessAllAssets: 123.602ms
		XRBuildSystem.XRAssetImported 0.939ms
		PostProcessCallbackCreateDeferredMaterials 0.071ms
		MonoPostProcessAllAssets: 121.950ms
			UniversalRenderPipelineGlobalSettingsPostprocessor.OnPostprocessAllAssets 29.893ms
			AssetChangedListener.OnPostprocessAllAssets 11.911ms
			BuilderAssetPostprocessor.OnPostprocessAllAssets 8.481ms
			SyncVS.PostprocessSyncProject 6.820ms
			AssetPostprocessor.OnPostprocessAllAssets 6.565ms
			SpriteSlicePostprocessor.OnPostprocessAllAssets 4.995ms
			WindowAssetPostprocessingWatcher.OnPostprocessAllAssets 3.604ms
			SpeedTree9Postprocessor.OnPostprocessAllAssets 3.365ms
			ShaderGraphAssetPostProcessor.OnPostprocessAllAssets 2.956ms
			RetainedModeAssetPostprocessor.OnPostprocessAllAssets 2.693ms
			EditModeScopePostprocessor.OnPostprocessAllAssets 1.685ms
			ProjectSettingsPostprocessor.OnPostprocessAllAssets 1.487ms
			RenderPipelineGlobalSettingsPostprocessor.OnPostprocessAllAssets 1.437ms
			SpriteEditorTexturePostprocessor.OnPostprocessAllAssets 1.338ms
			MaterialPostprocessor.OnPostprocessAllAssets 1.306ms
			TMPro_TexturePostProcessor.OnPostprocessAllAssets 1.082ms
			ArtifactBrowserPostProcessor.OnPostprocessAllAssets 1.044ms
			SpriteShapeAssetPostProcessor.OnPostprocessAllAssets 1.009ms
			ShaderReflectionAssetPostProcessor.OnPostprocessAllAssets 0.962ms
			UVCSAssetPostprocessor.OnPostprocessAllAssets 0.952ms
			TextAssetPostProcessor.OnPostprocessAllAssets 0.794ms
			InputActionAssetPostprocessor.OnPostprocessAllAssets 0.651ms
			AudioMixerPostprocessor.OnPostprocessAllAssets 0.579ms
			PostProcessor.OnPostprocessAllAssets 0.470ms
			InputActionJsonNameModifierAssetProcessor.OnPostprocessAllAssets 0.469ms
			AssetEvents.OnPostprocessAllAssets 0.462ms
			StyleCatalogPostProcessor.OnPostprocessAllAssets 0.447ms
			TerrainToolbarOverlayPostProcessor.OnPostprocessAllAssets 0.412ms
			ReferencedClipsPostProcessor.OnPostprocessAllAssets 0.405ms
			SpriteLibraryAssetPostprocessor.OnPostprocessAllAssets 0.375ms
			SpeedTreePostProcessor.OnPostprocessAllAssets 0.360ms
			PSDImportPostProcessor.OnPostprocessAllAssets 0.314ms
			AssetDatabaseCallbacks.OnPostprocessAllAssets 0.280ms
			ThemePostprocessor.OnPostprocessAllAssets 0.263ms
			ScenarioDriftAssetsTracker.OnPostprocessAllAssets 0.247ms
			SamplePostprocessor.OnPostprocessAllAssets 0.241ms
			AssetReloadNotifier.OnPostprocessAllAssets 0.234ms
			ConfigAssetsTracker.OnPostprocessAllAssets 0.205ms
			PSDImporterAssetPostProcessor.OnPostprocessAllAssets 0.185ms
			AudioContainerPostProcessor.OnPostprocessAllAssets 0.143ms
			AssetProcessor.OnPostprocessAllAssets 0.115ms
	PostAssetChangesProfiler: 26.052ms
	GatherAllCurrentPrimaryImportResultRevisions: 0.487ms
	PersistCurrentRevisions: 0.217ms
	GenerateScriptTypeHashes: 4.800ms
	GenerateScriptTypeSerializationHashes: 7.766ms
	Untracked: 2377.214ms

[Licensing::Client] Successfully resolved entitlement details
[Licensing::Client] Successfully resolved entitlement details
Asset Pipeline Refresh (id=51efc952ca6c9ae40afb50a7daea0d4d): Total: 0.007 seconds - Initiated by RefreshV2(AllowForceSynchronousImport)
SpriteAtlasPacking completed in 0.022860 sec
Entering Playmode with Reload Domain disabled.
If you experience any issues, please disable "Enter Play Mode Options" in Editor Settings
Loaded scene 'Temp/__Backupscenes/0.backup'
	Deserialize:            129.535 ms
	Integration:            910.425 ms
	Integration of assets:  0.417 ms
	Thread Wait Time:       -0.363 ms
	Total Operation Time:   1040.014 ms
Bird is Dead!
UnityEngine.Debug:ExtractStackTraceNoAlloc (byte*,int,string)
UnityEngine.StackTraceUtility:ExtractStackTrace ()
UnityEngine.DebugLogHandler:Internal_Log (UnityEngine.LogType,UnityEngine.LogOption,string,UnityEngine.Object)
UnityEngine.DebugLogHandler:LogFormat (UnityEngine.LogType,UnityEngine.Object,string,object[])
UnityEngine.Logger:Log (UnityEngine.LogType,object)
UnityEngine.Debug:Log (object)
BirdDeath:Die () (at Assets/Script/BirdDeath.cs:40)
BirdDeath:Update () (at Assets/Script/BirdDeath.cs:18)

(Filename: Assets/Script/BirdDeath.cs Line: 40)

Unloading 6 Unused Serialized files (Serialized files now loaded: 0)
Loaded scene 'Temp/__Backupscenes/0.backup'
	Deserialize:            4.269 ms
	Integration:            52.236 ms
	Integration of assets:  0.010 ms
	Thread Wait Time:       0.034 ms
	Total Operation Time:   56.548 ms
Unloading 22 unused Assets / (64.5 KB). Loaded Objects now: 9862.
Memory consumption went from 0.68 GB to 0.68 GB.
Total: 48.250800 ms (FindLiveObjects: 1.927200 ms CreateObjectMapping: 0.808500 ms MarkObjects: 44.327700 ms  DeleteObjects: 0.786600 ms)

[Licensing::Client] Successfully resolved entitlement details
SpriteAtlasPacking completed in 0.011806 sec
Entering Playmode with Reload Domain disabled.
If you experience any issues, please disable "Enter Play Mode Options" in Editor Settings
Loaded scene 'Temp/__Backupscenes/0.backup'
	Deserialize:            3.969 ms
	Integration:            66.776 ms
	Integration of assets:  0.089 ms
	Thread Wait Time:       0.027 ms
	Total Operation Time:   70.861 ms
Bird is Dead!
UnityEngine.Debug:ExtractStackTraceNoAlloc (byte*,int,string)
UnityEngine.StackTraceUtility:ExtractStackTrace ()
UnityEngine.DebugLogHandler:Internal_Log (UnityEngine.LogType,UnityEngine.LogOption,string,UnityEngine.Object)
UnityEngine.DebugLogHandler:LogFormat (UnityEngine.LogType,UnityEngine.Object,string,object[])
UnityEngine.Logger:Log (UnityEngine.LogType,object)
UnityEngine.Debug:Log (object)
BirdDeath:Die () (at Assets/Script/BirdDeath.cs:40)
BirdDeath:Update () (at Assets/Script/BirdDeath.cs:18)

(Filename: Assets/Script/BirdDeath.cs Line: 40)

Unloading 5 Unused Serialized files (Serialized files now loaded: 0)
Loaded scene 'Temp/__Backupscenes/0.backup'
	Deserialize:            3.152 ms
	Integration:            42.432 ms
	Integration of assets:  0.008 ms
	Thread Wait Time:       0.019 ms
	Total Operation Time:   45.611 ms
Unloading 0 unused Assets / (125.5 KB). Loaded Objects now: 9862.
Memory consumption went from 0.68 GB to 0.68 GB.
Total: 39.749100 ms (FindLiveObjects: 2.083600 ms CreateObjectMapping: 1.023800 ms MarkObjects: 36.202000 ms  DeleteObjects: 0.065900 ms)

SpriteAtlasPacking completed in 0.013709 sec
Entering Playmode with Reload Domain disabled.
If you experience any issues, please disable "Enter Play Mode Options" in Editor Settings
Loaded scene 'Temp/__Backupscenes/0.backup'
	Deserialize:            4.063 ms
	Integration:            53.979 ms
	Integration of assets:  0.081 ms
	Thread Wait Time:       0.022 ms
	Total Operation Time:   58.145 ms
Bird is Dead!
UnityEngine.Debug:ExtractStackTraceNoAlloc (byte*,int,string)
UnityEngine.StackTraceUtility:ExtractStackTrace ()
UnityEngine.DebugLogHandler:Internal_Log (UnityEngine.LogType,UnityEngine.LogOption,string,UnityEngine.Object)
UnityEngine.DebugLogHandler:LogFormat (UnityEngine.LogType,UnityEngine.Object,string,object[])
UnityEngine.Logger:Log (UnityEngine.LogType,object)
UnityEngine.Debug:Log (object)
BirdDeath:Die () (at Assets/Script/BirdDeath.cs:40)
BirdDeath:Update () (at Assets/Script/BirdDeath.cs:18)

(Filename: Assets/Script/BirdDeath.cs Line: 40)

Unloading 5 Unused Serialized files (Serialized files now loaded: 0)
Loaded scene 'Temp/__Backupscenes/0.backup'
	Deserialize:            3.538 ms
	Integration:            100.321 ms
	Integration of assets:  0.008 ms
	Thread Wait Time:       0.021 ms
	Total Operation Time:   103.887 ms
Unloading 0 unused Assets / (1.1 MB). Loaded Objects now: 9862.
Memory consumption went from 0.68 GB to 0.68 GB.
Total: 48.477500 ms (FindLiveObjects: 2.975800 ms CreateObjectMapping: 0.894500 ms MarkObjects: 44.169500 ms  DeleteObjects: 0.047800 ms)

SpriteAtlasPacking completed in 0.015871 sec
Entering Playmode with Reload Domain disabled.
If you experience any issues, please disable "Enter Play Mode Options" in Editor Settings
Loaded scene 'Temp/__Backupscenes/0.backup'
	Deserialize:            6.148 ms
	Integration:            60.045 ms
	Integration of assets:  0.086 ms
	Thread Wait Time:       0.016 ms
	Total Operation Time:   66.295 ms
Unloading 5 Unused Serialized files (Serialized files now loaded: 0)
Loaded scene 'Temp/__Backupscenes/0.backup'
	Deserialize:            3.208 ms
	Integration:            57.812 ms
	Integration of assets:  0.009 ms
	Thread Wait Time:       0.020 ms
	Total Operation Time:   61.049 ms
Unloading 0 unused Assets / (1.1 MB). Loaded Objects now: 9862.
Memory consumption went from 0.68 GB to 0.68 GB.
Total: 36.459200 ms (FindLiveObjects: 1.881000 ms CreateObjectMapping: 0.710800 ms MarkObjects: 33.107300 ms  DeleteObjects: 0.359100 ms)

Loaded scene 'Library/Unused/f6ed0239e66a4554aa32e83bfc554075'
	Deserialize:            3.901 ms
	Integration:            0.778 ms
	Integration of assets:  0.008 ms
	Thread Wait Time:       0.012 ms
	Total Operation Time:   4.699 ms
Unloading 3 Unused Serialized files (Serialized files now loaded: 0)
Unloading 0 unused Assets / (Unknown). Loaded Objects now: 9998.
Memory consumption went from 0.68 GB to 0.68 GB.
Total: 38.866300 ms (FindLiveObjects: 2.323500 ms CreateObjectMapping: 0.800400 ms MarkObjects: 35.247700 ms  DeleteObjects: 0.050600 ms)

Importing 'GUID: 68d93eff07252394dafedc22ff46967e - Path: Assets/Prefab/PipePair.prefab' with importer (PrefabImporter)
Imported 'GUID: 68d93eff07252394dafedc22ff46967e' -> (Import Result ID: 'b5c23814457f4ec73b9058375a31665e') in 0.022 seconds [static and dynamic dependencies]. Details - ImportResultOutputID=cc459bbd8ae73eb0f156944448bdf36c DependenciesID=a2527e3dd7af4fd1c4cae67a854efe8f StaticDependenciesID=e0567b7d446a7de77ac65649ff886904 
Refreshing native plugins compatible for Editor in 2.84 ms, found 5 plugins.
Asset Pipeline Refresh (id=a98e136b1e158344683c477b58d4d041): Total: 0.224 seconds - Initiated by StopAssetImportingV2(NoUpdateAssetOptions)
Importing 'GUID: 68d93eff07252394dafedc22ff46967e - Path: Assets/Prefab/PipePair.prefab' with importer (PrefabImporter)
Imported 'GUID: 68d93eff07252394dafedc22ff46967e' -> (Import Result ID: '03ad97bfc1dde277933f72468674a314') in 0.005 seconds [static and dynamic dependencies]. Details - ImportResultOutputID=459f598f2463079499754c2bbf5f2878 DependenciesID=0ee2115223cb7249c0f278c9e6f41a1b StaticDependenciesID=6de7decbcdb2823e411994bb0d59b5cc 
Refreshing native plugins compatible for Editor in 2.49 ms, found 5 plugins.
Asset Pipeline Refresh (id=0d693a5832a1c0642a75a68b1fb2e1bd): Total: 0.077 seconds - Initiated by StopAssetImportingV2(NoUpdateAssetOptions)
SpriteAtlasPacking completed in 0.009586 sec
Entering Playmode with Reload Domain disabled.
If you experience any issues, please disable "Enter Play Mode Options" in Editor Settings
Loaded scene 'Temp/__Backupscenes/0.backup'
	Deserialize:            5.263 ms
	Integration:            70.932 ms
	Integration of assets:  0.076 ms
	Thread Wait Time:       0.038 ms
	Total Operation Time:   76.308 ms
Unloading 5 Unused Serialized files (Serialized files now loaded: 0)
Loaded scene 'Temp/__Backupscenes/0.backup'
	Deserialize:            3.369 ms
	Integration:            54.371 ms
	Integration of assets:  0.011 ms
	Thread Wait Time:       0.015 ms
	Total Operation Time:   57.766 ms
Unloading 16 unused Assets / (301.4 KB). Loaded Objects now: 9882.
Memory consumption went from 0.68 GB to 0.68 GB.
Total: 42.439100 ms (FindLiveObjects: 2.912200 ms CreateObjectMapping: 1.082200 ms MarkObjects: 37.902900 ms  DeleteObjects: 0.095800 ms)

[Licensing::Client] Successfully resolved entitlement details
Asset Pipeline Refresh (id=26bc95f603da2d04781292ff470ad1b7): Total: 0.035 seconds - Initiated by RefreshV2(AllowForceSynchronousImport)
Importing 'GUID: 68d93eff07252394dafedc22ff46967e - Path: Assets/Prefab/PipePair.prefab' with importer (PrefabImporter)
Imported 'GUID: 68d93eff07252394dafedc22ff46967e' -> (Import Result ID: '3914f2d04622357090964c5357f9a6f8') in 0.005 seconds [static and dynamic dependencies]. Details - ImportResultOutputID=8f77e66e4c8b6ae045b50f5d2f1f8110 DependenciesID=0f15f5ddeb3688eac80e59559b7dbfd1 StaticDependenciesID=9f4ca3e93c42d6856e6c52683a0c011b 
Refreshing native plugins compatible for Editor in 3.04 ms, found 5 plugins.
Asset Pipeline Refresh (id=c148ebbf03bbb594296b94a03e3515bc): Total: 0.101 seconds - Initiated by StopAssetImportingV2(NoUpdateAssetOptions)
SpriteAtlasPacking completed in 0.013950 sec
Entering Playmode with Reload Domain disabled.
If you experience any issues, please disable "Enter Play Mode Options" in Editor Settings
Loaded scene 'Temp/__Backupscenes/0.backup'
	Deserialize:            5.447 ms
	Integration:            61.355 ms
	Integration of assets:  0.071 ms
	Thread Wait Time:       0.016 ms
	Total Operation Time:   66.890 ms
Unloading 6 Unused Serialized files (Serialized files now loaded: 0)
Loaded scene 'Temp/__Backupscenes/0.backup'
	Deserialize:            4.258 ms
	Integration:            51.079 ms
	Integration of assets:  0.014 ms
	Thread Wait Time:       0.016 ms
	Total Operation Time:   55.368 ms
Unloading 16 unused Assets / (120.4 KB). Loaded Objects now: 9864.
Memory consumption went from 0.67 GB to 0.67 GB.
Total: 44.854800 ms (FindLiveObjects: 1.741800 ms CreateObjectMapping: 0.487400 ms MarkObjects: 41.898200 ms  DeleteObjects: 0.323600 ms)

[Worker0] Imported GUID: 68d93eff07252394dafedc22ff46967e - Path: Assets/Prefab/PipePair.prefab - Importer: PreviewImporter -> (ImportResultId: '38ec78f581abdacbc6d6d4eb16ed4c88') in 2.6727295 seconds
Importing 'GUID: 68d93eff07252394dafedc22ff46967e - Path: Assets/Prefab/PipePair.prefab' with importer (PrefabImporter)
Imported 'GUID: 68d93eff07252394dafedc22ff46967e' -> (Import Result ID: 'ea1ca224cf8f7f4751094e6e9fa87d0e') in 0.004 seconds [static and dynamic dependencies]. Details - ImportResultOutputID=e8fb1d86f5996c603fa42d44b5e21f10 DependenciesID=32666ac82b7c305849aef71edbe4478d StaticDependenciesID=0ad4c577cf7f8f02c00126d4af12580e 
Refreshing native plugins compatible for Editor in 2.50 ms, found 5 plugins.
Asset Pipeline Refresh (id=132eb45de9421ca4da3379a05f92b67a): Total: 0.127 seconds - Initiated by StopAssetImportingV2(NoUpdateAssetOptions)
Importing 'GUID: 68d93eff07252394dafedc22ff46967e - Path: Assets/Prefab/PipePair.prefab' with importer (PrefabImporter)
Imported 'GUID: 68d93eff07252394dafedc22ff46967e' -> (Import Result ID: '332573e68c42dab616b5b1aac718a11a') in 0.004 seconds [static and dynamic dependencies]. Details - ImportResultOutputID=9a6f6aaf538c72ab8617a586eeb7f4a7 DependenciesID=9ef7e0716d3995830baddbd2aea89be1 StaticDependenciesID=2cea2c338587d077d3d52b1d301f3153 
Refreshing native plugins compatible for Editor in 3.23 ms, found 5 plugins.
Asset Pipeline Refresh (id=dbf7a43e8dda2794d87faeee809a4e6b): Total: 0.078 seconds - Initiated by StopAssetImportingV2(NoUpdateAssetOptions)
Importing 'GUID: 68d93eff07252394dafedc22ff46967e - Path: Assets/Prefab/PipePair.prefab' with importer (PrefabImporter)
Imported 'GUID: 68d93eff07252394dafedc22ff46967e' -> (Import Result ID: 'd1ccd157f34da7cef6c72909b6b95cc4') in 0.005 seconds [static and dynamic dependencies]. Details - ImportResultOutputID=45acdfc2dbacc7db0eb661773345df22 DependenciesID=8ffa02d1c68aa7cf86238298d2db4266 StaticDependenciesID=059d0a820dc6600b82c0bbc82a08f32f 
Refreshing native plugins compatible for Editor in 3.15 ms, found 5 plugins.
Asset Pipeline Refresh (id=5d7e5d5137432af49947f70b4069348c): Total: 0.080 seconds - Initiated by StopAssetImportingV2(NoUpdateAssetOptions)
Importing 'GUID: 68d93eff07252394dafedc22ff46967e - Path: Assets/Prefab/PipePair.prefab' with importer (PrefabImporter)
Imported 'GUID: 68d93eff07252394dafedc22ff46967e' -> (Import Result ID: '05eae57046b01f6c7c42bf6280c774fa') in 0.006 seconds [static and dynamic dependencies]. Details - ImportResultOutputID=9879f490634b71275702cb954d19752c DependenciesID=4c8232ae1b7a5ee15e77d44336f56a87 StaticDependenciesID=ece71b90c0141c7f4238a8d22100ffeb 
Refreshing native plugins compatible for Editor in 3.21 ms, found 5 plugins.
Asset Pipeline Refresh (id=4c0b5265cc5ae6049b3a63b281cf4f70): Total: 0.088 seconds - Initiated by StopAssetImportingV2(NoUpdateAssetOptions)
Importing 'GUID: 68d93eff07252394dafedc22ff46967e - Path: Assets/Prefab/PipePair.prefab' with importer (PrefabImporter)
Imported 'GUID: 68d93eff07252394dafedc22ff46967e' -> (Import Result ID: 'cac8554f54ba307f414dcfdd555a8c28') in 0.005 seconds [static and dynamic dependencies]. Details - ImportResultOutputID=2158ee92fff71e2ac3db9151c14b41bd DependenciesID=30b46d8ebe30792fbc191d01e0749c5a StaticDependenciesID=e12b4fab9fd892c9f0cab67bd12c9571 
Refreshing native plugins compatible for Editor in 2.84 ms, found 5 plugins.
Asset Pipeline Refresh (id=ab80ce0d1381ae241804350db02d71f6): Total: 0.081 seconds - Initiated by StopAssetImportingV2(NoUpdateAssetOptions)
Importing 'GUID: 68d93eff07252394dafedc22ff46967e - Path: Assets/Prefab/PipePair.prefab' with importer (PrefabImporter)
Imported 'GUID: 68d93eff07252394dafedc22ff46967e' -> (Import Result ID: 'ea1631376c8c3c6d9523e5bec30d1805') in 0.006 seconds [static and dynamic dependencies]. Details - ImportResultOutputID=344630ead3d755e49fd4fe4f687fc706 DependenciesID=dd57744d2eeb7188083b8661d8eda4b4 StaticDependenciesID=5d312b0cc3e8da03349e9124d1aa13c8 
Refreshing native plugins compatible for Editor in 3.09 ms, found 5 plugins.
Asset Pipeline Refresh (id=df156a576b528714d8d8daec29b552a6): Total: 0.075 seconds - Initiated by StopAssetImportingV2(NoUpdateAssetOptions)
SpriteAtlasPacking completed in 0.011476 sec
Entering Playmode with Reload Domain disabled.
If you experience any issues, please disable "Enter Play Mode Options" in Editor Settings
Loaded scene 'Temp/__Backupscenes/0.backup'
	Deserialize:            5.679 ms
	Integration:            54.225 ms
	Integration of assets:  0.089 ms
	Thread Wait Time:       0.019 ms
	Total Operation Time:   60.012 ms
Bird is Dead!
UnityEngine.Debug:ExtractStackTraceNoAlloc (byte*,int,string)
UnityEngine.StackTraceUtility:ExtractStackTrace ()
UnityEngine.DebugLogHandler:Internal_Log (UnityEngine.LogType,UnityEngine.LogOption,string,UnityEngine.Object)
UnityEngine.DebugLogHandler:LogFormat (UnityEngine.LogType,UnityEngine.Object,string,object[])
UnityEngine.Logger:Log (UnityEngine.LogType,object)
UnityEngine.Debug:Log (object)
BirdDeath:Die () (at Assets/Script/BirdDeath.cs:40)
BirdDeath:Update () (at Assets/Script/BirdDeath.cs:18)

(Filename: Assets/Script/BirdDeath.cs Line: 40)

Unloading 5 Unused Serialized files (Serialized files now loaded: 0)
Loaded scene 'Temp/__Backupscenes/0.backup'
	Deserialize:            2.887 ms
	Integration:            50.740 ms
	Integration of assets:  0.009 ms
	Thread Wait Time:       0.019 ms
	Total Operation Time:   53.655 ms
Unloading 31 unused Assets / (0.9 MB). Loaded Objects now: 10025.
Memory consumption went from 0.69 GB to 0.69 GB.
Total: 40.744200 ms (FindLiveObjects: 2.743000 ms CreateObjectMapping: 1.048100 ms MarkObjects: 36.229500 ms  DeleteObjects: 0.233600 ms)

[Licensing::Client] Successfully resolved entitlement details
Importing 'GUID: 68d93eff07252394dafedc22ff46967e - Path: Assets/Prefab/PipePair.prefab' with importer (PrefabImporter)
Imported 'GUID: 68d93eff07252394dafedc22ff46967e' -> (Import Result ID: '96d263bb1549cb2c24ff777dd55f5647') in 0.005 seconds [static and dynamic dependencies]. Details - ImportResultOutputID=bae5ea5e48498e00f38e6e1568ec6bcd DependenciesID=fc923ba8c6de037e535c07a54ca7fc4f StaticDependenciesID=a9742ac339aac3a24b691c1d88dcb9d8 
Refreshing native plugins compatible for Editor in 2.77 ms, found 5 plugins.
Asset Pipeline Refresh (id=68e301af43996e543870f5635099a595): Total: 0.103 seconds - Initiated by StopAssetImportingV2(NoUpdateAssetOptions)
Importing 'GUID: 68d93eff07252394dafedc22ff46967e - Path: Assets/Prefab/PipePair.prefab' with importer (PrefabImporter)
Imported 'GUID: 68d93eff07252394dafedc22ff46967e' -> (Import Result ID: '69dd14ecf924525c5891f4d2db3dbf0e') in 0.005 seconds [static and dynamic dependencies]. Details - ImportResultOutputID=a152f5504a2e68a4726225343fb94a0f DependenciesID=fb82e2ec405c98d17ab131d71b7dc686 StaticDependenciesID=1aa5409e0b0fb9c844d64645fe8ab9ce 
Refreshing native plugins compatible for Editor in 3.14 ms, found 5 plugins.
Asset Pipeline Refresh (id=dede1a4ff3021094092c76ea9df30177): Total: 0.081 seconds - Initiated by StopAssetImportingV2(NoUpdateAssetOptions)
Importing 'GUID: 68d93eff07252394dafedc22ff46967e - Path: Assets/Prefab/PipePair.prefab' with importer (PrefabImporter)
Imported 'GUID: 68d93eff07252394dafedc22ff46967e' -> (Import Result ID: '746dba51b53ab2dbcb8d68b29d0aacdc') in 0.005 seconds [static and dynamic dependencies]. Details - ImportResultOutputID=4545a63172d6b76967890d39663a6649 DependenciesID=bc16f23e76d2eb11ac12ea0b8d5cb6dd StaticDependenciesID=ac0cffe5811a2389f9caa9cf6a0a2871 
Refreshing native plugins compatible for Editor in 2.89 ms, found 5 plugins.
Asset Pipeline Refresh (id=a695f1865398f0341940e8f9873fc7f1): Total: 0.075 seconds - Initiated by StopAssetImportingV2(NoUpdateAssetOptions)
Importing 'GUID: 68d93eff07252394dafedc22ff46967e - Path: Assets/Prefab/PipePair.prefab' with importer (PrefabImporter)
Imported 'GUID: 68d93eff07252394dafedc22ff46967e' -> (Import Result ID: '051fa644ee31fc140b1fa2e7cbbea034') in 0.005 seconds [static and dynamic dependencies]. Details - ImportResultOutputID=6052010cf53f82257e4a9e8ca35b3379 DependenciesID=329233966b52a5f284825cf3c8d97e05 StaticDependenciesID=81e4fb47989de4e629918e81caae8871 
Refreshing native plugins compatible for Editor in 2.96 ms, found 5 plugins.
Asset Pipeline Refresh (id=8547757a51e3dd04d9e13b78b7330f0a): Total: 0.072 seconds - Initiated by StopAssetImportingV2(NoUpdateAssetOptions)
Importing 'GUID: 68d93eff07252394dafedc22ff46967e - Path: Assets/Prefab/PipePair.prefab' with importer (PrefabImporter)
Imported 'GUID: 68d93eff07252394dafedc22ff46967e' -> (Import Result ID: '457957970350ada124fc2bc0d0c5d40d') in 0.005 seconds [static and dynamic dependencies]. Details - ImportResultOutputID=ddd87b1a18c5a0c6562f484e9ab4dc00 DependenciesID=9b1ae4a61d90e1bc7afbe127a28a6161 StaticDependenciesID=6e7e54a083344d204e42a635bd553dcf 
Refreshing native plugins compatible for Editor in 3.01 ms, found 5 plugins.
Asset Pipeline Refresh (id=6cf275c9ac6e1274a8d1a5404c72dee7): Total: 0.072 seconds - Initiated by StopAssetImportingV2(NoUpdateAssetOptions)
Importing 'GUID: 68d93eff07252394dafedc22ff46967e - Path: Assets/Prefab/PipePair.prefab' with importer (PrefabImporter)
Imported 'GUID: 68d93eff07252394dafedc22ff46967e' -> (Import Result ID: '34a6c370ba00dcef20e80639a42b8a15') in 0.005 seconds [static and dynamic dependencies]. Details - ImportResultOutputID=b6817ed7457cb9ab630bd8fe6bb3b855 DependenciesID=49a023e5faa53b4160981442be0d725a StaticDependenciesID=98b7c6a4a832daab29d9ae3de3fb0d01 
Refreshing native plugins compatible for Editor in 3.55 ms, found 5 plugins.
Asset Pipeline Refresh (id=04fb978fcea446f4db7d678e27a604f1): Total: 0.077 seconds - Initiated by StopAssetImportingV2(NoUpdateAssetOptions)
Importing 'GUID: 68d93eff07252394dafedc22ff46967e - Path: Assets/Prefab/PipePair.prefab' with importer (PrefabImporter)
Imported 'GUID: 68d93eff07252394dafedc22ff46967e' -> (Import Result ID: '22bcd81759af306fed6188a7cd4c0cde') in 0.006 seconds [static and dynamic dependencies]. Details - ImportResultOutputID=42dbe1b1f9c239c355e42eb34ec1c225 DependenciesID=944d73aa32aca288a2534fce71564a81 StaticDependenciesID=c9bd1863506817c7ada50f98f62970fd 
Refreshing native plugins compatible for Editor in 2.97 ms, found 5 plugins.
Asset Pipeline Refresh (id=615277b2190dd414aba9c95eb1260acf): Total: 0.076 seconds - Initiated by StopAssetImportingV2(NoUpdateAssetOptions)
Importing 'GUID: 68d93eff07252394dafedc22ff46967e - Path: Assets/Prefab/PipePair.prefab' with importer (PrefabImporter)
Imported 'GUID: 68d93eff07252394dafedc22ff46967e' -> (Import Result ID: '2ed6f07e10b0b3dab8529ee9bbe710c3') in 0.006 seconds [static and dynamic dependencies]. Details - ImportResultOutputID=6b3ba06f0749cb56d6c774de366e1226 DependenciesID=d8f0d61ff749e7847e71ad203c168beb StaticDependenciesID=6ecf3f51adb179c1bacfb2aca21d1013 
Refreshing native plugins compatible for Editor in 2.78 ms, found 5 plugins.
Asset Pipeline Refresh (id=832a2c61dacc20b479d5c1f036569935): Total: 0.091 seconds - Initiated by StopAssetImportingV2(NoUpdateAssetOptions)
Importing 'GUID: 68d93eff07252394dafedc22ff46967e - Path: Assets/Prefab/PipePair.prefab' with importer (PrefabImporter)
Imported 'GUID: 68d93eff07252394dafedc22ff46967e' -> (Import Result ID: '411c91c387c2e895fb0d98bdfb449b89') in 0.005 seconds [static and dynamic dependencies]. Details - ImportResultOutputID=471121c71170280a48fc0ec8106ee0e6 DependenciesID=47461726b8075f90b09a51482d6fe6ce StaticDependenciesID=483b55fa6055e2a11fe4e5ba3df6c630 
Refreshing native plugins compatible for Editor in 2.40 ms, found 5 plugins.
Asset Pipeline Refresh (id=d0c68519ac190db4c935f056d477e5ed): Total: 0.076 seconds - Initiated by StopAssetImportingV2(NoUpdateAssetOptions)
Importing 'GUID: 68d93eff07252394dafedc22ff46967e - Path: Assets/Prefab/PipePair.prefab' with importer (PrefabImporter)
Imported 'GUID: 68d93eff07252394dafedc22ff46967e' -> (Import Result ID: 'fab0db828479fb055687ec187231304e') in 0.005 seconds [static and dynamic dependencies]. Details - ImportResultOutputID=bea8fcd89b2b039b4b3ebc5aaa344f86 DependenciesID=7cb6d335d4b01bb79433fe83c14aeb16 StaticDependenciesID=1d19988866a29275889e1c962c182e62 
Refreshing native plugins compatible for Editor in 3.11 ms, found 5 plugins.
Asset Pipeline Refresh (id=630da47054013ff4885fb8bf97aabbcb): Total: 0.079 seconds - Initiated by StopAssetImportingV2(NoUpdateAssetOptions)
Importing 'GUID: 68d93eff07252394dafedc22ff46967e - Path: Assets/Prefab/PipePair.prefab' with importer (PrefabImporter)
Imported 'GUID: 68d93eff07252394dafedc22ff46967e' -> (Import Result ID: 'd1892e75b150021485b6e1bd5ee11215') in 0.005 seconds [static and dynamic dependencies]. Details - ImportResultOutputID=0c6a8bc3c2aa9d5b6eef74851ad8117a DependenciesID=32f53bde44cf6e9177a1560afd248404 StaticDependenciesID=016717eff174153036ee70f6bae1fc4a 
Refreshing native plugins compatible for Editor in 3.14 ms, found 5 plugins.
Asset Pipeline Refresh (id=a6fa2a88b955e3649924544132079aef): Total: 0.075 seconds - Initiated by StopAssetImportingV2(NoUpdateAssetOptions)
Importing 'GUID: 68d93eff07252394dafedc22ff46967e - Path: Assets/Prefab/PipePair.prefab' with importer (PrefabImporter)
Imported 'GUID: 68d93eff07252394dafedc22ff46967e' -> (Import Result ID: '207a600fa46ea9765d81922d4c8fe8b5') in 0.004 seconds [static and dynamic dependencies]. Details - ImportResultOutputID=7851fda2797645a36f9d471f12ed23bb DependenciesID=0f2a40c73e60f6ece706b5b13fc422e7 StaticDependenciesID=50ea2ce682107a1010d4450262589904 
Refreshing native plugins compatible for Editor in 2.84 ms, found 5 plugins.
Asset Pipeline Refresh (id=23f59b324f9dfbc46b3a121581ce4d5c): Total: 0.072 seconds - Initiated by StopAssetImportingV2(NoUpdateAssetOptions)
Importing 'GUID: 68d93eff07252394dafedc22ff46967e - Path: Assets/Prefab/PipePair.prefab' with importer (PrefabImporter)
Imported 'GUID: 68d93eff07252394dafedc22ff46967e' -> (Import Result ID: '0f3e9d3f7d73d94e86b097c8acd5b066') in 0.005 seconds [static and dynamic dependencies]. Details - ImportResultOutputID=d578f8d3e8ce73c1393d56ae65ba9bc5 DependenciesID=bd811cd21caad52172487591e3426ad0 StaticDependenciesID=7ba952c1f1bda38bc3dc1221379ec7de 
Refreshing native plugins compatible for Editor in 2.45 ms, found 5 plugins.
Asset Pipeline Refresh (id=471a1470ffc790f49972b136d285a3c5): Total: 0.066 seconds - Initiated by StopAssetImportingV2(NoUpdateAssetOptions)
Importing 'GUID: 68d93eff07252394dafedc22ff46967e - Path: Assets/Prefab/PipePair.prefab' with importer (PrefabImporter)
Imported 'GUID: 68d93eff07252394dafedc22ff46967e' -> (Import Result ID: 'cbcb00cde5067951a3de2cdc149656bd') in 0.004 seconds [static and dynamic dependencies]. Details - ImportResultOutputID=a259c5d83449065e8079edbb2a43716f DependenciesID=ffd177e439c351ca3a851ac271a75086 StaticDependenciesID=d47f943b2271267e0a08eada301783ff 
Refreshing native plugins compatible for Editor in 3.54 ms, found 5 plugins.
Asset Pipeline Refresh (id=2b161e932c2669340a0b809a06485186): Total: 0.075 seconds - Initiated by StopAssetImportingV2(NoUpdateAssetOptions)
SpriteAtlasPacking completed in 0.011034 sec
Entering Playmode with Reload Domain disabled.
If you experience any issues, please disable "Enter Play Mode Options" in Editor Settings
Loaded scene 'Temp/__Backupscenes/0.backup'
	Deserialize:            5.563 ms
	Integration:            50.812 ms
	Integration of assets:  0.075 ms
	Thread Wait Time:       0.028 ms
	Total Operation Time:   56.479 ms
Unloading 5 Unused Serialized files (Serialized files now loaded: 0)
Loaded scene 'Temp/__Backupscenes/0.backup'
	Deserialize:            2.683 ms
	Integration:            48.723 ms
	Integration of assets:  0.008 ms
	Thread Wait Time:       0.019 ms
	Total Operation Time:   51.432 ms
Unloading 31 unused Assets / (1.1 MB). Loaded Objects now: 10011.
Memory consumption went from 0.69 GB to 0.69 GB.
Total: 43.642400 ms (FindLiveObjects: 2.017600 ms CreateObjectMapping: 0.804200 ms MarkObjects: 40.071900 ms  DeleteObjects: 0.355900 ms)

Importing 'GUID: 68d93eff07252394dafedc22ff46967e - Path: Assets/Prefab/PipePair.prefab' with importer (PrefabImporter)
Imported 'GUID: 68d93eff07252394dafedc22ff46967e' -> (Import Result ID: 'da5df309639651cff8f29fa267824a1b') in 0.006 seconds [static and dynamic dependencies]. Details - ImportResultOutputID=1fb864b8d445c7fa85666c2b3d091dcc DependenciesID=ebcaf56f2a0583b03f0d41861551435b StaticDependenciesID=a7c19f60f223112fe4aa43de02122576 
Refreshing native plugins compatible for Editor in 2.71 ms, found 5 plugins.
Asset Pipeline Refresh (id=9771847af1d7d7342b427a0a050132d8): Total: 0.118 seconds - Initiated by StopAssetImportingV2(NoUpdateAssetOptions)
Importing 'GUID: 68d93eff07252394dafedc22ff46967e - Path: Assets/Prefab/PipePair.prefab' with importer (PrefabImporter)
Imported 'GUID: 68d93eff07252394dafedc22ff46967e' -> (Import Result ID: '80c01df40cbdc921e77433503e19523e') in 0.005 seconds [static and dynamic dependencies]. Details - ImportResultOutputID=ee4437ba25ac0fd53c33654b3a3a050c DependenciesID=03006ce80840215ef02170302aa55285 StaticDependenciesID=ed0dfad9ebadd917db6d586cf8713440 
Refreshing native plugins compatible for Editor in 2.98 ms, found 5 plugins.
Asset Pipeline Refresh (id=e2d60d9f365814049ab41574a56a075d): Total: 0.076 seconds - Initiated by StopAssetImportingV2(NoUpdateAssetOptions)
Importing 'GUID: 68d93eff07252394dafedc22ff46967e - Path: Assets/Prefab/PipePair.prefab' with importer (PrefabImporter)
Imported 'GUID: 68d93eff07252394dafedc22ff46967e' -> (Import Result ID: '732d635cfc3ae4ade74186c471f227c6') in 0.004 seconds [static and dynamic dependencies]. Details - ImportResultOutputID=317015c915b803ed60787d837b1f99cb DependenciesID=6520a439d305da0de2c02b3997788106 StaticDependenciesID=b79e4a3df15016f44752159e27786733 
Refreshing native plugins compatible for Editor in 3.09 ms, found 5 plugins.
Asset Pipeline Refresh (id=3cb7ffde180d56741b646741e84b5e6f): Total: 0.069 seconds - Initiated by StopAssetImportingV2(NoUpdateAssetOptions)
Importing 'GUID: 68d93eff07252394dafedc22ff46967e - Path: Assets/Prefab/PipePair.prefab' with importer (PrefabImporter)
Imported 'GUID: 68d93eff07252394dafedc22ff46967e' -> (Import Result ID: 'a46a24ffc965ee8778c06d4346d46540') in 0.005 seconds [static and dynamic dependencies]. Details - ImportResultOutputID=013190de4057fb8bd47d51435b9d7a0c DependenciesID=60497a63f2d5b8563a190198209f42f2 StaticDependenciesID=3cb8cf8d15defdc598fe40f09f604d9d 
Refreshing native plugins compatible for Editor in 2.91 ms, found 5 plugins.
Asset Pipeline Refresh (id=77e83d46c063c6e45bf1ecca8262d938): Total: 0.073 seconds - Initiated by StopAssetImportingV2(NoUpdateAssetOptions)
Importing 'GUID: 68d93eff07252394dafedc22ff46967e - Path: Assets/Prefab/PipePair.prefab' with importer (PrefabImporter)
Imported 'GUID: 68d93eff07252394dafedc22ff46967e' -> (Import Result ID: '00d9f36b1363826b123cff62ee33864a') in 0.005 seconds [static and dynamic dependencies]. Details - ImportResultOutputID=1ad4c9ed0bed0fa6c32691250c2f6730 DependenciesID=a42beff39c4cbe8ff98e33e1a371116d StaticDependenciesID=4bd13d08312afed4372442821f073cf7 
Refreshing native plugins compatible for Editor in 8.56 ms, found 5 plugins.
Asset Pipeline Refresh (id=10dd18daca3dc50488d3f4ef7fe4c18d): Total: 0.092 seconds - Initiated by StopAssetImportingV2(NoUpdateAssetOptions)
Importing 'GUID: 68d93eff07252394dafedc22ff46967e - Path: Assets/Prefab/PipePair.prefab' with importer (PrefabImporter)
Imported 'GUID: 68d93eff07252394dafedc22ff46967e' -> (Import Result ID: 'b782e014421f9f7e461cba271abe56d2') in 0.004 seconds [static and dynamic dependencies]. Details - ImportResultOutputID=4840db6e56d164a19c2435e04835c5d5 DependenciesID=74c555eafcfcc3c1878f3ab35b60b9fa StaticDependenciesID=aca742019097f2aa8caf96fa9fba5408 
Refreshing native plugins compatible for Editor in 3.16 ms, found 5 plugins.
Asset Pipeline Refresh (id=164ecb0f8f1ca684ba0fa0646cb1a4bb): Total: 0.077 seconds - Initiated by StopAssetImportingV2(NoUpdateAssetOptions)
Importing 'GUID: 68d93eff07252394dafedc22ff46967e - Path: Assets/Prefab/PipePair.prefab' with importer (PrefabImporter)
Imported 'GUID: 68d93eff07252394dafedc22ff46967e' -> (Import Result ID: '56947264b6b9526cbaa501f728204376') in 0.004 seconds [static and dynamic dependencies]. Details - ImportResultOutputID=4582aaefd7f912c39a0f982ddda6504f DependenciesID=fd0e335d3b923c2e1719f2daa69f88ab StaticDependenciesID=ebe55886e1801430fa03d749faac4457 
Refreshing native plugins compatible for Editor in 3.14 ms, found 5 plugins.
Asset Pipeline Refresh (id=810726e9a60a37645ade271f27b0a3d4): Total: 0.070 seconds - Initiated by StopAssetImportingV2(NoUpdateAssetOptions)
Importing 'GUID: 68d93eff07252394dafedc22ff46967e - Path: Assets/Prefab/PipePair.prefab' with importer (PrefabImporter)
Imported 'GUID: 68d93eff07252394dafedc22ff46967e' -> (Import Result ID: '870e4d616290f0e5ea55a31cd19621ca') in 0.005 seconds [static and dynamic dependencies]. Details - ImportResultOutputID=1a6d6fcd50516a4dc717b372421baacb DependenciesID=b4abc5b21afe060e39d62d0363ebd6b5 StaticDependenciesID=28be835fc1ef6c1e5bc20458b50c7ef6 
Refreshing native plugins compatible for Editor in 2.96 ms, found 5 plugins.
Asset Pipeline Refresh (id=7cd9de2624745344f9d1509b4cd8e32e): Total: 0.075 seconds - Initiated by StopAssetImportingV2(NoUpdateAssetOptions)
Importing 'GUID: 68d93eff07252394dafedc22ff46967e - Path: Assets/Prefab/PipePair.prefab' with importer (PrefabImporter)
Imported 'GUID: 68d93eff07252394dafedc22ff46967e' -> (Import Result ID: '9326573ba07f536558fe2646da7ae75d') in 0.006 seconds [static and dynamic dependencies]. Details - ImportResultOutputID=0e8ee4cc2a10dc8ff7ecc4ba1c9b28c2 DependenciesID=78b13abb5832fa184cee208b049ab2c2 StaticDependenciesID=ac5a6e3d81cedf219f4248c5718c0f90 
Refreshing native plugins compatible for Editor in 2.70 ms, found 5 plugins.
Asset Pipeline Refresh (id=3519d244718000a4b953883951acf39e): Total: 0.068 seconds - Initiated by StopAssetImportingV2(NoUpdateAssetOptions)
Importing 'GUID: 68d93eff07252394dafedc22ff46967e - Path: Assets/Prefab/PipePair.prefab' with importer (PrefabImporter)
Imported 'GUID: 68d93eff07252394dafedc22ff46967e' -> (Import Result ID: 'b628d78bcfd362908182f12e34ca09aa') in 0.004 seconds [static and dynamic dependencies]. Details - ImportResultOutputID=4a84ba5c16f879a89317ed006221564e DependenciesID=34f1d06ab705a6ef7f04f4090f692c25 StaticDependenciesID=d1feca422121e3f27badfb78f814ab14 
Refreshing native plugins compatible for Editor in 2.95 ms, found 5 plugins.
Asset Pipeline Refresh (id=5fd5fc8eeaa9c0e4e9e0a6d6f4aee954): Total: 0.074 seconds - Initiated by StopAssetImportingV2(NoUpdateAssetOptions)
Importing 'GUID: 68d93eff07252394dafedc22ff46967e - Path: Assets/Prefab/PipePair.prefab' with importer (PrefabImporter)
Imported 'GUID: 68d93eff07252394dafedc22ff46967e' -> (Import Result ID: '934a26e5845118bb597dd64b70995359') in 0.006 seconds [static and dynamic dependencies]. Details - ImportResultOutputID=2aba1f97f981b372da6e296508a24596 DependenciesID=f939a3ba0d8f80c2cabf64472ca3744f StaticDependenciesID=302118c76de31026456266c339394ea5 
Refreshing native plugins compatible for Editor in 3.10 ms, found 5 plugins.
Asset Pipeline Refresh (id=4277e03d76f396245a7dc3703be4ec98): Total: 0.081 seconds - Initiated by StopAssetImportingV2(NoUpdateAssetOptions)
Importing 'GUID: 68d93eff07252394dafedc22ff46967e - Path: Assets/Prefab/PipePair.prefab' with importer (PrefabImporter)
Imported 'GUID: 68d93eff07252394dafedc22ff46967e' -> (Import Result ID: 'b9323d9bafd108a12666aefc5b6b666d') in 0.004 seconds [static and dynamic dependencies]. Details - ImportResultOutputID=a540af5a044398d6e2670ffb52c89e9e DependenciesID=1be8e6e26652fa2c6e9c2d842e363c0e StaticDependenciesID=225c8657974f41de8c7a607c0ebee41f 
Refreshing native plugins compatible for Editor in 3.10 ms, found 5 plugins.
Asset Pipeline Refresh (id=8ef714b056c7e9c4a96643f5a320a16b): Total: 0.067 seconds - Initiated by StopAssetImportingV2(NoUpdateAssetOptions)
SpriteAtlasPacking completed in 0.013307 sec
Entering Playmode with Reload Domain disabled.
If you experience any issues, please disable "Enter Play Mode Options" in Editor Settings
Loaded scene 'Temp/__Backupscenes/0.backup'
	Deserialize:            6.460 ms
	Integration:            68.949 ms
	Integration of assets:  0.088 ms
	Thread Wait Time:       0.002 ms
	Total Operation Time:   75.499 ms
Bird is Dead!
UnityEngine.Debug:ExtractStackTraceNoAlloc (byte*,int,string)
UnityEngine.StackTraceUtility:ExtractStackTrace ()
UnityEngine.DebugLogHandler:Internal_Log (UnityEngine.LogType,UnityEngine.LogOption,string,UnityEngine.Object)
UnityEngine.DebugLogHandler:LogFormat (UnityEngine.LogType,UnityEngine.Object,string,object[])
UnityEngine.Logger:Log (UnityEngine.LogType,object)
UnityEngine.Debug:Log (object)
BirdDeath:Die () (at Assets/Script/BirdDeath.cs:40)
BirdDeath:OnCollisionEnter2D (UnityEngine.Collision2D) (at Assets/Script/BirdDeath.cs:27)

(Filename: Assets/Script/BirdDeath.cs Line: 40)

Unloading 5 Unused Serialized files (Serialized files now loaded: 0)
Loaded scene 'Temp/__Backupscenes/0.backup'
	Deserialize:            2.763 ms
	Integration:            64.116 ms
	Integration of assets:  0.007 ms
	Thread Wait Time:       0.400 ms
	Total Operation Time:   67.286 ms
Unloading 31 unused Assets / (1.0 MB). Loaded Objects now: 10018.
Memory consumption went from 0.69 GB to 0.69 GB.
Total: 38.591300 ms (FindLiveObjects: 2.047800 ms CreateObjectMapping: 0.849100 ms MarkObjects: 34.924700 ms  DeleteObjects: 0.370500 ms)

[Licensing::Client] Successfully resolved entitlement details
SpriteAtlasPacking completed in 0.011145 sec
Entering Playmode with Reload Domain disabled.
If you experience any issues, please disable "Enter Play Mode Options" in Editor Settings
Loaded scene 'Temp/__Backupscenes/0.backup'
	Deserialize:            5.889 ms
	Integration:            46.803 ms
	Integration of assets:  0.097 ms
	Thread Wait Time:       0.017 ms
	Total Operation Time:   52.805 ms
Bird is Dead!
UnityEngine.Debug:ExtractStackTraceNoAlloc (byte*,int,string)
UnityEngine.StackTraceUtility:ExtractStackTrace ()
UnityEngine.DebugLogHandler:Internal_Log (UnityEngine.LogType,UnityEngine.LogOption,string,UnityEngine.Object)
UnityEngine.DebugLogHandler:LogFormat (UnityEngine.LogType,UnityEngine.Object,string,object[])
UnityEngine.Logger:Log (UnityEngine.LogType,object)
UnityEngine.Debug:Log (object)
BirdDeath:Die () (at Assets/Script/BirdDeath.cs:40)
BirdDeath:OnCollisionEnter2D (UnityEngine.Collision2D) (at Assets/Script/BirdDeath.cs:27)

(Filename: Assets/Script/BirdDeath.cs Line: 40)

Unloading 6 Unused Serialized files (Serialized files now loaded: 0)
Unloading 1 unused Assets / (2.2 KB). Loaded Objects now: 10199.
Memory consumption went from 0.69 GB to 0.69 GB.
Total: 41.849400 ms (FindLiveObjects: 2.269300 ms CreateObjectMapping: 0.878100 ms MarkObjects: 38.138500 ms  DeleteObjects: 0.082400 ms)

Unloading 0 Unused Serialized files (Serialized files now loaded: 0)
Loaded scene 'Temp/__Backupscenes/0.backup'
	Deserialize:            3.277 ms
	Integration:            55.757 ms
	Integration of assets:  0.009 ms
	Thread Wait Time:       0.017 ms
	Total Operation Time:   59.059 ms
Unloading 0 unused Assets / (1.5 KB). Loaded Objects now: 10017.
Memory consumption went from 0.69 GB to 0.69 GB.
Total: 39.322900 ms (FindLiveObjects: 2.227800 ms CreateObjectMapping: 0.924100 ms MarkObjects: 35.293900 ms  DeleteObjects: 0.377200 ms)

Loaded scene 'Library/Unused/97f312a2f61f1044a85a72bf2781f0fc'
	Deserialize:            1.059 ms
	Integration:            0.428 ms
	Integration of assets:  0.005 ms
	Thread Wait Time:       0.030 ms
	Total Operation Time:   1.522 ms
Unloading 2 Unused Serialized files (Serialized files now loaded: 0)
Unloading 0 unused Assets / (0.7 KB). Loaded Objects now: 10168.
Memory consumption went from 0.69 GB to 0.69 GB.
Total: 43.743500 ms (FindLiveObjects: 2.311600 ms CreateObjectMapping: 0.922200 ms MarkObjects: 40.051200 ms  DeleteObjects: 0.057100 ms)

Importing 'GUID: 68d93eff07252394dafedc22ff46967e - Path: Assets/Prefab/PipePair.prefab' with importer (PrefabImporter)
Imported 'GUID: 68d93eff07252394dafedc22ff46967e' -> (Import Result ID: 'd133c8613e5f94b4070f2a88e8f708a1') in 0.005 seconds [static and dynamic dependencies]. Details - ImportResultOutputID=ea672feccd5c4ba5859df8399f73f5f8 DependenciesID=2a1718f4c37869aed5f83ba39bbc3bb6 StaticDependenciesID=37f6ecc3b751522cede4f9153476b013 
Refreshing native plugins compatible for Editor in 2.46 ms, found 5 plugins.
Asset Pipeline Refresh (id=c27d2809035eb524c8266c9c6841aa72): Total: 0.120 seconds - Initiated by StopAssetImportingV2(NoUpdateAssetOptions)
Refreshing native plugins compatible for Editor in 5.13 ms, found 5 plugins.
Asset Pipeline Refresh (id=7659ef41eddeea14da6bd4d4d4046b27): Total: 0.074 seconds - Initiated by StopAssetImportingV2(NoUpdateAssetOptions)
Importing 'GUID: 68d93eff07252394dafedc22ff46967e - Path: Assets/Prefab/PipePair.prefab' with importer (PrefabImporter)
Imported 'GUID: 68d93eff07252394dafedc22ff46967e' -> (Import Result ID: '7e01ae350d31979bee9a416863947fcd') in 0.004 seconds [static and dynamic dependencies]. Details - ImportResultOutputID=062dbf008ff792d70e2160c0d50ee48a DependenciesID=1aadad376c0350b60cde295bd5c9f14b StaticDependenciesID=972192abfd771b078f35c42ae529e425 
Refreshing native plugins compatible for Editor in 2.85 ms, found 5 plugins.
Asset Pipeline Refresh (id=730d46fd0bdd18b4ea7fe4e32fe6e469): Total: 0.072 seconds - Initiated by StopAssetImportingV2(NoUpdateAssetOptions)
Refreshing native plugins compatible for Editor in 2.94 ms, found 5 plugins.
Asset Pipeline Refresh (id=f63a4147ac109ac4390cde5ba4a40c9c): Total: 0.067 seconds - Initiated by StopAssetImportingV2(NoUpdateAssetOptions)
Importing 'GUID: 68d93eff07252394dafedc22ff46967e - Path: Assets/Prefab/PipePair.prefab' with importer (PrefabImporter)
Imported 'GUID: 68d93eff07252394dafedc22ff46967e' -> (Import Result ID: '38a56e10cae368913872c1e427b8b38d') in 0.005 seconds [static and dynamic dependencies]. Details - ImportResultOutputID=212d6fce88edb17ed25808626f59eeba DependenciesID=c462f3d34d4873e555bc2d5f522e889a StaticDependenciesID=0efc195f275f1e1004d44f6a0240a21e 
Refreshing native plugins compatible for Editor in 3.00 ms, found 5 plugins.
Asset Pipeline Refresh (id=09ec3a1bd001f314cafe1de08b309367): Total: 0.081 seconds - Initiated by StopAssetImportingV2(NoUpdateAssetOptions)
Refreshing native plugins compatible for Editor in 4.15 ms, found 5 plugins.
Asset Pipeline Refresh (id=837588699e01d7b4d9f8aa5765e35855): Total: 0.075 seconds - Initiated by StopAssetImportingV2(NoUpdateAssetOptions)
Asset Pipeline Refresh (id=60f9c65475523934aab12196f5ebab5e): Total: 0.031 seconds - Initiated by RefreshV2(AllowForceSynchronousImport)
Importing 'GUID: 68d93eff07252394dafedc22ff46967e - Path: Assets/Prefab/PipePair.prefab' with importer (PrefabImporter)
Imported 'GUID: 68d93eff07252394dafedc22ff46967e' -> (Import Result ID: '76ddd02d7b57f0ff31be8789557ca50d') in 0.005 seconds [static and dynamic dependencies]. Details - ImportResultOutputID=4d0169c0310b31bf2fc60f303a8c350a DependenciesID=da125aca8cb79343567a81e7d8516d39 StaticDependenciesID=35e41e9f7a9d2e3726ef9ae313e7698b 
Refreshing native plugins compatible for Editor in 9.00 ms, found 5 plugins.
Asset Pipeline Refresh (id=50af37ca5f9475d44910c9ad76bcea3b): Total: 0.089 seconds - Initiated by StopAssetImportingV2(NoUpdateAssetOptions)
Importing 'GUID: 68d93eff07252394dafedc22ff46967e - Path: Assets/Prefab/PipePair.prefab' with importer (PrefabImporter)
Imported 'GUID: 68d93eff07252394dafedc22ff46967e' -> (Import Result ID: '96e999541c3a85a15f0ddea33885fbd2') in 0.005 seconds [static and dynamic dependencies]. Details - ImportResultOutputID=e6a773096aeefb9dc7b11e2a4e93514e DependenciesID=0f1cc6301098cb3e750c2b18227c24f0 StaticDependenciesID=4277edaaac1cc6e3e153650953895a26 
Refreshing native plugins compatible for Editor in 3.88 ms, found 5 plugins.
Asset Pipeline Refresh (id=1f289647d8012e442badce53a67077ef): Total: 0.076 seconds - Initiated by StopAssetImportingV2(NoUpdateAssetOptions)
SpriteAtlasPacking completed in 0.014272 sec
Entering Playmode with Reload Domain disabled.
If you experience any issues, please disable "Enter Play Mode Options" in Editor Settings
Loaded scene 'Temp/__Backupscenes/0.backup'
	Deserialize:            7.025 ms
	Integration:            68.225 ms
	Integration of assets:  0.106 ms
	Thread Wait Time:       0.004 ms
	Total Operation Time:   75.361 ms
Bird is Dead!
UnityEngine.Debug:ExtractStackTraceNoAlloc (byte*,int,string)
UnityEngine.StackTraceUtility:ExtractStackTrace ()
UnityEngine.DebugLogHandler:Internal_Log (UnityEngine.LogType,UnityEngine.LogOption,string,UnityEngine.Object)
UnityEngine.DebugLogHandler:LogFormat (UnityEngine.LogType,UnityEngine.Object,string,object[])
UnityEngine.Logger:Log (UnityEngine.LogType,object)
UnityEngine.Debug:Log (object)
BirdDeath:Die () (at Assets/Script/BirdDeath.cs:40)
BirdDeath:OnCollisionEnter2D (UnityEngine.Collision2D) (at Assets/Script/BirdDeath.cs:27)

(Filename: Assets/Script/BirdDeath.cs Line: 40)

Unloading 5 Unused Serialized files (Serialized files now loaded: 0)
Loaded scene 'Temp/__Backupscenes/0.backup'
	Deserialize:            3.292 ms
	Integration:            40.754 ms
	Integration of assets:  0.011 ms
	Thread Wait Time:       0.030 ms
	Total Operation Time:   44.087 ms
Unloading 31 unused Assets / (0.8 MB). Loaded Objects now: 10025.
Memory consumption went from 0.69 GB to 0.69 GB.
Total: 40.623600 ms (FindLiveObjects: 2.054100 ms CreateObjectMapping: 0.747900 ms MarkObjects: 37.073300 ms  DeleteObjects: 0.302000 ms)

[Licensing::Client] Successfully resolved entitlement details
Importing 'GUID: 68d93eff07252394dafedc22ff46967e - Path: Assets/Prefab/PipePair.prefab' with importer (PrefabImporter)
Imported 'GUID: 68d93eff07252394dafedc22ff46967e' -> (Import Result ID: '3699fcbcb7cc7f6bcc401e9ef40cefd9') in 0.005 seconds [static and dynamic dependencies]. Details - ImportResultOutputID=0f5898e7a0ff2d833e178674ec374c8d DependenciesID=9cf631b09469cc0473e00f96298bb6d3 StaticDependenciesID=6df8b5cc4600590ab1ff77f03f06eefc 
Refreshing native plugins compatible for Editor in 3.14 ms, found 5 plugins.
Asset Pipeline Refresh (id=0b34ee9e8c52c264099dd56ce3968a62): Total: 0.107 seconds - Initiated by StopAssetImportingV2(NoUpdateAssetOptions)
Importing 'GUID: 68d93eff07252394dafedc22ff46967e - Path: Assets/Prefab/PipePair.prefab' with importer (PrefabImporter)
Imported 'GUID: 68d93eff07252394dafedc22ff46967e' -> (Import Result ID: 'e909b0e7f21ec84daeec43d2fef8001e') in 0.007 seconds [static and dynamic dependencies]. Details - ImportResultOutputID=ebd68cf6400cbff6931808e0f3fecdd0 DependenciesID=b9476b8ee0d70138ffd52a24d0a59b05 StaticDependenciesID=237fd66198a11180aaa88bdabc943161 
Refreshing native plugins compatible for Editor in 3.51 ms, found 5 plugins.
Asset Pipeline Refresh (id=7d5edc4d3599bec4d8f09ae18e31110d): Total: 0.076 seconds - Initiated by StopAssetImportingV2(NoUpdateAssetOptions)
Asset Pipeline Refresh (id=613be3a1e8d3df744ade27f3f6045c1a): Total: 0.022 seconds - Initiated by RefreshV2(AllowForceSynchronousImport)
Asset Pipeline Refresh (id=3659c2ef56388ac4a90b3a27f3d0cfee): Total: 0.005 seconds - Initiated by RefreshV2(AllowForceSynchronousImport)
Unloading 0 Unused Serialized files (Serialized files now loaded: 0)
Unloading 17 unused Assets / (95.2 KB). Loaded Objects now: 10116.
Memory consumption went from 0.69 GB to 0.69 GB.
Total: 48.239400 ms (FindLiveObjects: 2.548400 ms CreateObjectMapping: 0.853100 ms MarkObjects: 44.311800 ms  DeleteObjects: 0.101900 ms)

GetVirtualKey: Could not map char: z (122) to any virtual key
GetVirtualKey: Could not map char: y (121) to any virtual key
GetVirtualKey: Could not map char: [ (91) to any virtual key
GetVirtualKey: Could not map char: ] (93) to any virtual key
GetVirtualKey: Could not map char: x (120) to any virtual key
GetVirtualKey: Could not map char: c (99) to any virtual key
GetVirtualKey: Could not map char: v (118) to any virtual key
GetVirtualKey: Could not map char: V (86) to any virtual key
GetVirtualKey: Could not map char: d (100) to any virtual key
GetVirtualKey: Could not map char: f (102) to any virtual key
GetVirtualKey: Could not map char: f (102) to any virtual key
GetVirtualKey: Could not map char: a (97) to any virtual key
GetVirtualKey: Could not map char: d (100) to any virtual key
GetVirtualKey: Could not map char: c (99) to any virtual key
GetVirtualKey: Could not map char: r (114) to any virtual key
GetVirtualKey: Could not map char: i (105) to any virtual key
GetVirtualKey: Could not map char: l (108) to any virtual key
GetVirtualKey: Could not map char: f (102) to any virtual key
GetVirtualKey: Could not map char: k (107) to any virtual key
GetVirtualKey: Could not map char: p (112) to any virtual key
GetVirtualKey: Could not map char: p (112) to any virtual key
GetVirtualKey: Could not map char: p (112) to any virtual key
GetVirtualKey: Could not map char: c (99) to any virtual key
GetVirtualKey: Could not map char: r (114) to any virtual key
GetVirtualKey: Could not map char: P (80) to any virtual key
GetVirtualKey: Could not map char: n (110) to any virtual key
GetVirtualKey: Could not map char: n (110) to any virtual key
GetVirtualKey: Could not map char: g (103) to any virtual key
GetVirtualKey: Could not map char: = (61) to any virtual key
GetVirtualKey: Could not map char: f (102) to any virtual key
GetVirtualKey: Could not map char: f (102) to any virtual key
GetVirtualKey: Could not map char: a (97) to any virtual key
GetVirtualKey: Could not map char: a (97) to any virtual key
GetVirtualKey: Could not map char: c (99) to any virtual key
GetVirtualKey: Could not map char: u (117) to any virtual key
GetVirtualKey: Could not map char: n (110) to any virtual key
GetVirtualKey: Could not map char: o (111) to any virtual key
GetVirtualKey: Could not map char: s (115) to any virtual key
GetVirtualKey: Could not map char: s (115) to any virtual key
GetVirtualKey: Could not map char: b (98) to any virtual key
GetVirtualKey: Could not map char: b (98) to any virtual key
GetVirtualKey: Could not map char: x (120) to any virtual key
GetVirtualKey: Could not map char: c (99) to any virtual key
GetVirtualKey: Could not map char: v (118) to any virtual key
GetVirtualKey: Could not map char: V (86) to any virtual key
GetVirtualKey: Could not map char: d (100) to any virtual key
GetVirtualKey: Could not map char: a (97) to any virtual key
GetVirtualKey: Could not map char: d (100) to any virtual key
GetVirtualKey: Could not map char: i (105) to any virtual key
GetVirtualKey: Could not map char: c (99) to any virtual key
GetVirtualKey: Could not map char: n (110) to any virtual key
GetVirtualKey: Could not map char: n (110) to any virtual key
GetVirtualKey: Could not map char: g (103) to any virtual key
GetVirtualKey: Could not map char: f (102) to any virtual key
GetVirtualKey: Could not map char: f (102) to any virtual key
GetVirtualKey: Could not map char: a (97) to any virtual key
GetVirtualKey: Could not map char: x (120) to any virtual key
GetVirtualKey: Could not map char: c (99) to any virtual key
GetVirtualKey: Could not map char: v (118) to any virtual key
GetVirtualKey: Could not map char: V (86) to any virtual key
GetVirtualKey: Could not map char: d (100) to any virtual key
GetVirtualKey: Could not map char: a (97) to any virtual key
GetVirtualKey: Could not map char: d (100) to any virtual key
GetVirtualKey: Could not map char: i (105) to any virtual key
GetVirtualKey: Could not map char: c (99) to any virtual key
GetVirtualKey: Could not map char: n (110) to any virtual key
GetVirtualKey: Could not map char: n (110) to any virtual key
GetVirtualKey: Could not map char: g (103) to any virtual key
GetVirtualKey: Could not map char: f (102) to any virtual key
GetVirtualKey: Could not map char: f (102) to any virtual key
GetVirtualKey: Could not map char: a (97) to any virtual key
AcceleratorClientConnectionCallback - disconnected - :0
Importing 'GUID: 00000000000000003000000000000000 - Path: ProjectSettings/TagManager.asset' with importer (LibraryAssetImporter)
Imported 'GUID: 00000000000000003000000000000000' -> (Import Result ID: '4da7bb464ddd85cee622a401d27d3bdb') in 0.004 seconds [static dependencies only]. Details - ImportResultOutputID=f000288eab4d423778547d37d97a06b9 DependenciesID=30789670dc21066746b7a91a5612eb2e StaticDependenciesID=917b3b35879f09e9093822813aa246a1 
Importing 'GUID: 00000000000000009000000000000000 - Path: ProjectSettings/QualitySettings.asset' with importer (LibraryAssetImporter)
Imported 'GUID: 00000000000000009000000000000000' -> (Import Result ID: 'ad6ca2034549a8dd6f88c2e2fb528c97') in 0.002 seconds [static dependencies only]. Details - ImportResultOutputID=2a108b3da874f726c62fbe5f12be4a8a DependenciesID=1aedbe56ae62f321fe459982db2fa012 StaticDependenciesID=e9a43e809c5953780a851aff477bfce8 
Refreshing native plugins compatible for Editor in 2.79 ms, found 5 plugins.
Asset Pipeline Refresh (id=41a7b81b2e6eac14f8a5969978f00bb3): Total: 0.105 seconds - Initiated by StopAssetImportingV2(NoUpdateAssetOptions)
Importing 'GUID: 8c9cfa26abfee488c85f1582747f6a02 - Path: Assets/Scenes/SampleScene.unity' with importer (DefaultImporter)
Imported 'GUID: 8c9cfa26abfee488c85f1582747f6a02' -> (Import Result ID: 'ffb3bd3c819188997a6ab7cbba471d50') in 0.002 seconds [static dependencies only]. Details - ImportResultOutputID=024c942fddc2cb857ccb9edff708c760 DependenciesID=2b27f2c829a702e8e236d83aa991fd63 StaticDependenciesID=502c23b08a65bd2d4762e1994968dd2a 
Refreshing native plugins compatible for Editor in 3.55 ms, found 5 plugins.
Asset Pipeline Refresh (id=3bdcef04749652148b5340e542dd856b): Total: 0.077 seconds - Initiated by StopAssetImportingV2(NoUpdateAssetOptions)
The character with Unicode value \u0E0B was not found in the [LiberationSans SDF] font asset or any potential fallbacks. It was replaced by Unicode character \u25A1 in text object [CoinText].
UnityEngine.Debug:ExtractStackTraceNoAlloc (byte*,int,string)
UnityEngine.StackTraceUtility:ExtractStackTrace ()
UnityEngine.DebugLogHandler:Internal_Log (UnityEngine.LogType,UnityEngine.LogOption,string,UnityEngine.Object)
UnityEngine.DebugLogHandler:LogFormat (UnityEngine.LogType,UnityEngine.Object,string,object[])
UnityEngine.Logger:Log (UnityEngine.LogType,object,UnityEngine.Object)
UnityEngine.Debug:LogWarning (object,UnityEngine.Object)
TMPro.TextMeshProUGUI:SetArraySizes (TMPro.TMP_Text/TextProcessingElement[]) (at ./Library/PackageCache/com.unity.ugui@0f30cee369f3/Runtime/TMP/TextMeshProUGUI.cs:1980)
TMPro.TMP_Text:ParseInputText () (at ./Library/PackageCache/com.unity.ugui@0f30cee369f3/Runtime/TMP/TMP_Text.cs:2157)
TMPro.TextMeshProUGUI:OnPreRenderCanvas () (at ./Library/PackageCache/com.unity.ugui@0f30cee369f3/Runtime/TMP/TextMeshProUGUI.cs:2465)
TMPro.TextMeshProUGUI:Rebuild (UnityEngine.UI.CanvasUpdate) (at ./Library/PackageCache/com.unity.ugui@0f30cee369f3/Runtime/TMP/TextMeshProUGUI.cs:226)
UnityEngine.UI.CanvasUpdateRegistry:PerformUpdate () (at ./Library/PackageCache/com.unity.ugui@0f30cee369f3/Runtime/UGUI/UI/Core/CanvasUpdateRegistry.cs:226)
UnityEngine.Canvas:SendWillRenderCanvases ()

(Filename: ./Library/PackageCache/com.unity.ugui@0f30cee369f3/Runtime/TMP/TextMeshProUGUI.cs Line: 1980)

The character with Unicode value \u0E0B was not found in the [LiberationSans SDF] font asset or any potential fallbacks. It was replaced by Unicode character \u25A1 in text object [CoinText].
UnityEngine.Debug:ExtractStackTraceNoAlloc (byte*,int,string)
UnityEngine.StackTraceUtility:ExtractStackTrace ()
UnityEngine.DebugLogHandler:Internal_Log (UnityEngine.LogType,UnityEngine.LogOption,string,UnityEngine.Object)
UnityEngine.DebugLogHandler:LogFormat (UnityEngine.LogType,UnityEngine.Object,string,object[])
UnityEngine.Logger:Log (UnityEngine.LogType,object,UnityEngine.Object)
UnityEngine.Debug:LogWarning (object,UnityEngine.Object)
TMPro.TextMeshProUGUI:SetArraySizes (TMPro.TMP_Text/TextProcessingElement[]) (at ./Library/PackageCache/com.unity.ugui@0f30cee369f3/Runtime/TMP/TextMeshProUGUI.cs:1980)
TMPro.TMP_Text:ParseInputText () (at ./Library/PackageCache/com.unity.ugui@0f30cee369f3/Runtime/TMP/TMP_Text.cs:2157)
TMPro.TMP_Text:GetPreferredWidth () (at ./Library/PackageCache/com.unity.ugui@0f30cee369f3/Runtime/TMP/TMP_Text.cs:3949)
TMPro.TMP_Text:get_preferredWidth () (at ./Library/PackageCache/com.unity.ugui@0f30cee369f3/Runtime/TMP/TMP_Text.cs:1553)
UnityEditor.Events.LayoutPropertiesPreview/<>c:<OnPreviewGUI>b__8_4 (UnityEngine.UI.ILayoutElement) (at ./Library/PackageCache/com.unity.ugui@0f30cee369f3/Editor/UGUI/UI/LayoutPropertiesPreview.cs:101)
UnityEngine.UI.LayoutUtility:GetLayoutProperty (UnityEngine.RectTransform,System.Func`2<UnityEngine.UI.ILayoutElement, single>,System.Func`3<single, single, bool>,single,UnityEngine.UI.ILayoutElement&) (at ./Library/PackageCache/com.unity.ugui@0f30cee369f3/Runtime/UGUI/UI/Core/Layout/LayoutUtility.cs:230)
UnityEngine.UI.LayoutUtility:GetLayoutProperty (UnityEngine.RectTransform,System.Func`2<UnityEngine.UI.ILayoutElement, single>,single,UnityEngine.UI.ILayoutElement&) (at ./Library/PackageCache/com.unity.ugui@0f30cee369f3/Runtime/UGUI/UI/Core/Layout/LayoutUtility.cs:196)
UnityEditor.Events.LayoutPropertiesPreview:OnPreviewGUI (UnityEngine.Rect,UnityEngine.GUIStyle) (at ./Library/PackageCache/com.unity.ugui@0f30cee369f3/Editor/UGUI/UI/LayoutPropertiesPreview.cs:101)
UnityEditor.ObjectPreview:OnInteractivePreviewGUI (UnityEngine.Rect,UnityEngine.GUIStyle)
UnityEditor.ObjectPreview:DrawPreview (UnityEditor.IPreviewable,UnityEngine.Rect,UnityEngine.Object[])
UnityEditor.ObjectPreview:DrawPreview (UnityEngine.Rect)
UnityEditor.PropertyEditor:DrawPreview (UnityEditor.IPreviewable)
UnityEditor.PropertyEditor:DrawPreviewAndLabels ()
UnityEngine.UIElements.IMGUIContainer:DoOnGUI (UnityEngine.Event,UnityEngine.Matrix4x4,UnityEngine.Rect,bool,UnityEngine.Rect,System.Action,bool)
UnityEngine.UIElements.IMGUIContainer:HandleIMGUIEvent (UnityEngine.Event,UnityEngine.Matrix4x4,UnityEngine.Rect,System.Action,bool)
UnityEngine.UIElements.IMGUIContainer:DoIMGUIRepaint ()
UnityEngine.UIElements.UIR.RenderChainCommand:ExecuteNonDrawMesh (UnityEngine.UIElements.UIR.DrawParams,System.Exception&)
UnityEngine.UIElements.UIR.UIRenderDevice:EvaluateChain (UnityEngine.UIElements.UIR.RenderChainCommand,UnityEngine.Material,UnityEngine.Texture,UnityEngine.UIElements.UIR.ShaderInfoAllocator,System.Nullable`1<UnityEngine.Rect>,UnityEngine.Rect,single,bool,UnityEngine.UIElements.TextureSlotCount,bool,System.Exception&,UnityEngine.UIElements.BaseVisualElementPanel)
UnityEngine.UIElements.UIR.RenderTreeManager:RenderSingleTree (UnityEngine.UIElements.UIR.RenderTree,UnityEngine.RenderTexture,UnityEngine.RectInt,UnityEngine.Rect)
UnityEngine.UIElements.UIR.RenderTreeManager:RenderRootTree ()
UnityEngine.UIElements.UIRRepaintUpdater:Render ()
UnityEngine.UIElements.BaseVisualElementPanel:Render ()
UnityEngine.UIElements.Panel:Render ()
UnityEditor.UIElements.EditorEventDispatchUtility:DoDispatch (UnityEngine.UIElements.BaseVisualElementPanel,UnityEngine.Event)
UnityEditor.UIElements.DefaultWindowBackend:ProcessEvent (UnityEngine.Event)
UnityEditor.GUIView:ProcessEvent (UnityEngine.EntityId,intptr,bool&)

(Filename: ./Library/PackageCache/com.unity.ugui@0f30cee369f3/Runtime/TMP/TextMeshProUGUI.cs Line: 1980)

The character with Unicode value \u0E0B was not found in the [LiberationSans SDF] font asset or any potential fallbacks. It was replaced by Unicode character \u25A1 in text object [CoinText].
UnityEngine.Debug:ExtractStackTraceNoAlloc (byte*,int,string)
UnityEngine.StackTraceUtility:ExtractStackTrace ()
UnityEngine.DebugLogHandler:Internal_Log (UnityEngine.LogType,UnityEngine.LogOption,string,UnityEngine.Object)
UnityEngine.DebugLogHandler:LogFormat (UnityEngine.LogType,UnityEngine.Object,string,object[])
UnityEngine.Logger:Log (UnityEngine.LogType,object,UnityEngine.Object)
UnityEngine.Debug:LogWarning (object,UnityEngine.Object)
TMPro.TextMeshProUGUI:SetArraySizes (TMPro.TMP_Text/TextProcessingElement[]) (at ./Library/PackageCache/com.unity.ugui@0f30cee369f3/Runtime/TMP/TextMeshProUGUI.cs:1980)
TMPro.TMP_Text:ParseInputText () (at ./Library/PackageCache/com.unity.ugui@0f30cee369f3/Runtime/TMP/TMP_Text.cs:2157)
TMPro.TMP_Text:GetPreferredHeight () (at ./Library/PackageCache/com.unity.ugui@0f30cee369f3/Runtime/TMP/TMP_Text.cs:4022)
TMPro.TMP_Text:get_preferredHeight () (at ./Library/PackageCache/com.unity.ugui@0f30cee369f3/Runtime/TMP/TMP_Text.cs:1561)
UnityEditor.Events.LayoutPropertiesPreview/<>c:<OnPreviewGUI>b__8_5 (UnityEngine.UI.ILayoutElement) (at ./Library/PackageCache/com.unity.ugui@0f30cee369f3/Editor/UGUI/UI/LayoutPropertiesPreview.cs:102)
UnityEngine.UI.LayoutUtility:GetLayoutProperty (UnityEngine.RectTransform,System.Func`2<UnityEngine.UI.ILayoutElement, single>,System.Func`3<single, single, bool>,single,UnityEngine.UI.ILayoutElement&) (at ./Library/PackageCache/com.unity.ugui@0f30cee369f3/Runtime/UGUI/UI/Core/Layout/LayoutUtility.cs:230)
UnityEngine.UI.LayoutUtility:GetLayoutProperty (UnityEngine.RectTransform,System.Func`2<UnityEngine.UI.ILayoutElement, single>,single,UnityEngine.UI.ILayoutElement&) (at ./Library/PackageCache/com.unity.ugui@0f30cee369f3/Runtime/UGUI/UI/Core/Layout/LayoutUtility.cs:196)
UnityEditor.Events.LayoutPropertiesPreview:OnPreviewGUI (UnityEngine.Rect,UnityEngine.GUIStyle) (at ./Library/PackageCache/com.unity.ugui@0f30cee369f3/Editor/UGUI/UI/LayoutPropertiesPreview.cs:102)
UnityEditor.ObjectPreview:OnInteractivePreviewGUI (UnityEngine.Rect,UnityEngine.GUIStyle)
UnityEditor.ObjectPreview:DrawPreview (UnityEditor.IPreviewable,UnityEngine.Rect,UnityEngine.Object[])
UnityEditor.ObjectPreview:DrawPreview (UnityEngine.Rect)
UnityEditor.PropertyEditor:DrawPreview (UnityEditor.IPreviewable)
UnityEditor.PropertyEditor:DrawPreviewAndLabels ()
UnityEngine.UIElements.IMGUIContainer:DoOnGUI (UnityEngine.Event,UnityEngine.Matrix4x4,UnityEngine.Rect,bool,UnityEngine.Rect,System.Action,bool)
UnityEngine.UIElements.IMGUIContainer:HandleIMGUIEvent (UnityEngine.Event,UnityEngine.Matrix4x4,UnityEngine.Rect,System.Action,bool)
UnityEngine.UIElements.IMGUIContainer:DoIMGUIRepaint ()
UnityEngine.UIElements.UIR.RenderChainCommand:ExecuteNonDrawMesh (UnityEngine.UIElements.UIR.DrawParams,System.Exception&)
UnityEngine.UIElements.UIR.UIRenderDevice:EvaluateChain (UnityEngine.UIElements.UIR.RenderChainCommand,UnityEngine.Material,UnityEngine.Texture,UnityEngine.UIElements.UIR.ShaderInfoAllocator,System.Nullable`1<UnityEngine.Rect>,UnityEngine.Rect,single,bool,UnityEngine.UIElements.TextureSlotCount,bool,System.Exception&,UnityEngine.UIElements.BaseVisualElementPanel)
UnityEngine.UIElements.UIR.RenderTreeManager:RenderSingleTree (UnityEngine.UIElements.UIR.RenderTree,UnityEngine.RenderTexture,UnityEngine.RectInt,UnityEngine.Rect)
UnityEngine.UIElements.UIR.RenderTreeManager:RenderRootTree ()
UnityEngine.UIElements.UIRRepaintUpdater:Render ()
UnityEngine.UIElements.BaseVisualElementPanel:Render ()
UnityEngine.UIElements.Panel:Render ()
UnityEditor.UIElements.EditorEventDispatchUtility:DoDispatch (UnityEngine.UIElements.BaseVisualElementPanel,UnityEngine.Event)
UnityEditor.UIElements.DefaultWindowBackend:ProcessEvent (UnityEngine.Event)
UnityEditor.GUIView:ProcessEvent (UnityEngine.EntityId,intptr,bool&)

(Filename: ./Library/PackageCache/com.unity.ugui@0f30cee369f3/Runtime/TMP/TextMeshProUGUI.cs Line: 1980)

The character with Unicode value \u0E0B was not found in the [LiberationSans SDF] font asset or any potential fallbacks. It was replaced by Unicode character \u25A1 in text object [CoinText].
UnityEngine.Debug:ExtractStackTraceNoAlloc (byte*,int,string)
UnityEngine.StackTraceUtility:ExtractStackTrace ()
UnityEngine.DebugLogHandler:Internal_Log (UnityEngine.LogType,UnityEngine.LogOption,string,UnityEngine.Object)
UnityEngine.DebugLogHandler:LogFormat (UnityEngine.LogType,UnityEngine.Object,string,object[])
UnityEngine.Logger:Log (UnityEngine.LogType,object,UnityEngine.Object)
UnityEngine.Debug:LogWarning (object,UnityEngine.Object)
TMPro.TextMeshProUGUI:SetArraySizes (TMPro.TMP_Text/TextProcessingElement[]) (at ./Library/PackageCache/com.unity.ugui@0f30cee369f3/Runtime/TMP/TextMeshProUGUI.cs:1980)
TMPro.TMP_Text:ParseInputText () (at ./Library/PackageCache/com.unity.ugui@0f30cee369f3/Runtime/TMP/TMP_Text.cs:2157)
TMPro.TextMeshProUGUI:OnPreRenderCanvas () (at ./Library/PackageCache/com.unity.ugui@0f30cee369f3/Runtime/TMP/TextMeshProUGUI.cs:2465)
TMPro.TextMeshProUGUI:Rebuild (UnityEngine.UI.CanvasUpdate) (at ./Library/PackageCache/com.unity.ugui@0f30cee369f3/Runtime/TMP/TextMeshProUGUI.cs:226)
UnityEngine.UI.CanvasUpdateRegistry:PerformUpdate () (at ./Library/PackageCache/com.unity.ugui@0f30cee369f3/Runtime/UGUI/UI/Core/CanvasUpdateRegistry.cs:226)
UnityEngine.Canvas:SendWillRenderCanvases ()

(Filename: ./Library/PackageCache/com.unity.ugui@0f30cee369f3/Runtime/TMP/TextMeshProUGUI.cs Line: 1980)

The character with Unicode value \u0E0B was not found in the [LiberationSans SDF] font asset or any potential fallbacks. It was replaced by Unicode character \u25A1 in text object [CoinText].
UnityEngine.Debug:ExtractStackTraceNoAlloc (byte*,int,string)
UnityEngine.StackTraceUtility:ExtractStackTrace ()
UnityEngine.DebugLogHandler:Internal_Log (UnityEngine.LogType,UnityEngine.LogOption,string,UnityEngine.Object)
UnityEngine.DebugLogHandler:LogFormat (UnityEngine.LogType,UnityEngine.Object,string,object[])
UnityEngine.Logger:Log (UnityEngine.LogType,object,UnityEngine.Object)
UnityEngine.Debug:LogWarning (object,UnityEngine.Object)
TMPro.TextMeshProUGUI:SetArraySizes (TMPro.TMP_Text/TextProcessingElement[]) (at ./Library/PackageCache/com.unity.ugui@0f30cee369f3/Runtime/TMP/TextMeshProUGUI.cs:1980)
TMPro.TMP_Text:ParseInputText () (at ./Library/PackageCache/com.unity.ugui@0f30cee369f3/Runtime/TMP/TMP_Text.cs:2157)
TMPro.TMP_Text:GetPreferredWidth () (at ./Library/PackageCache/com.unity.ugui@0f30cee369f3/Runtime/TMP/TMP_Text.cs:3949)
TMPro.TMP_Text:get_preferredWidth () (at ./Library/PackageCache/com.unity.ugui@0f30cee369f3/Runtime/TMP/TMP_Text.cs:1553)
UnityEditor.Events.LayoutPropertiesPreview/<>c:<OnPreviewGUI>b__8_4 (UnityEngine.UI.ILayoutElement) (at ./Library/PackageCache/com.unity.ugui@0f30cee369f3/Editor/UGUI/UI/LayoutPropertiesPreview.cs:101)
UnityEngine.UI.LayoutUtility:GetLayoutProperty (UnityEngine.RectTransform,System.Func`2<UnityEngine.UI.ILayoutElement, single>,System.Func`3<single, single, bool>,single,UnityEngine.UI.ILayoutElement&) (at ./Library/PackageCache/com.unity.ugui@0f30cee369f3/Runtime/UGUI/UI/Core/Layout/LayoutUtility.cs:230)
UnityEngine.UI.LayoutUtility:GetLayoutProperty (UnityEngine.RectTransform,System.Func`2<UnityEngine.UI.ILayoutElement, single>,single,UnityEngine.UI.ILayoutElement&) (at ./Library/PackageCache/com.unity.ugui@0f30cee369f3/Runtime/UGUI/UI/Core/Layout/LayoutUtility.cs:196)
UnityEditor.Events.LayoutPropertiesPreview:OnPreviewGUI (UnityEngine.Rect,UnityEngine.GUIStyle) (at ./Library/PackageCache/com.unity.ugui@0f30cee369f3/Editor/UGUI/UI/LayoutPropertiesPreview.cs:101)
UnityEditor.ObjectPreview:OnInteractivePreviewGUI (UnityEngine.Rect,UnityEngine.GUIStyle)
UnityEditor.ObjectPreview:DrawPreview (UnityEditor.IPreviewable,UnityEngine.Rect,UnityEngine.Object[])
UnityEditor.ObjectPreview:DrawPreview (UnityEngine.Rect)
UnityEditor.PropertyEditor:DrawPreview (UnityEditor.IPreviewable)
UnityEditor.PropertyEditor:DrawPreviewAndLabels ()
UnityEngine.UIElements.IMGUIContainer:DoOnGUI (UnityEngine.Event,UnityEngine.Matrix4x4,UnityEngine.Rect,bool,UnityEngine.Rect,System.Action,bool)
UnityEngine.UIElements.IMGUIContainer:HandleIMGUIEvent (UnityEngine.Event,UnityEngine.Matrix4x4,UnityEngine.Rect,System.Action,bool)
UnityEngine.UIElements.IMGUIContainer:DoIMGUIRepaint ()
UnityEngine.UIElements.UIR.RenderChainCommand:ExecuteNonDrawMesh (UnityEngine.UIElements.UIR.DrawParams,System.Exception&)
UnityEngine.UIElements.UIR.UIRenderDevice:EvaluateChain (UnityEngine.UIElements.UIR.RenderChainCommand,UnityEngine.Material,UnityEngine.Texture,UnityEngine.UIElements.UIR.ShaderInfoAllocator,System.Nullable`1<UnityEngine.Rect>,UnityEngine.Rect,single,bool,UnityEngine.UIElements.TextureSlotCount,bool,System.Exception&,UnityEngine.UIElements.BaseVisualElementPanel)
UnityEngine.UIElements.UIR.RenderTreeManager:RenderSingleTree (UnityEngine.UIElements.UIR.RenderTree,UnityEngine.RenderTexture,UnityEngine.RectInt,UnityEngine.Rect)
UnityEngine.UIElements.UIR.RenderTreeManager:RenderRootTree ()
UnityEngine.UIElements.UIRRepaintUpdater:Render ()
UnityEngine.UIElements.BaseVisualElementPanel:Render ()
UnityEngine.UIElements.Panel:Render ()
UnityEditor.UIElements.EditorEventDispatchUtility:DoDispatch (UnityEngine.UIElements.BaseVisualElementPanel,UnityEngine.Event)
UnityEditor.UIElements.DefaultWindowBackend:ProcessEvent (UnityEngine.Event)
UnityEditor.GUIView:ProcessEvent (UnityEngine.EntityId,intptr,bool&)

(Filename: ./Library/PackageCache/com.unity.ugui@0f30cee369f3/Runtime/TMP/TextMeshProUGUI.cs Line: 1980)

The character with Unicode value \u0E0B was not found in the [LiberationSans SDF] font asset or any potential fallbacks. It was replaced by Unicode character \u25A1 in text object [CoinText].
UnityEngine.Debug:ExtractStackTraceNoAlloc (byte*,int,string)
UnityEngine.StackTraceUtility:ExtractStackTrace ()
UnityEngine.DebugLogHandler:Internal_Log (UnityEngine.LogType,UnityEngine.LogOption,string,UnityEngine.Object)
UnityEngine.DebugLogHandler:LogFormat (UnityEngine.LogType,UnityEngine.Object,string,object[])
UnityEngine.Logger:Log (UnityEngine.LogType,object,UnityEngine.Object)
UnityEngine.Debug:LogWarning (object,UnityEngine.Object)
TMPro.TextMeshProUGUI:SetArraySizes (TMPro.TMP_Text/TextProcessingElement[]) (at ./Library/PackageCache/com.unity.ugui@0f30cee369f3/Runtime/TMP/TextMeshProUGUI.cs:1980)
TMPro.TMP_Text:ParseInputText () (at ./Library/PackageCache/com.unity.ugui@0f30cee369f3/Runtime/TMP/TMP_Text.cs:2157)
TMPro.TMP_Text:GetPreferredHeight () (at ./Library/PackageCache/com.unity.ugui@0f30cee369f3/Runtime/TMP/TMP_Text.cs:4022)
TMPro.TMP_Text:get_preferredHeight () (at ./Library/PackageCache/com.unity.ugui@0f30cee369f3/Runtime/TMP/TMP_Text.cs:1561)
UnityEditor.Events.LayoutPropertiesPreview/<>c:<OnPreviewGUI>b__8_5 (UnityEngine.UI.ILayoutElement) (at ./Library/PackageCache/com.unity.ugui@0f30cee369f3/Editor/UGUI/UI/LayoutPropertiesPreview.cs:102)
UnityEngine.UI.LayoutUtility:GetLayoutProperty (UnityEngine.RectTransform,System.Func`2<UnityEngine.UI.ILayoutElement, single>,System.Func`3<single, single, bool>,single,UnityEngine.UI.ILayoutElement&) (at ./Library/PackageCache/com.unity.ugui@0f30cee369f3/Runtime/UGUI/UI/Core/Layout/LayoutUtility.cs:230)
UnityEngine.UI.LayoutUtility:GetLayoutProperty (UnityEngine.RectTransform,System.Func`2<UnityEngine.UI.ILayoutElement, single>,single,UnityEngine.UI.ILayoutElement&) (at ./Library/PackageCache/com.unity.ugui@0f30cee369f3/Runtime/UGUI/UI/Core/Layout/LayoutUtility.cs:196)
UnityEditor.Events.LayoutPropertiesPreview:OnPreviewGUI (UnityEngine.Rect,UnityEngine.GUIStyle) (at ./Library/PackageCache/com.unity.ugui@0f30cee369f3/Editor/UGUI/UI/LayoutPropertiesPreview.cs:102)
UnityEditor.ObjectPreview:OnInteractivePreviewGUI (UnityEngine.Rect,UnityEngine.GUIStyle)
UnityEditor.ObjectPreview:DrawPreview (UnityEditor.IPreviewable,UnityEngine.Rect,UnityEngine.Object[])
UnityEditor.ObjectPreview:DrawPreview (UnityEngine.Rect)
UnityEditor.PropertyEditor:DrawPreview (UnityEditor.IPreviewable)
UnityEditor.PropertyEditor:DrawPreviewAndLabels ()
UnityEngine.UIElements.IMGUIContainer:DoOnGUI (UnityEngine.Event,UnityEngine.Matrix4x4,UnityEngine.Rect,bool,UnityEngine.Rect,System.Action,bool)
UnityEngine.UIElements.IMGUIContainer:HandleIMGUIEvent (UnityEngine.Event,UnityEngine.Matrix4x4,UnityEngine.Rect,System.Action,bool)
UnityEngine.UIElements.IMGUIContainer:DoIMGUIRepaint ()
UnityEngine.UIElements.UIR.RenderChainCommand:ExecuteNonDrawMesh (UnityEngine.UIElements.UIR.DrawParams,System.Exception&)
UnityEngine.UIElements.UIR.UIRenderDevice:EvaluateChain (UnityEngine.UIElements.UIR.RenderChainCommand,UnityEngine.Material,UnityEngine.Texture,UnityEngine.UIElements.UIR.ShaderInfoAllocator,System.Nullable`1<UnityEngine.Rect>,UnityEngine.Rect,single,bool,UnityEngine.UIElements.TextureSlotCount,bool,System.Exception&,UnityEngine.UIElements.BaseVisualElementPanel)
UnityEngine.UIElements.UIR.RenderTreeManager:RenderSingleTree (UnityEngine.UIElements.UIR.RenderTree,UnityEngine.RenderTexture,UnityEngine.RectInt,UnityEngine.Rect)
UnityEngine.UIElements.UIR.RenderTreeManager:RenderRootTree ()
UnityEngine.UIElements.UIRRepaintUpdater:Render ()
UnityEngine.UIElements.BaseVisualElementPanel:Render ()
UnityEngine.UIElements.Panel:Render ()
UnityEditor.UIElements.EditorEventDispatchUtility:DoDispatch (UnityEngine.UIElements.BaseVisualElementPanel,UnityEngine.Event)
UnityEditor.UIElements.DefaultWindowBackend:ProcessEvent (UnityEngine.Event)
UnityEditor.GUIView:ProcessEvent (UnityEngine.EntityId,intptr,bool&)

(Filename: ./Library/PackageCache/com.unity.ugui@0f30cee369f3/Runtime/TMP/TextMeshProUGUI.cs Line: 1980)

The character with Unicode value \u0E0B was not found in the [LiberationSans SDF] font asset or any potential fallbacks. It was replaced by Unicode character \u25A1 in text object [CoinText].
UnityEngine.Debug:ExtractStackTraceNoAlloc (byte*,int,string)
UnityEngine.StackTraceUtility:ExtractStackTrace ()
UnityEngine.DebugLogHandler:Internal_Log (UnityEngine.LogType,UnityEngine.LogOption,string,UnityEngine.Object)
UnityEngine.DebugLogHandler:LogFormat (UnityEngine.LogType,UnityEngine.Object,string,object[])
UnityEngine.Logger:Log (UnityEngine.LogType,object,UnityEngine.Object)
UnityEngine.Debug:LogWarning (object,UnityEngine.Object)
TMPro.TextMeshProUGUI:SetArraySizes (TMPro.TMP_Text/TextProcessingElement[]) (at ./Library/PackageCache/com.unity.ugui@0f30cee369f3/Runtime/TMP/TextMeshProUGUI.cs:1980)
TMPro.TMP_Text:ParseInputText () (at ./Library/PackageCache/com.unity.ugui@0f30cee369f3/Runtime/TMP/TMP_Text.cs:2157)
TMPro.TextMeshProUGUI:OnPreRenderCanvas () (at ./Library/PackageCache/com.unity.ugui@0f30cee369f3/Runtime/TMP/TextMeshProUGUI.cs:2465)
TMPro.TextMeshProUGUI:Rebuild (UnityEngine.UI.CanvasUpdate) (at ./Library/PackageCache/com.unity.ugui@0f30cee369f3/Runtime/TMP/TextMeshProUGUI.cs:226)
UnityEngine.UI.CanvasUpdateRegistry:PerformUpdate () (at ./Library/PackageCache/com.unity.ugui@0f30cee369f3/Runtime/UGUI/UI/Core/CanvasUpdateRegistry.cs:226)
UnityEngine.Canvas:SendWillRenderCanvases ()

(Filename: ./Library/PackageCache/com.unity.ugui@0f30cee369f3/Runtime/TMP/TextMeshProUGUI.cs Line: 1980)

The character with Unicode value \u0E0B was not found in the [LiberationSans SDF] font asset or any potential fallbacks. It was replaced by Unicode character \u25A1 in text object [CoinText].
UnityEngine.Debug:ExtractStackTraceNoAlloc (byte*,int,string)
UnityEngine.StackTraceUtility:ExtractStackTrace ()
UnityEngine.DebugLogHandler:Internal_Log (UnityEngine.LogType,UnityEngine.LogOption,string,UnityEngine.Object)
UnityEngine.DebugLogHandler:LogFormat (UnityEngine.LogType,UnityEngine.Object,string,object[])
UnityEngine.Logger:Log (UnityEngine.LogType,object,UnityEngine.Object)
UnityEngine.Debug:LogWarning (object,UnityEngine.Object)
TMPro.TextMeshProUGUI:SetArraySizes (TMPro.TMP_Text/TextProcessingElement[]) (at ./Library/PackageCache/com.unity.ugui@0f30cee369f3/Runtime/TMP/TextMeshProUGUI.cs:1980)
TMPro.TMP_Text:ParseInputText () (at ./Library/PackageCache/com.unity.ugui@0f30cee369f3/Runtime/TMP/TMP_Text.cs:2157)
TMPro.TMP_Text:GetPreferredWidth () (at ./Library/PackageCache/com.unity.ugui@0f30cee369f3/Runtime/TMP/TMP_Text.cs:3949)
TMPro.TMP_Text:get_preferredWidth () (at ./Library/PackageCache/com.unity.ugui@0f30cee369f3/Runtime/TMP/TMP_Text.cs:1553)
UnityEditor.Events.LayoutPropertiesPreview/<>c:<OnPreviewGUI>b__8_4 (UnityEngine.UI.ILayoutElement) (at ./Library/PackageCache/com.unity.ugui@0f30cee369f3/Editor/UGUI/UI/LayoutPropertiesPreview.cs:101)
UnityEngine.UI.LayoutUtility:GetLayoutProperty (UnityEngine.RectTransform,System.Func`2<UnityEngine.UI.ILayoutElement, single>,System.Func`3<single, single, bool>,single,UnityEngine.UI.ILayoutElement&) (at ./Library/PackageCache/com.unity.ugui@0f30cee369f3/Runtime/UGUI/UI/Core/Layout/LayoutUtility.cs:230)
UnityEngine.UI.LayoutUtility:GetLayoutProperty (UnityEngine.RectTransform,System.Func`2<UnityEngine.UI.ILayoutElement, single>,single,UnityEngine.UI.ILayoutElement&) (at ./Library/PackageCache/com.unity.ugui@0f30cee369f3/Runtime/UGUI/UI/Core/Layout/LayoutUtility.cs:196)
UnityEditor.Events.LayoutPropertiesPreview:OnPreviewGUI (UnityEngine.Rect,UnityEngine.GUIStyle) (at ./Library/PackageCache/com.unity.ugui@0f30cee369f3/Editor/UGUI/UI/LayoutPropertiesPreview.cs:101)
UnityEditor.ObjectPreview:OnInteractivePreviewGUI (UnityEngine.Rect,UnityEngine.GUIStyle)
UnityEditor.ObjectPreview:DrawPreview (UnityEditor.IPreviewable,UnityEngine.Rect,UnityEngine.Object[])
UnityEditor.ObjectPreview:DrawPreview (UnityEngine.Rect)
UnityEditor.PropertyEditor:DrawPreview (UnityEditor.IPreviewable)
UnityEditor.PropertyEditor:DrawPreviewAndLabels ()
UnityEngine.UIElements.IMGUIContainer:DoOnGUI (UnityEngine.Event,UnityEngine.Matrix4x4,UnityEngine.Rect,bool,UnityEngine.Rect,System.Action,bool)
UnityEngine.UIElements.IMGUIContainer:HandleIMGUIEvent (UnityEngine.Event,UnityEngine.Matrix4x4,UnityEngine.Rect,System.Action,bool)
UnityEngine.UIElements.IMGUIContainer:DoIMGUIRepaint ()
UnityEngine.UIElements.UIR.RenderChainCommand:ExecuteNonDrawMesh (UnityEngine.UIElements.UIR.DrawParams,System.Exception&)
UnityEngine.UIElements.UIR.UIRenderDevice:EvaluateChain (UnityEngine.UIElements.UIR.RenderChainCommand,UnityEngine.Material,UnityEngine.Texture,UnityEngine.UIElements.UIR.ShaderInfoAllocator,System.Nullable`1<UnityEngine.Rect>,UnityEngine.Rect,single,bool,UnityEngine.UIElements.TextureSlotCount,bool,System.Exception&,UnityEngine.UIElements.BaseVisualElementPanel)
UnityEngine.UIElements.UIR.RenderTreeManager:RenderSingleTree (UnityEngine.UIElements.UIR.RenderTree,UnityEngine.RenderTexture,UnityEngine.RectInt,UnityEngine.Rect)
UnityEngine.UIElements.UIR.RenderTreeManager:RenderRootTree ()
UnityEngine.UIElements.UIRRepaintUpdater:Render ()
UnityEngine.UIElements.BaseVisualElementPanel:Render ()
UnityEngine.UIElements.Panel:Render ()
UnityEditor.UIElements.EditorEventDispatchUtility:DoDispatch (UnityEngine.UIElements.BaseVisualElementPanel,UnityEngine.Event)
UnityEditor.UIElements.DefaultWindowBackend:ProcessEvent (UnityEngine.Event)
UnityEditor.GUIView:ProcessEvent (UnityEngine.EntityId,intptr,bool&)

(Filename: ./Library/PackageCache/com.unity.ugui@0f30cee369f3/Runtime/TMP/TextMeshProUGUI.cs Line: 1980)

The character with Unicode value \u0E0B was not found in the [LiberationSans SDF] font asset or any potential fallbacks. It was replaced by Unicode character \u25A1 in text object [CoinText].
UnityEngine.Debug:ExtractStackTraceNoAlloc (byte*,int,string)
UnityEngine.StackTraceUtility:ExtractStackTrace ()
UnityEngine.DebugLogHandler:Internal_Log (UnityEngine.LogType,UnityEngine.LogOption,string,UnityEngine.Object)
UnityEngine.DebugLogHandler:LogFormat (UnityEngine.LogType,UnityEngine.Object,string,object[])
UnityEngine.Logger:Log (UnityEngine.LogType,object,UnityEngine.Object)
UnityEngine.Debug:LogWarning (object,UnityEngine.Object)
TMPro.TextMeshProUGUI:SetArraySizes (TMPro.TMP_Text/TextProcessingElement[]) (at ./Library/PackageCache/com.unity.ugui@0f30cee369f3/Runtime/TMP/TextMeshProUGUI.cs:1980)
TMPro.TMP_Text:ParseInputText () (at ./Library/PackageCache/com.unity.ugui@0f30cee369f3/Runtime/TMP/TMP_Text.cs:2157)
TMPro.TMP_Text:GetPreferredHeight () (at ./Library/PackageCache/com.unity.ugui@0f30cee369f3/Runtime/TMP/TMP_Text.cs:4022)
TMPro.TMP_Text:get_preferredHeight () (at ./Library/PackageCache/com.unity.ugui@0f30cee369f3/Runtime/TMP/TMP_Text.cs:1561)
UnityEditor.Events.LayoutPropertiesPreview/<>c:<OnPreviewGUI>b__8_5 (UnityEngine.UI.ILayoutElement) (at ./Library/PackageCache/com.unity.ugui@0f30cee369f3/Editor/UGUI/UI/LayoutPropertiesPreview.cs:102)
UnityEngine.UI.LayoutUtility:GetLayoutProperty (UnityEngine.RectTransform,System.Func`2<UnityEngine.UI.ILayoutElement, single>,System.Func`3<single, single, bool>,single,UnityEngine.UI.ILayoutElement&) (at ./Library/PackageCache/com.unity.ugui@0f30cee369f3/Runtime/UGUI/UI/Core/Layout/LayoutUtility.cs:230)
UnityEngine.UI.LayoutUtility:GetLayoutProperty (UnityEngine.RectTransform,System.Func`2<UnityEngine.UI.ILayoutElement, single>,single,UnityEngine.UI.ILayoutElement&) (at ./Library/PackageCache/com.unity.ugui@0f30cee369f3/Runtime/UGUI/UI/Core/Layout/LayoutUtility.cs:196)
UnityEditor.Events.LayoutPropertiesPreview:OnPreviewGUI (UnityEngine.Rect,UnityEngine.GUIStyle) (at ./Library/PackageCache/com.unity.ugui@0f30cee369f3/Editor/UGUI/UI/LayoutPropertiesPreview.cs:102)
UnityEditor.ObjectPreview:OnInteractivePreviewGUI (UnityEngine.Rect,UnityEngine.GUIStyle)
UnityEditor.ObjectPreview:DrawPreview (UnityEditor.IPreviewable,UnityEngine.Rect,UnityEngine.Object[])
UnityEditor.ObjectPreview:DrawPreview (UnityEngine.Rect)
UnityEditor.PropertyEditor:DrawPreview (UnityEditor.IPreviewable)
UnityEditor.PropertyEditor:DrawPreviewAndLabels ()
UnityEngine.UIElements.IMGUIContainer:DoOnGUI (UnityEngine.Event,UnityEngine.Matrix4x4,UnityEngine.Rect,bool,UnityEngine.Rect,System.Action,bool)
UnityEngine.UIElements.IMGUIContainer:HandleIMGUIEvent (UnityEngine.Event,UnityEngine.Matrix4x4,UnityEngine.Rect,System.Action,bool)
UnityEngine.UIElements.IMGUIContainer:DoIMGUIRepaint ()
UnityEngine.UIElements.UIR.RenderChainCommand:ExecuteNonDrawMesh (UnityEngine.UIElements.UIR.DrawParams,System.Exception&)
UnityEngine.UIElements.UIR.UIRenderDevice:EvaluateChain (UnityEngine.UIElements.UIR.RenderChainCommand,UnityEngine.Material,UnityEngine.Texture,UnityEngine.UIElements.UIR.ShaderInfoAllocator,System.Nullable`1<UnityEngine.Rect>,UnityEngine.Rect,single,bool,UnityEngine.UIElements.TextureSlotCount,bool,System.Exception&,UnityEngine.UIElements.BaseVisualElementPanel)
UnityEngine.UIElements.UIR.RenderTreeManager:RenderSingleTree (UnityEngine.UIElements.UIR.RenderTree,UnityEngine.RenderTexture,UnityEngine.RectInt,UnityEngine.Rect)
UnityEngine.UIElements.UIR.RenderTreeManager:RenderRootTree ()
UnityEngine.UIElements.UIRRepaintUpdater:Render ()
UnityEngine.UIElements.BaseVisualElementPanel:Render ()
UnityEngine.UIElements.Panel:Render ()
UnityEditor.UIElements.EditorEventDispatchUtility:DoDispatch (UnityEngine.UIElements.BaseVisualElementPanel,UnityEngine.Event)
UnityEditor.UIElements.DefaultWindowBackend:ProcessEvent (UnityEngine.Event)
UnityEditor.GUIView:ProcessEvent (UnityEngine.EntityId,intptr,bool&)

(Filename: ./Library/PackageCache/com.unity.ugui@0f30cee369f3/Runtime/TMP/TextMeshProUGUI.cs Line: 1980)

[Licensing::Client] Successfully resolved entitlement details
Asset Pipeline Refresh (id=b4769e587ca9fa244b1be133c9a84bf0): Total: 0.029 seconds - Initiated by RefreshV2(AllowForceSynchronousImport)
Asset Pipeline Refresh (id=82b4405ffaf56894e9e74a9e2ff267b3): Total: 0.009 seconds - Initiated by RefreshV2(AllowForceSynchronousImport)
Importing 'GUID: 8c9cfa26abfee488c85f1582747f6a02 - Path: Assets/Scenes/SampleScene.unity' with importer (DefaultImporter)
Imported 'GUID: 8c9cfa26abfee488c85f1582747f6a02' -> (Import Result ID: 'bba3250b351624e7d69f6a39377f842c') in 0.003 seconds [static dependencies only]. Details - ImportResultOutputID=024c942fddc2cb857ccb9edff708c760 DependenciesID=408fdf03de7e7c8679991fde87293ce7 StaticDependenciesID=28751c79e2b9beba2608acc70171e716 
Refreshing native plugins compatible for Editor in 20.14 ms, found 5 plugins.
Asset Pipeline Refresh (id=446b6f2552185b049a6eee57fef1abda): Total: 0.175 seconds - Initiated by StopAssetImportingV2(NoUpdateAssetOptions)
MonoPathRemapper: Attempts to remap: 121087; Successful remaps: 48608
Serialized file version minimum: 22, current 23
[LAYOUT] About to save layout C:\Users\golfa\Flappybird\UserSettings\Layouts\default-6000.dwlt
[LAYOUT] About to save layout C:/Users/golfa/AppData/Roaming/Unity/Editor-5.x/Preferences\Layouts\current\default-6000.dwlt
Input System module state changed to: ShutdownInProgress.
Input Polling Thread exited.
Input System module state changed to: Shutdown.
[Physics::Module] Cleanup current backend.
[Physics::Module] Id: 0xf2b8ea05
[Licensing::IpcConnector] LicenseClient-golfa-notifications channel disconnected successfully.
[Licensing::IpcConnector] LicenseClient-golfa channel disconnected successfully.
Lingering sessions upon destruction of worker manager
Unity Data Store service was successfully shut down
UDS shutting down local client system
Shut down UDS service system complete
AcceleratorClientConnectionCallback - disconnected - :0
Cleanup mono
CodeReloadManager destroyed
abort_threads: Failed aborting id: 0000000000007E58, mono_thread_manage will ignore it

abort_threads: Failed aborting id: 0000000000006C88, mono_thread_manage will ignore it

abort_threads: Failed aborting id: 00000000000068C4, mono_thread_manage will ignore it

abort_threads: Failed aborting id: 0000000000007E58, mono_thread_manage will ignore it

abort_threads: Failed aborting id: 0000000000006C88, mono_thread_manage will ignore it

abort_threads: Failed aborting id: 00000000000068C4, mono_thread_manage will ignore it

debugger-agent: Unable to listen on 5008
Checking for leaked weakptr:
  Found no leaked weakptrs.
[Package Manager] Server process was shutdown
##utp:{"type":"MemoryLeaks","version":2,"phase":"Immediate","time":1790710700128,"processId":36712,"allocatedMemory":18793190,"memoryLabels":[{"Default":230839},{"Permanent":15516},{"NewDelete":85945},{"Thread":4206408},{"Manager":823680},{"VertexData":8},{"Geometry":816},{"Shader":869118},{"Material":68},{"TextureCache":760},{"GfxDevice":86232},{"GfxThread":2304},{"Animation":9384},{"FreeType":8},{"FontEngine":736},{"Physics":1970},{"Physics2D":16},{"Serialization":240088},{"Input":45280},{"JobScheduler":256},{"TextLib":68275},{"Mono":48},{"MonoCode":2048},{"ScriptingNativeRuntime":1364760},{"BaseObject":104976},{"Resource":1252},{"Renderer":2376},{"Transform":4685},{"File":22246},{"WebCam":616},{"Culling":32},{"Terrain":11442},{"Wind":24},{"STL":40},{"String":1622956},{"StaticString":3808},{"Utility":2675538},{"Curl":48},{"PoolAlloc":2408},{"AI":80},{"TypeTree":634528},{"ScriptManager":37968},{"CodeReload":448},{"RuntimeInitializeOnLoadManager":64},{"Sprites":102},{"SpriteAtlas":120},{"GI":7816},{"CloudService":8160},{"WebRequest":4629},{"VR":49650},{"SceneManager":608},{"Video":208},{"LazyScriptCache":32},{"NativeArray":24420},{"Camera":729},{"Secure":265},{"SerializationCache":9256},{"APIUpdating":10320},{"Subsystems":336},{"VirtualTexturing":57888},{"StaticSafetyDebugInfo":278528},{"Analytics":768},{"Hierarchy":1188},{"UIElements":40},{"CoreStats":14456},{"Identifiers":7152},{"Gui":439},{"EditorUtility":165958},{"VersionControl":8},{"Undo":931},{"AssetDatabase":4967492},{"AssetImporter":40},{"EditorGi":328},{"UnityConnect":36882},{"Upm":1988},{"UpmDiagnostics":8},{"AssetCompliance":96},{"DrivenProperties":72},{"LocalIPC":260},{"ProfilerEditor":9746},{"CoreBusinessMetrics":3600},{"Windowing":456},{"Licensing":12805},{"AssetReference":32},{"IPCStream":32}]}
