VBCSCompilerPreWarmer: pre-warm launched (dotnet PID 9964)
VBCSCompiler prewarm took 21.25 ms
[Licensing::Module] Trying to connect to existing licensing client channel...
[Licensing::IpcConnector] Successfully connected to: "LicenseClient-golfa" at "2026-09-29T19:38:21.2612315Z"
Built from '6000.6/staging' branch; Version is '6000.6.2f1 (770e33f6875c) revision 7802419'; Using compiler version '194234433'; Build Type 'Release'
OS: 'Windows 11  (10.0.26200) Core' Language: 'en' Physical Memory: 16125 MB
BatchMode: 0, IsHumanControllingUs: 1, StartBugReporterOnCrash: 1, Is64bit: 1
System  architecture: x64
Process architecture: x64
Date: 2026-09-29T19:38:21Z
[Licensing::Client] Code 10 while verifying Licensing Client signature (process Id: 21376, path: "C:/Program Files/Unity Hub/UnityLicensingClient_V1/Unity.Licensing.Client.exe")
[Licensing::Module] LicensingClient has failed validation; ignoring
[Licensing::Client] Handshaking with LicensingClient:
  Version:                 1.18.3+d7ffd15
  Session Id:              d85b523a908c4538b10192d0e56ed711
  Correlation Id:          170f0f62da89a6ae2013fa07fa0ff733
  External correlation Id: 3607907556814659616
  Machine Id:              FUnE4I3JiGVUYJ7CitaydDp0Olk=
[Licensing::Module] Successfully connected to LicensingClient on channel: "LicenseClient-golfa" (connect: 0.00s, validation: 0.01s, handshake: 0.10s)
[Licensing::IpcConnector] Successfully connected to: "LicenseClient-golfa-notifications" at "2026-09-29T19:38:21.3645967Z"
[Licensing::Client] Successfully updated the access token
[Licensing::Module] Successfully updated the access token xwZuRBBtZV...
[Licensing::Client] Successfully resolved entitlement details
[Licensing::Module] License group:
  Id: 18967218653225-UnityPersXXXX
  Product: Unity Personal
  Type: Assigned
  Expiration: Unlimited
[Licensing::Client] Successfully updated license, isAsync: True, time: 0.01
[Licensing::Client] Successfully resolved entitlement details
[Licensing::Module] Licensing Background thread has ended after 0.13s

COMMAND LINE ARGUMENTS:
C:\Program Files\Unity\Hub\Editor\6000.6.2f1\Editor\Unity.exe
-projectpath
C:\Users\golfa\Flappybird
-acceptSoftwareTermsForThisRunOnly
-useHub
-hubIPC
-cloudEnvironment
production
-licensingIpc
LicenseClient-golfa
-hubSessionId
abfd6cc2-0418-4811-a2cc-fb216ecc0c33
-accessToken
xwZuRBBtZVGQeDrDLxcIoMdDq10RKYIcMzs7bFiuSio011f
Successfully changed project path to: C:\Users\golfa\Flappybird
C:/Users/golfa/Flappybird
[UnityMemory] Configuration Parameters - Can be set up in boot.config
    "memorysetup-temp-allocator-size-gi-baking-worker=262144"
    "memorysetup-temp-allocator-size-gi-baking-worker=262144"
    "memorysetup-temp-allocator-size-gi-baking-worker=262144"
    "memorysetup-temp-allocator-size-gi-baking-worker=262144"
    "memorysetup-temp-allocator-size-gi-baking-worker=262144"
    "memorysetup-temp-allocator-size-nav-mesh-worker=65536"
    "memorysetup-temp-allocator-size-audio-worker=65536"
    "memorysetup-temp-allocator-size-cloud-worker=32768"
    "memorysetup-temp-allocator-size-gfx=262144"
    "memorysetup-remapper-allocator-initial-capacity=32768"
    "memorysetup-temp-allocator-size-preload-manager=33554432"
    "memorysetup-allocator-temp-initial-block-size-main=262144"
    "memorysetup-allocator-temp-initial-block-size-worker=262144"
    "memorysetup-temp-allocator-size-job-worker=262144"
    "memorysetup-temp-allocator-size-background-worker=32768"
    "memorysetup-bucket-allocator-granularity=16"
    "memorysetup-bucket-allocator-bucket-count=8"
    "memorysetup-bucket-allocator-block-size=33554432"
    "memorysetup-bucket-allocator-block-count=8"
    "memorysetup-main-allocator-block-size=16777216"
    "memorysetup-thread-allocator-block-size=16777216"
    "memorysetup-main-allocator-mimalloc-enabled=1"
    "memorysetup-gfx-main-allocator-block-size=16777216"
    "memorysetup-gfx-thread-allocator-block-size=16777216"
    "memorysetup-cache-allocator-block-size=4194304"
    "memorysetup-typetree-allocator-block-size=2097152"
    "memorysetup-profiler-bucket-allocator-granularity=16"
    "memorysetup-profiler-bucket-allocator-bucket-count=8"
    "memorysetup-profiler-bucket-allocator-block-size=33554432"
    "memorysetup-profiler-bucket-allocator-block-count=8"
    "memorysetup-profiler-allocator-block-size=16777216"
    "memorysetup-profiler-editor-allocator-block-size=1048576"
    "memorysetup-temp-allocator-size-main=16777216"
    "memorysetup-job-temp-allocator-block-size=2097152"
    "memorysetup-job-temp-allocator-block-size-background=1048576"
    "memorysetup-job-temp-allocator-reduction-small-platforms=262144"
Player connection [18200]  Target information:

Player connection [18200]  * "[IP] 192.168.1.100 [Port] 55504 [Flags] 2 [Guid] 2045300753 [EditorId] 2045300753 [Version] 1048832 [Id] WindowsEditor(7,Onejack) [Debug] 1 [PackageName] WindowsEditor [ProjectName] Editor" 

Player connection [18200] Host joined multi-casting on [225.0.0.222:54997]...
Player connection [18200] Host joined alternative multi-casting on [225.0.0.222:34997]...
Input System module state changed to: Initialized.
[Physics::Module] Initialized fallback backend.
[Physics::Module] Id: 0xdecafbad
[Package Manager] Connected to IPC stream "Upm-21468" after 0.9 seconds.
[Licensing::Client] Successfully resolved entitlement details
Library Redirect Path: Library/
Initialising UDS system complete:
  - System type: Client
  - Resource namespace: b5d9d5ba631dfb40ee544b9ca3b3199c
  - Shared memory size: 1073741824
  - Command buffer id: 1052576
  - Command buffer size: 8192
  - Hashmap size: 4194304
  - Service connected: false
Launching Unity Data Store - C:/Program Files/Unity/Hub/Editor/6000.6.2f1/Editor/Data/Tools/Unity.DataStore.exe 
Unity Data Store artifact dir = Library/DataStore, working dir = C:/Users/golfa/Flappybird[Physics::Module] Selected backend.
[Physics::Module] Name: PhysX
[Physics::Module] Id: 0xf2b8ea05
[Physics::Module] SDK Version: 4.1.2
[Physics::Module] Integration Version: 1.0.0
[Physics::Module] Threading Mode: Multi-Threaded
Unity Data Store running and initialised
Initialize engine version: 6000.6.2f1 (770e33f6875c)
[EntityIdStore] init: VM path (explicit commit), pageSize=4096, blockCount=1048576, entitiesPerBlock=256, slots reserved=4294967296 bytes
[Subsystems] Discovering subsystems at path C:/Program Files/Unity/Hub/Editor/6000.6.2f1/Editor/Data/Resources/UnitySubsystems
[Subsystems] Discovering subsystems at path C:/Users/golfa/Flappybird/Assets
[D3D12 Device Filter] Vendor Name: NVIDIA
[D3D12 Device Filter] Device Name: NVIDIA GeForce RTX 4060 Ti
[D3D12 Device Filter] Driver Version: 32.0.16.1088
[D3D12 Device Filter] Feature Level: 12.2
[D3D12 Device Filter] Graphics Memory: 7949 MB
[D3D12 Device Filter] Processor Count: 20
[D3D12 Device Filter] Device Type: Discrete
GfxDevice: creating device client; kGfxThreadingModeSplitJobs
d3d12: failed to query info queue interface (0x80004002).
Direct3D:
    Version:         Direct3D 12 [level 12.2]
    Renderer:        NVIDIA GeForce RTX 4060 Ti (ID=0x2803)
    Vendor:          NVIDIA
    VRAM:            7949 MB
    App VRAM Budget: 4804 MB
    Driver:          32.0.16.1088
Initialize mono
Mono path[0] = 'C:/Program Files/Unity/Hub/Editor/6000.6.2f1/Editor/Data/Managed'
Mono path[1] = 'C:/Program Files/Unity/Hub/Editor/6000.6.2f1/Editor/Data/BCLExtensions/runtime/netstandard2.1'
Mono path[2] = 'C:/Program Files/Unity/Hub/Editor/6000.6.2f1/Editor/Data/MonoBleedingEdge/lib/mono/unityjit-win32'
Mono config path = 'C:/Program Files/Unity/Hub/Editor/6000.6.2f1/Editor/Data/MonoBleedingEdge/etc'
Using monoOptions --debugger-agent=transport=dt_socket,embedding=1,server=y,suspend=n,address=127.0.0.1:56468
CodeReloadManager initialized
ImportWorker Server TCP listen port: 0
AcceleratorClientConnectionCallback - disconnected - :0
Begin MonoManager ReloadAssembly
Registering precompiled unity dll's ...
Register platform support module: C:/Program Files/Unity/Hub/Editor/6000.6.2f1/Editor/Data/PlaybackEngines/WindowsStandaloneSupport/UnityEditor.WindowsStandalone.Extensions.dll
Registered in 0.004266 seconds.
Native extension for WindowsStandalone target not found
Package Manager log level set to [2]
ScheduleIndexationOnStartup MainProcess:False IndexOnStartup:True
Scripting: successfully reloaded assembly
- Finished resetting the current domain, in  1.883 seconds
Domain Reload Profiling: 3187ms
	BeginReloadAssembly (303ms)
		CreateAndSetChildDomain (8ms)
	RebuildCommonClasses (11ms)
	RebuildNativeTypeToScriptingClass (34ms)
	initialDomainReloadingComplete (154ms)
	LoadAllAssembliesAndSetupDomain (799ms)
		LoadAssemblies (290ms)
		TypeCache.Refresh (567ms)
			TypeCache.ScanAssembly (528ms)
		AnalyzeDomain (2ms)
	FinalizeReload (1886ms)
		SetupLoadedEditorAssemblies (0ms)
			LogAssemblyErrors (4ms)
			InitializePlatformSupportModulesInManaged (4ms)
			BeforeProcessingInitializeOnLoad (329ms)
			ProcessInitializeOnLoadAttributes (228ms)
			ProcessInitializeOnLoadMethodAttributes (799ms)
			EditorAssembliesLoaded (3ms)
[Licensing::Client] Successfully resolved entitlement details
Application.AssetDatabase Initial Refresh Start
[Package Manager] Restoring resolved packages state from cache
[Licensing::Client] Successfully resolved entitlement details
[Package Manager] Registered 71 packages:
  Packages from [https://packages.unity.com]:
    com.unity.2d.animation@16.0.1 (location: C:\Users\golfa\Flappybird\Library\PackageCache\com.unity.2d.animation@899988b542b9)
    com.unity.2d.aseprite@6.0.0 (location: C:\Users\golfa\Flappybird\Library\PackageCache\com.unity.2d.aseprite@ab909e3e9b5f)
    com.unity.2d.psdimporter@15.0.1 (location: C:\Users\golfa\Flappybird\Library\PackageCache\com.unity.2d.psdimporter@e02a9153d8d9)
    com.unity.2d.spriteshape@16.0.0 (location: C:\Users\golfa\Flappybird\Library\PackageCache\com.unity.2d.spriteshape@42798c9d35d3)
    com.unity.2d.tilemap.extras@9.0.1 (location: C:\Users\golfa\Flappybird\Library\PackageCache\com.unity.2d.tilemap.extras@9446f3c60919)
    com.unity.2d.tooling@4.0.1 (location: C:\Users\golfa\Flappybird\Library\PackageCache\com.unity.2d.tooling@4e93af4036ee)
    com.unity.collab-proxy@2.13.6 (location: C:\Users\golfa\Flappybird\Library\PackageCache\com.unity.collab-proxy@4628d2ba6ea4)
    com.unity.ide.rider@3.0.38 (location: C:\Users\golfa\Flappybird\Library\PackageCache\com.unity.ide.rider@1f60b3138684)
    com.unity.ide.visualstudio@2.0.26 (location: C:\Users\golfa\Flappybird\Library\PackageCache\com.unity.ide.visualstudio@a99d56dec63f)
    com.unity.inputsystem@1.20.0 (location: C:\Users\golfa\Flappybird\Library\PackageCache\com.unity.inputsystem@7a4e1a2a8194)
    com.unity.learn.iet-framework@6.0.7 (location: C:\Users\golfa\Flappybird\Library\PackageCache\com.unity.learn.iet-framework@96330db47073)
    com.unity.visualscripting@1.9.12 (location: C:\Users\golfa\Flappybird\Library\PackageCache\com.unity.visualscripting@4edfcc09512f)
    com.unity.settings-manager@2.1.1 (location: C:\Users\golfa\Flappybird\Library\PackageCache\com.unity.settings-manager@0b8638c5ce86)
    com.unity.2d.common@15.0.0 (location: C:\Users\golfa\Flappybird\Library\PackageCache\com.unity.2d.common@b779c433ed47)
    com.unity.searcher@4.9.5 (location: C:\Users\golfa\Flappybird\Library\PackageCache\com.unity.searcher@a463122f2c00)
    com.unity.profiling.core@1.0.3 (location: C:\Users\golfa\Flappybird\Library\PackageCache\com.unity.profiling.core@8a49f7027d06)
    com.unity.nuget.mono-cecil@1.11.6 (location: C:\Users\golfa\Flappybird\Library\PackageCache\com.unity.nuget.mono-cecil@ecb9724e46ff)
  Built-in packages:
    com.unity.2d.sprite@1.0.0 (location: C:\Users\golfa\Flappybird\Library\PackageCache\com.unity.2d.sprite@947350d67f82)
    com.unity.2d.tilemap@1.0.0 (location: C:\Users\golfa\Flappybird\Library\PackageCache\com.unity.2d.tilemap@2c6966496615)
    com.unity.render-pipelines.universal@17.6.0 (location: C:\Users\golfa\Flappybird\Library\PackageCache\com.unity.render-pipelines.universal@1e1cf3dcbd40)
    com.unity.test-framework@1.8.0 (location: C:\Users\golfa\Flappybird\Library\PackageCache\com.unity.test-framework@7a3849e09bd0)
    com.unity.timeline@6.6.0 (location: C:\Users\golfa\Flappybird\Library\PackageCache\com.unity.timeline@c56d56b0070b)
    com.unity.ugui@2.6.0 (location: C:\Users\golfa\Flappybird\Library\PackageCache\com.unity.ugui@0f30cee369f3)
    com.unity.modules.accessibility@1.0.0 (location: C:\Users\golfa\Flappybird\Library\PackageCache\com.unity.modules.accessibility)
    com.unity.modules.adaptiveperformance@1.0.0 (location: C:\Users\golfa\Flappybird\Library\PackageCache\com.unity.modules.adaptiveperformance)
    com.unity.modules.ai@1.0.0 (location: C:\Users\golfa\Flappybird\Library\PackageCache\com.unity.modules.ai)
    com.unity.modules.androidjni@1.0.0 (location: C:\Users\golfa\Flappybird\Library\PackageCache\com.unity.modules.androidjni)
    com.unity.modules.animation@1.0.0 (location: C:\Users\golfa\Flappybird\Library\PackageCache\com.unity.modules.animation)
    com.unity.modules.assetbundle@1.0.0 (location: C:\Users\golfa\Flappybird\Library\PackageCache\com.unity.modules.assetbundle)
    com.unity.modules.audio@1.0.0 (location: C:\Users\golfa\Flappybird\Library\PackageCache\com.unity.modules.audio)
    com.unity.modules.cloth@1.0.0 (location: C:\Users\golfa\Flappybird\Library\PackageCache\com.unity.modules.cloth)
    com.unity.modules.director@1.0.0 (location: C:\Users\golfa\Flappybird\Library\PackageCache\com.unity.modules.director)
    com.unity.modules.imageconversion@1.0.0 (location: C:\Users\golfa\Flappybird\Library\PackageCache\com.unity.modules.imageconversion)
    com.unity.modules.imgui@1.0.0 (location: C:\Users\golfa\Flappybird\Library\PackageCache\com.unity.modules.imgui)
    com.unity.modules.jsonserialize@1.0.0 (location: C:\Users\golfa\Flappybird\Library\PackageCache\com.unity.modules.jsonserialize)
    com.unity.modules.particlesystem@1.0.0 (location: C:\Users\golfa\Flappybird\Library\PackageCache\com.unity.modules.particlesystem)
    com.unity.modules.physics@1.0.0 (location: C:\Users\golfa\Flappybird\Library\PackageCache\com.unity.modules.physics)
    com.unity.modules.physics2d@1.0.0 (location: C:\Users\golfa\Flappybird\Library\PackageCache\com.unity.modules.physics2d)
    com.unity.modules.physicscore2d@1.0.0 (location: C:\Users\golfa\Flappybird\Library\PackageCache\com.unity.modules.physicscore2d)
    com.unity.modules.screencapture@1.0.0 (location: C:\Users\golfa\Flappybird\Library\PackageCache\com.unity.modules.screencapture)
    com.unity.modules.terrain@1.0.0 (location: C:\Users\golfa\Flappybird\Library\PackageCache\com.unity.modules.terrain)
    com.unity.modules.terrainphysics@1.0.0 (location: C:\Users\golfa\Flappybird\Library\PackageCache\com.unity.modules.terrainphysics)
    com.unity.modules.tetgen@1.0.0 (location: C:\Users\golfa\Flappybird\Library\PackageCache\com.unity.modules.tetgen)
    com.unity.modules.tilemap@1.0.0 (location: C:\Users\golfa\Flappybird\Library\PackageCache\com.unity.modules.tilemap)
    com.unity.modules.timelinefoundation@1.0.0 (location: C:\Users\golfa\Flappybird\Library\PackageCache\com.unity.modules.timelinefoundation)
    com.unity.modules.ui@1.0.0 (location: C:\Users\golfa\Flappybird\Library\PackageCache\com.unity.modules.ui)
    com.unity.modules.uielements@1.0.0 (location: C:\Users\golfa\Flappybird\Library\PackageCache\com.unity.modules.uielements)
    com.unity.modules.umbra@1.0.0 (location: C:\Users\golfa\Flappybird\Library\PackageCache\com.unity.modules.umbra)
    com.unity.modules.unityanalytics@1.0.0 (location: C:\Users\golfa\Flappybird\Library\PackageCache\com.unity.modules.unityanalytics)
    com.unity.modules.unitywebrequest@1.0.0 (location: C:\Users\golfa\Flappybird\Library\PackageCache\com.unity.modules.unitywebrequest)
    com.unity.modules.unitywebrequestassetbundle@1.0.0 (location: C:\Users\golfa\Flappybird\Library\PackageCache\com.unity.modules.unitywebrequestassetbundle)
    com.unity.modules.unitywebrequestaudio@1.0.0 (location: C:\Users\golfa\Flappybird\Library\PackageCache\com.unity.modules.unitywebrequestaudio)
    com.unity.modules.unitywebrequesttexture@1.0.0 (location: C:\Users\golfa\Flappybird\Library\PackageCache\com.unity.modules.unitywebrequesttexture)
    com.unity.modules.unitywebrequestwww@1.0.0 (location: C:\Users\golfa\Flappybird\Library\PackageCache\com.unity.modules.unitywebrequestwww)
    com.unity.modules.vectorgraphics@1.0.0 (location: C:\Users\golfa\Flappybird\Library\PackageCache\com.unity.modules.vectorgraphics)
    com.unity.modules.vehicles@1.0.0 (location: C:\Users\golfa\Flappybird\Library\PackageCache\com.unity.modules.vehicles)
    com.unity.modules.video@1.0.0 (location: C:\Users\golfa\Flappybird\Library\PackageCache\com.unity.modules.video)
    com.unity.modules.wind@1.0.0 (location: C:\Users\golfa\Flappybird\Library\PackageCache\com.unity.modules.wind)
    com.unity.modules.xr@1.0.0 (location: C:\Users\golfa\Flappybird\Library\PackageCache\com.unity.modules.xr)
    com.unity.modules.subsystems@1.0.0 (location: C:\Users\golfa\Flappybird\Library\PackageCache\com.unity.modules.subsystems)
    com.unity.modules.hierarchycore@1.0.0 (location: C:\Users\golfa\Flappybird\Library\PackageCache\com.unity.modules.hierarchycore)
    com.unity.ext.nunit@2.1.0 (location: C:\Users\golfa\Flappybird\Library\PackageCache\com.unity.ext.nunit@0198eae3b53e)
    com.unity.render-pipelines.core@17.6.0 (location: C:\Users\golfa\Flappybird\Library\PackageCache\com.unity.render-pipelines.core@a14850be21a6)
    com.unity.shadergraph@17.6.0 (location: C:\Users\golfa\Flappybird\Library\PackageCache\com.unity.shadergraph@96a7923f6bed)
    com.unity.render-pipelines.universal-config@17.6.0 (location: C:\Users\golfa\Flappybird\Library\PackageCache\com.unity.render-pipelines.universal-config@561422b74439)
    com.unity.editorcoroutines@6.6.0 (location: C:\Users\golfa\Flappybird\Library\PackageCache\com.unity.editorcoroutines@8cd72baa102a)
    com.unity.mathematics@1.4.0 (location: C:\Users\golfa\Flappybird\Library\PackageCache\com.unity.mathematics@8306a64d0cd6)
    com.unity.collections@6.6.0 (location: C:\Users\golfa\Flappybird\Library\PackageCache\com.unity.collections@10fff0607388)
    com.unity.graph-authoring@1.0.0 (location: C:\Users\golfa\Flappybird\Library\PackageCache\com.unity.graph-authoring@cfd2588851ee)
    com.unity.burst@2.0.0 (location: C:\Users\golfa\Flappybird\Library\PackageCache\com.unity.burst@626e66ab421b)
    com.unity.test-framework.performance@6.6.0 (location: C:\Users\golfa\Flappybird\Library\PackageCache\com.unity.test-framework.performance@0a60b857a52e)
[Subsystems] No new subsystems found in resolved package list.
[Package Manager] Done registering packages in 0.03 seconds
Starting: C:\Program Files\Unity\Hub\Editor\6000.6.2f1\Editor\Data\Tools\BuildPipeline\bee_backend.exe --ipc --defer-dag-verification --dagfile="Library/Bee/1900b0aE.dag" --continue-on-failure --profile="Library/Bee/backend1.traceevents" ScriptAssemblies
WorkingDir: C:/Users/golfa/Flappybird
warn: Unity.ILPP.Runner.PostProcessingAssemblyLoadContext[0]
      Assembly system.runtime.interopservices.windowsruntime has duplicate hint path. Ignoring "C:\Program Files\Unity\Hub\Editor\6000.6.2f1\Editor\Data\UnityReferenceAssemblies\unity-4.8-api\Facades\System.Runtime.InteropServices.WindowsRuntime.dll" in favor of "C:\Program Files\Unity\Hub\Editor\6000.6.2f1\Editor\Data\NetStandard\Extensions\2.0.0\System.Runtime.InteropServices.WindowsRuntime.dll"
warn: Unity.ILPP.Runner.PostProcessingAssemblyLoadContext[0]
      Assembly system.componentmodel.composition has duplicate hint path. Ignoring "C:\Program Files\Unity\Hub\Editor\6000.6.2f1\Editor\Data\UnityReferenceAssemblies\unity-4.8-api\System.ComponentModel.Composition.dll" in favor of "C:\Program Files\Unity\Hub\Editor\6000.6.2f1\Editor\Data\NetStandard\compat\2.1.0\shims\netfx\System.ComponentModel.Composition.dll"
ExitCode: 0 Duration: 0s885ms
[ 970/1265  0s] ILPP-Configuration Library/ilpp-configuration.nevergeneratedoutput
*** Tundra build success (0.80 seconds), 1 items updated, 1265 evaluated
AssetDatabase: script compilation time: 3.682259s
Begin MonoManager ReloadAssembly
'Packages/com.unity.render-pipelines.core/Editor/Deprecated.cs' contains partial class of Unity.Object, exactly 1 of the partial classes needs to be in a file with the same filename. This is to know the one that can be referenced from ie. GameObjects
'Packages/com.unity.render-pipelines.core/Editor/Deprecated.cs' contains partial class of Unity.Object, exactly 1 of the partial classes needs to be in a file with the same filename. This is to know the one that can be referenced from ie. GameObjects
Refreshing native plugins compatible for Editor in 11.74 ms, found 5 plugins.
Native extension for WindowsStandalone target not found
ScheduleIndexationOnStartup MainProcess:True IndexOnStartup:True
Scripting: successfully reloaded assembly
- Finished resetting the current domain, in  2.240 seconds
Domain Reload Profiling: 4956ms
	BeginReloadAssembly (632ms)
		DisableScriptedObjects (52ms)
		CreateAndSetChildDomain (215ms)
	RebuildCommonClasses (20ms)
	RebuildNativeTypeToScriptingClass (33ms)
	initialDomainReloadingComplete (133ms)
	LoadAllAssembliesAndSetupDomain (1897ms)
		LoadAssemblies (877ms)
		TypeCache.Refresh (590ms)
			TypeCache.ScanAssembly (541ms)
		AnalyzeDomain (320ms)
			BuildScriptInfoCaches (297ms)
			ResolveRequiredComponents (17ms)
	FinalizeReload (2242ms)
		SetupLoadedEditorAssemblies (0ms)
			LogAssemblyErrors (6ms)
			InitializePlatformSupportModulesInManaged (3ms)
			BeforeProcessingInitializeOnLoad (243ms)
			ProcessInitializeOnLoadAttributes (763ms)
			ProcessInitializeOnLoadMethodAttributes (547ms)
			AfterProcessingInitializeOnLoad (13ms)
			EditorAssembliesLoaded (4ms)
		AwakeInstancesAfterBackupRestoration (57ms)
Starting new worker id: 0 with log in C:/Users/golfa/Flappybird/Logs/AssetImportWorkerHW0.log

Asset Pipeline Refresh (id=6786d3d8b143e94498568e3718616548): Total: 10.869 seconds - Initiated by InitialRefreshV2(ForceSynchronousImport)
	(Values over 0.05ms)
	Summary:
		Imports: total=0 (actual=0, local cache=0, cache server=0)
		Asset DB Process Time: managed=0 ms, native=4010 ms
		Asset DB Callback time: managed=92 ms, native=38 ms
		Scripting: domain reloads=1, domain reload time=2907 ms, compile time=3686 ms, other=133 ms
		Project Asset Count: scripts=1700, non-scripts=3426
		Asset File Changes: new=0, changed=0, moved=0, deleted=0
		Scan Filter Count: 0
	InvokeCustomDependenciesCallbacks: 0.053ms
	InvokePackagesCallback: 41.230ms
	ApplyChangesToAssetFolders: 1.285ms
	Scan: 428.270ms
	Collect global state as custom dependencies: 42.751ms
	CategorizeScriptCompilationAssets: 181.102ms
	ProcessAssetsWithTransientArtifactChanges: 283.620ms
	CategorizeAssets: 283.019ms
	CompileScripts: 3686.232ms
	ImportOutOfDateAssets: 2296.670ms (2269.259ms without children)
		ReloadNativeAssets: 0.218ms
		UnloadImportedAssets: 1.310ms
		EnsureUptoDateAssetsAreRegisteredWithGuidPM: 2.029ms
		ImportSchedulerStart: 23.835ms
	PostProcessAllAssets: 92.892ms
		MonoPostProcessAllAssets: 92.717ms
			UniversalRenderPipelineGlobalSettingsPostprocessor.OnPostprocessAllAssets 36.050ms
			SyncVS.PostprocessSyncProject 8.812ms
			WindowAssetPostprocessingWatcher.OnPostprocessAllAssets 6.651ms
			SpeedTree9Postprocessor.OnPostprocessAllAssets 4.082ms
			RenderPipelineGlobalSettingsPostprocessor.OnPostprocessAllAssets 2.730ms
			EditModeScopePostprocessor.OnPostprocessAllAssets 1.923ms
			InputActionAssetPostprocessor.OnPostprocessAllAssets 1.179ms
			ShaderReflectionAssetPostProcessor.OnPostprocessAllAssets 1.126ms
			ProjectSettingsPostprocessor.OnPostprocessAllAssets 0.521ms
			ReferencedClipsPostProcessor.OnPostprocessAllAssets 0.490ms
			TerrainToolbarOverlayPostProcessor.OnPostprocessAllAssets 0.478ms
			AssetDatabaseCallbacks.OnPostprocessAllAssets 0.451ms
	GatherAllCurrentPrimaryImportResultRevisions: 0.132ms
	UnloadStreamsBegin: 3.970ms
	PersistCurrentRevisions: 0.360ms
	GenerateScriptTypeHashes: 4.689ms
	GenerateScriptTypeSerializationHashes: 7.387ms
	Untracked: 3518.212ms

Application.AssetDatabase Initial Refresh End
Launched and connected shader compiler UnityShaderCompiler.exe after 0.03 seconds
Scanning for USB devices : 37.295ms
Initializing Unity extensions:
[MODES] ModeService[none].Initialize
[MODES] ModeService[none].LoadModes
[MODES] Loading mode Default (0) for mode-current-id-Flappybird
Unloading 32 Unused Serialized files (Serialized files now loaded: 0)
Loaded scene 'Assets/Scenes/SampleScene.unity'
	Deserialize:            68.617 ms
	Integration:            174.826 ms
	Integration of assets:  20.954 ms
	Thread Wait Time:       5.845 ms
	Total Operation Time:   270.241 ms
Unloading 7536 unused Assets / (8.0 MB). Loaded Objects now: 8739.
Memory consumption went from 456.7 MB to 448.6 MB.
Total: 25.688900 ms (FindLiveObjects: 1.522300 ms CreateObjectMapping: 1.538500 ms MarkObjects: 15.818400 ms  DeleteObjects: 6.200000 ms)

[LAYOUT] About to load UserSettings\Layouts\default-6000.dwlt, keepMainWindow=False
[LAYOUT] About to save layout C:\Users\golfa\Flappybird\UserSettings\Layouts\default-6000.dwlt
[LAYOUT] About to save layout C:/Users/golfa/AppData/Roaming/Unity/Editor-5.x/Preferences\Layouts\current\default-6000.dwlt
[MODES] ModeService[default].InitializeCurrentMode
[MODES] ModeService[default].RaiseModeChanged(default, default)
<RI> Initializing input.
Using Windows.Gaming.Input
[Project] Loading completed in 24.610 seconds
	Project init time: 				20.979 seconds
		Template init time: 		0.000 seconds
		Package Manager init time: 		0.903 seconds
		Asset Database init time: 		2.216 seconds
		Global illumination init time: 	0.012 seconds
		Assemblies load time: 			3.353 seconds
		Unity extensions init time: 	0.112 seconds
		Asset Database refresh time: 	10.871 seconds
	Scene opening time: 			3.162 seconds
##utp:{"type":"ProjectInfo","version":2,"phase":"Immediate","time":1790710725808,"processId":21468,"projectLoad":24.610105,"projectInit":20.9787939,"templateInit":0.0,"packageManagerInit":0.9025859,"assetDatabaseInit":2.2159377,"globalIlluminationInit":0.012282,"assembliesLoad":3.3528769,"unityExtensionsInit":0.112256,"assetDatabaseRefresh":10.8707934,"sceneOpening":3.1616395}
##utp:{"type":"EditorInfo","version":2,"phase":"Immediate","time":1790710725808,"processId":21468,"editorVersion":"6000.6.2f1 (770e33f6875c)","branch":"6000.6/staging","buildType":"Release","platform":"Windows"}
Reloading assemblies due to reload request.
Reloading assemblies after forced synchronous recompile.
Begin MonoManager ReloadAssembly
'Packages/com.unity.render-pipelines.core/Editor/Deprecated.cs' contains partial class of Unity.Object, exactly 1 of the partial classes needs to be in a file with the same filename. This is to know the one that can be referenced from ie. GameObjects
'Packages/com.unity.render-pipelines.core/Editor/Deprecated.cs' contains partial class of Unity.Object, exactly 1 of the partial classes needs to be in a file with the same filename. This is to know the one that can be referenced from ie. GameObjects
Refreshing native plugins compatible for Editor in 12.86 ms, found 5 plugins.
Native extension for WindowsStandalone target not found
[MODES] ModeService[none].Initialize
[MODES] ModeService[none].LoadModes
Worker ready: AssetImportWorkerHW0 0
ScheduleIndexationOnStartup MainProcess:True IndexOnStartup:True
Scripting: successfully reloaded assembly
- Finished resetting the current domain, in  5.685 seconds
Domain Reload Profiling: 8043ms
	BeginReloadAssembly (1192ms)
		DisableScriptedObjects (288ms)
		CreateAndSetChildDomain (420ms)
	RebuildCommonClasses (25ms)
	RebuildNativeTypeToScriptingClass (39ms)
	initialDomainReloadingComplete (210ms)
	LoadAllAssembliesAndSetupDomain (891ms)
		LoadAssemblies (512ms)
		TypeCache.Refresh (23ms)
		AnalyzeDomain (95ms)
			ResolveRequiredComponents (85ms)
	FinalizeReload (5687ms)
		SetupLoadedEditorAssemblies (0ms)
			LogAssemblyErrors (8ms)
			InitializePlatformSupportModulesInManaged (3ms)
			BeforeProcessingInitializeOnLoad (598ms)
			ProcessInitializeOnLoadAttributes (1052ms)
			ProcessInitializeOnLoadMethodAttributes (211ms)
			AfterProcessingInitializeOnLoad (10ms)
			EditorAssembliesLoaded (3ms)
		AwakeInstancesAfterBackupRestoration (1749ms)
No restricted APIs configured; Validation skipped.
Checking 18 assemblies for restricted APIs found 0 usage(s) in 11 ms
Refreshing native plugins compatible for Editor in 2.85 ms, found 5 plugins.

Asset Pipeline Refresh (id=7524bf3ef367308468c81537990febe4): Total: 13.172 seconds - Initiated by StopAssetImportingV2(ForceSynchronousImport | ForceDomainReload)
	(Values over 0.05ms)
	Summary:
		Imports: total=0 (actual=0, local cache=0, cache server=0)
		Asset DB Process Time: managed=0 ms, native=6748 ms
		Asset DB Callback time: managed=1596 ms, native=2277 ms
		Scripting: domain reloads=1, domain reload time=2544 ms, compile time=5 ms, other=0 ms
		Project Asset Count: scripts=1700, non-scripts=3426
		Asset File Changes: new=0, changed=0, moved=0, deleted=0
		Scan Filter Count: 0
	InvokePackagesCallback: 2.518ms
	ApplyChangesToAssetFolders: 0.499ms
	Collect global state as custom dependencies: 7.519ms
	ProcessAssetsWithTransientArtifactChanges: 736.434ms
	CategorizeAssets: 162.080ms
	CompileScripts: 4.611ms
	ImportOutOfDateAssets: 5727.540ms (5717.233ms without children)
		CollectScriptTypesHashes: 3.001ms
		ReloadNativeAssets: 1.858ms
		UnloadImportedAssets: 5.807ms
		EnsureUptoDateAssetsAreRegisteredWithGuidPM: 2.187ms
		ImportSchedulerStart: 0.358ms
	PostProcessAllAssets: 3806.426ms
		AssemblyValidation.PostprocessAllAssets 87.875ms
		PostProcessCallbackCreateDeferredMaterials 38.470ms
		SpriteAtlasDatabase.OnAssetPostprocessCallback 38.191ms
		ComputeShaderImportPostprocess 26.174ms
		ShaderAssetModifiedCallback 25.762ms
		RaytracingShaderImportPostprocess 25.328ms
		SpeedTreeImporter.PostprocessAllAssets 23.936ms
		BlockShaderImporter.PostprocessAllAssets 7.291ms
		LocalizationDatabase.AssetDatabasePostprocessCallback 6.731ms
		XRBuildSystem.XRAssetImported 1.010ms
		VCAutoAddAssetPostprocess 0.392ms
		MonoPostProcessAllAssets: 1590.834ms
			SyncVS.PostprocessSyncProject 545.596ms
			ShaderGraphAssetPostProcessor.OnPostprocessAllAssets 328.474ms
			AssetPostprocessor.OnPostprocessAllAssets 140.661ms
			PostProcessor.OnPostprocessAllAssets 74.171ms
			AssetChangedListener.OnPostprocessAllAssets 68.302ms
			InputActionJsonNameModifierAssetProcessor.OnPostprocessAllAssets 53.432ms
			MaterialPostprocessor.OnPostprocessAllAssets 51.727ms
			InputActionAssetPostprocessor.OnPostprocessAllAssets 51.563ms
			TextAssetPostProcessor.OnPostprocessAllAssets 49.034ms
			SpriteSlicePostprocessor.OnPostprocessAllAssets 43.185ms
			UniversalRenderPipelineGlobalSettingsPostprocessor.OnPostprocessAllAssets 22.091ms
			BuilderAssetPostprocessor.OnPostprocessAllAssets 13.413ms
			RenderPipelineGlobalSettingsPostprocessor.OnPostprocessAllAssets 9.460ms
			SpeedTree9Postprocessor.OnPostprocessAllAssets 8.132ms
			RetainedModeAssetPostprocessor.OnPostprocessAllAssets 5.601ms
			WindowAssetPostprocessingWatcher.OnPostprocessAllAssets 3.700ms
			ProjectSettingsPostprocessor.OnPostprocessAllAssets 2.428ms
			EditModeScopePostprocessor.OnPostprocessAllAssets 2.383ms
			StyleCatalogPostProcessor.OnPostprocessAllAssets 1.689ms
			SpriteEditorTexturePostprocessor.OnPostprocessAllAssets 1.311ms
			ArtifactBrowserPostProcessor.OnPostprocessAllAssets 1.294ms
			SpriteShapeAssetPostProcessor.OnPostprocessAllAssets 1.193ms
			ShaderReflectionAssetPostProcessor.OnPostprocessAllAssets 1.190ms
			AssetProcessor.OnPostprocessAllAssets 1.185ms
			UVCSAssetPostprocessor.OnPostprocessAllAssets 1.073ms
			AudioMixerPostprocessor.OnPostprocessAllAssets 0.911ms
			ThemePostprocessor.OnPostprocessAllAssets 0.900ms
			SpeedTreePostProcessor.OnPostprocessAllAssets 0.895ms
			TMPro_TexturePostProcessor.OnPostprocessAllAssets 0.710ms
			AssetEvents.OnPostprocessAllAssets 0.702ms
			ReferencedClipsPostProcessor.OnPostprocessAllAssets 0.667ms
			SpriteLibraryAssetPostprocessor.OnPostprocessAllAssets 0.445ms
			TerrainToolbarOverlayPostProcessor.OnPostprocessAllAssets 0.424ms
			SamplePostprocessor.OnPostprocessAllAssets 0.401ms
			ConfigAssetsTracker.OnPostprocessAllAssets 0.387ms
			AssetReloadNotifier.OnPostprocessAllAssets 0.358ms
			PSDImportPostProcessor.OnPostprocessAllAssets 0.329ms
			AssetDatabaseCallbacks.OnPostprocessAllAssets 0.256ms
			AudioContainerPostProcessor.OnPostprocessAllAssets 0.252ms
			ScenarioDriftAssetsTracker.OnPostprocessAllAssets 0.216ms
			PSDImporterAssetPostProcessor.OnPostprocessAllAssets 0.202ms
	PostAssetChangesProfiler: 67.851ms
	GatherAllCurrentPrimaryImportResultRevisions: 0.712ms
	UnloadStreamsBegin: 2.938ms
	PersistCurrentRevisions: 0.256ms
	GenerateScriptTypeHashes: 7.298ms
	GenerateScriptTypeSerializationHashes: 11.962ms
	Untracked: 2637.172ms

Created GICache directory at C:/Users/golfa/AppData/LocalLow/Unity/Caches/GiCache. Took: 0.029s, timestamps: [28.150 - 28.179]
[Licensing::Client] Successfully updated the access token
[Licensing::Module] Successfully updated access token: "xwZuRBBt"... (expires: 2026-09-29T20:52:17Z)
[Licensing::Client] Successfully resolved entitlement details
[Licensing::Client] Successfully resolved entitlement details
[Licensing::Client] Successfully resolved entitlement details
[Licensing::Client] Successfully resolved entitlement details
[Licensing::Client] Successfully resolved entitlement details
Asset Pipeline Refresh (id=e9b3d0bdd78013e47a71a07e0dbc4cd7): Total: 0.013 seconds - Initiated by RefreshV2(AllowForceSynchronousImport)
Start Indexing on Editor startup
[Indexing] Starting Initial Indexing for Assets
Starting new worker id: 1 with log in C:/Users/golfa/Flappybird/Logs/AssetImportWorkerHW1.log
[Worker0] Imported GUID: 8c9cfa26abfee488c85f1582747f6a02 - Path: Assets/Scenes/SampleScene.unity - Importer: ScriptedImporter/UnityEditor.QuickSearchModule:UnityEditor.Search:ASIAI0B -> (ImportResultId: 'cad7b6cad24cdd6be3bffa8999873b96') in 0.2381823 seconds
[Worker0] Imported GUID: 68d93eff07252394dafedc22ff46967e - Path: Assets/Prefab/PipePair.prefab - Importer: ScriptedImporter/UnityEditor.QuickSearchModule:UnityEditor.Search:ASIAI0B -> (ImportResultId: '016db38db01be73ea31c7766fbe7d894') in 0.174672 seconds
[Worker0] Imported GUID: 750ece9d56c51fb42bfeee931292e633 - Path: Assets/Script/BirdDeath.cs - Importer: ScriptedImporter/UnityEditor.QuickSearchModule:UnityEditor.Search:ASIAI0B -> (ImportResultId: '6c29766988972ce9b790af485939d40d') in 0.0369745 seconds
TrimDiskCacheJob: Current cache size 0mb
Worker ready: AssetImportWorkerHW1 1
Asset Pipeline Refresh (id=800312f4cd5fd554791b3a30095fb79c): Total: 0.016 seconds - Initiated by RefreshV2(AllowForceSynchronousImport)
Asset Pipeline Refresh (id=b6f1fea09a4c0cc4e846d8958d82bade): Total: 0.010 seconds - Initiated by RefreshV2(AllowForceSynchronousImport)
[ScriptCompilation] Requested script compilation because: AssetDatabase observed changes in script compilation related files
[Licensing::Client] Successfully resolved entitlement details
Refreshing native plugins compatible for Editor in 7.33 ms, found 5 plugins.

Asset Pipeline Refresh (id=88e1a8dd158ded542afbca8ca82122b4): Total: 0.661 seconds - Initiated by StopAssetImportingV2(NoUpdateAssetOptions)
	(Values over 0.05ms)
	Summary:
		Imports: total=0 (actual=0, local cache=0, cache server=0)
		Asset DB Process Time: managed=0 ms, native=288 ms
		Asset DB Callback time: managed=356 ms, native=13 ms
		Scripting: domain reloads=0, domain reload time=0 ms, compile time=2 ms, other=0 ms
		Project Asset Count: scripts=1700, non-scripts=3426
		Asset File Changes: new=1, changed=1, moved=0, deleted=0
		Scan Filter Count: 3
	ApplyChangesToAssetFolders: 0.449ms
	Scan: 51.680ms
	Collect global state as custom dependencies: 0.475ms
	OnSourceAssetsModified: 2.957ms
	CategorizeScriptCompilationAssets: 0.540ms
	ProcessAssetsWithTransientArtifactChanges: 4.235ms
	CategorizeAssets: 45.269ms
	CompileScripts: 2.047ms
	ImportOutOfDateAssets: 4.308ms (1.025ms without children)
		ReloadNativeAssets: 0.230ms
		UnloadImportedAssets: 0.280ms
		EnsureUptoDateAssetsAreRegisteredWithGuidPM: 1.517ms
		InitializingProgressBar: 0.114ms
		ImportSchedulerStart: 1.135ms
	PostProcessAllAssets: 342.135ms
		XRBuildSystem.XRAssetImported 2.071ms
		PostProcessCallbackCreateDeferredMaterials 0.235ms
		ShaderAssetModifiedCallback 0.173ms
		VersionControlSettings.HiddenFilePostprocess 0.060ms
		MonoPostProcessAllAssets: 338.526ms
			SyncVS.PostprocessSyncProject 320.665ms
			AssetPostprocessor.OnPostprocessAllAssets 9.070ms
			ConfigAssetsTracker.OnPostprocessAllAssets 2.770ms
			AssetChangedListener.OnPostprocessAllAssets 2.218ms
			SpriteEditorTexturePostprocessor.OnPostprocessAllAssets 0.428ms
			RenderPipelineGlobalSettingsPostprocessor.OnPostprocessAllAssets 0.271ms
			SpriteSlicePostprocessor.OnPostprocessAllAssets 0.214ms
			ShaderGraphAssetPostProcessor.OnPostprocessAllAssets 0.156ms
			RetainedModeAssetPostprocessor.OnPostprocessAllAssets 0.150ms
			InputActionAssetPostprocessor.OnPostprocessAllAssets 0.127ms
			UVCSAssetPostprocessor.OnPostprocessAllAssets 0.109ms
			SpriteShapeAssetPostProcessor.OnPostprocessAllAssets 0.105ms
			ScenarioDriftAssetsTracker.OnPostprocessAllAssets 0.084ms
			TMPro_TexturePostProcessor.OnPostprocessAllAssets 0.064ms
			UniversalRenderPipelineGlobalSettingsPostprocessor.OnPostprocessAllAssets 0.060ms
	PostAssetChangesProfiler: 24.983ms
	GatherAllCurrentPrimaryImportResultRevisions: 0.357ms
	UnloadStreamsBegin: 2.587ms
	PersistCurrentRevisions: 0.244ms
	Untracked: 178.728ms

[Worker1] Imported GUID: 4c4e34d9853a75243a72efcddbf1560a - Path: Assets/Script/GameOverManager.cs - Importer: PreviewImporter -> (ImportResultId: '227dc75cb47db62f8c2f300429f0aab8') in 0.0623757 seconds
Starting: C:\Program Files\Unity\Hub\Editor\6000.6.2f1\Editor\Data\Tools\BuildPipeline\bee_backend.exe --ipc --defer-dag-verification --dagfile="Library/Bee/1900b0aE.dag" --continue-on-failure --profile="Library/Bee/backend1.traceevents" ScriptAssemblies
WorkingDir: C:/Users/golfa/Flappybird
ExitCode: 4 Duration: 0s556ms
Starting: C:\Program Files\Unity\Hub\Editor\6000.6.2f1\Editor\Data\DotNetSdk\dotnet.exe "C:\Program Files\Unity\Hub\Editor\6000.6.2f1\Editor\Data\Tools\BuildPipeline\ScriptCompilationBuildProgram.exe" "Library/Bee/1900b0aE.dag.json" "Library/Bee/1900b0aE-inputdata.json" "Library\Bee\buildprogram0.traceevents"
Rebuilding DAG because FileSignature timestamp changed: Library/Bee/1900b0aE-inputdata.json
[ 970/1265  0s] ILPP-Configuration Library/ilpp-configuration.nevergeneratedoutput
*** Tundra requires additional run (0.50 seconds), 1 items updated, 969 evaluatedWorkingDir: C:/Users/golfa/Flappybird

[Worker1] Imported GUID: 4c4e34d9853a75243a72efcddbf1560a - Path: Assets/Script/GameOverManager.cs - Importer: ScriptedImporter/UnityEditor.QuickSearchModule:UnityEditor.Search:ASIAI0B -> (ImportResultId: 'e90ba911574eb3d068140f3e0400f5db') in 0.6241523 seconds
ExitCode: 0 Duration: 2s716ms
Starting: C:\Program Files\Unity\Hub\Editor\6000.6.2f1\Editor\Data\Tools\BuildPipeline\bee_backend.exe --ipc --defer-dag-verification --dagfile="Library/Bee/1900b0aE.dag" --continue-on-failure --dagfilejson="Library\Bee\1900b0aE.dag.json" --profile="Library/Bee/backend2.traceevents" ScriptAssemblies
WorkingDir: C:/Users/golfa/Flappybird
ExitCode: 0 Duration: 2s432ms
Finished compiling graph: 1268 nodes, 25918 flattened edges (21854 ToBuild, 202 ToUse), maximum node priority 1400
[ 672/1265  0s] WriteText Library/Bee/artifacts/1900b0aE.dag/Assembly-CSharp.rsp
[ 969/1265  0s] ILPP-Configuration Library/ilpp-configuration.nevergeneratedoutput
[1261/1265  1s] Csc Library/Bee/artifacts/1900b0aE.dag/Assembly-CSharp.dll (+2 others)
[1262/1265  0s] ILPostProcess Library/Bee/artifacts/1900b0aE.dag/post-processed/Assembly-CSharp.dll (+pdb)
Processing assembly Library/Bee/artifacts/1900b0aE.dag/Assembly-CSharp.dll, with 148 defines and 377 references

processors: Unity.Jobs.CodeGen.JobsILPostProcessor, zzzUnity.Burst.CodeGen.BurstILPostProcessor

1 processor(s) skipped this assembly

running Unity.Jobs.CodeGen.JobsILPostProcessor
[1263/1265  0s] CopyFiles Library/ScriptAssemblies/Assembly-CSharp.pdb
[1264/1265  0s] CopyFiles Library/ScriptAssemblies/Assembly-CSharp.dll
*** Tundra build success (2.38 seconds), 6 items updated, 1265 evaluated
Reloading assemblies after finishing script compilation.
Reloading assemblies after forced synchronous recompile.
Begin MonoManager ReloadAssembly
Total cache size 160401120
Total cache size after purge 160401120, took 00:00:00.6629265
Refreshing native plugins compatible for Editor in 7.90 ms, found 5 plugins.
Native extension for WindowsStandalone target not found
[MODES] ModeService[none].Initialize
[MODES] ModeService[none].LoadModes
ScheduleIndexationOnStartup MainProcess:True IndexOnStartup:True
Scripting: successfully reloaded assembly
- Finished resetting the current domain, in  4.619 seconds
Domain Reload Profiling: 8505ms
	BeginReloadAssembly (2439ms)
		DisableScriptedObjects (388ms)
		CreateAndSetChildDomain (1165ms)
	RebuildCommonClasses (23ms)
	RebuildNativeTypeToScriptingClass (27ms)
	initialDomainReloadingComplete (240ms)
	LoadAllAssembliesAndSetupDomain (1156ms)
		LoadAssemblies (592ms)
		TypeCache.Refresh (37ms)
		AnalyzeDomain (582ms)
			BuildScriptInfoCaches (495ms)
			ResolveRequiredComponents (62ms)
	FinalizeReload (4621ms)
		SetupLoadedEditorAssemblies (0ms)
			LogAssemblyErrors (7ms)
			InitializePlatformSupportModulesInManaged (4ms)
			BeforeProcessingInitializeOnLoad (701ms)
			ProcessInitializeOnLoadAttributes (826ms)
			ProcessInitializeOnLoadMethodAttributes (190ms)
			AfterProcessingInitializeOnLoad (11ms)
			EditorAssembliesLoaded (6ms)
		AwakeInstancesAfterBackupRestoration (1707ms)
Refreshing native plugins compatible for Editor in 6.15 ms, found 5 plugins.

Asset Pipeline Refresh (id=8bb79a2f2afa440489a3cf81526bd5e7): Total: 9.111 seconds - Initiated by StopAssetImportingV2(ForceSynchronousImport | ForceDomainReload)
	(Values over 0.05ms)
	Summary:
		Imports: total=0 (actual=0, local cache=0, cache server=0)
		Asset DB Process Time: managed=0 ms, native=4901 ms
		Asset DB Callback time: managed=122 ms, native=14 ms
		Scripting: domain reloads=1, domain reload time=4067 ms, compile time=5 ms, other=0 ms
		Project Asset Count: scripts=1700, non-scripts=3426
		Asset File Changes: new=0, changed=0, moved=0, deleted=0
		Scan Filter Count: 0
	InvokePackagesCallback: 4.004ms
	ApplyChangesToAssetFolders: 0.483ms
	Collect global state as custom dependencies: 7.409ms
	ProcessAssetsWithTransientArtifactChanges: 7.798ms
	CategorizeAssets: 139.828ms
	CompileScripts: 4.753ms
	ImportOutOfDateAssets: 4642.554ms (4638.557ms without children)
		CollectScriptTypesHashes: 4.342ms
		ReloadNativeAssets: 1.552ms
		UnloadImportedAssets: 0.264ms
		EnsureUptoDateAssetsAreRegisteredWithGuidPM: 1.224ms
		ImportSchedulerStart: 0.894ms
	PostProcessAllAssets: 124.556ms
		XRBuildSystem.XRAssetImported 0.888ms
		MonoPostProcessAllAssets: 122.826ms
			UniversalRenderPipelineGlobalSettingsPostprocessor.OnPostprocessAllAssets 33.981ms
			BuilderAssetPostprocessor.OnPostprocessAllAssets 16.043ms
			AssetChangedListener.OnPostprocessAllAssets 9.411ms
			AssetPostprocessor.OnPostprocessAllAssets 6.538ms
			SyncVS.PostprocessSyncProject 5.116ms
			WindowAssetPostprocessingWatcher.OnPostprocessAllAssets 4.007ms
			SpriteSlicePostprocessor.OnPostprocessAllAssets 3.725ms
			SpeedTree9Postprocessor.OnPostprocessAllAssets 3.059ms
			ShaderGraphAssetPostProcessor.OnPostprocessAllAssets 2.645ms
			RetainedModeAssetPostprocessor.OnPostprocessAllAssets 2.237ms
			EditModeScopePostprocessor.OnPostprocessAllAssets 1.438ms
			RenderPipelineGlobalSettingsPostprocessor.OnPostprocessAllAssets 1.437ms
			MaterialPostprocessor.OnPostprocessAllAssets 1.247ms
			ArtifactBrowserPostProcessor.OnPostprocessAllAssets 1.184ms
			ProjectSettingsPostprocessor.OnPostprocessAllAssets 1.146ms
			SpriteEditorTexturePostprocessor.OnPostprocessAllAssets 1.054ms
			UVCSAssetPostprocessor.OnPostprocessAllAssets 0.987ms
			ShaderReflectionAssetPostProcessor.OnPostprocessAllAssets 0.880ms
			SpriteShapeAssetPostProcessor.OnPostprocessAllAssets 0.878ms
			TMPro_TexturePostProcessor.OnPostprocessAllAssets 0.866ms
			AudioMixerPostprocessor.OnPostprocessAllAssets 0.705ms
			InputActionAssetPostprocessor.OnPostprocessAllAssets 0.556ms
			TextAssetPostProcessor.OnPostprocessAllAssets 0.540ms
			PostProcessor.OnPostprocessAllAssets 0.448ms
			ReferencedClipsPostProcessor.OnPostprocessAllAssets 0.402ms
			StyleCatalogPostProcessor.OnPostprocessAllAssets 0.400ms
			InputActionJsonNameModifierAssetProcessor.OnPostprocessAllAssets 0.400ms
			AssetEvents.OnPostprocessAllAssets 0.398ms
			AssetDatabaseCallbacks.OnPostprocessAllAssets 0.296ms
			SpriteLibraryAssetPostprocessor.OnPostprocessAllAssets 0.289ms
			ConfigAssetsTracker.OnPostprocessAllAssets 0.285ms
			ThemePostprocessor.OnPostprocessAllAssets 0.278ms
			SpeedTreePostProcessor.OnPostprocessAllAssets 0.275ms
			TerrainToolbarOverlayPostProcessor.OnPostprocessAllAssets 0.248ms
			PSDImportPostProcessor.OnPostprocessAllAssets 0.229ms
			AssetReloadNotifier.OnPostprocessAllAssets 0.215ms
			SamplePostprocessor.OnPostprocessAllAssets 0.210ms
			ScenarioDriftAssetsTracker.OnPostprocessAllAssets 0.200ms
			AudioContainerPostProcessor.OnPostprocessAllAssets 0.175ms
			AssetProcessor.OnPostprocessAllAssets 0.114ms
			PSDImporterAssetPostProcessor.OnPostprocessAllAssets 0.110ms
	PostAssetChangesProfiler: 11.297ms
	GatherAllCurrentPrimaryImportResultRevisions: 0.341ms
	PersistCurrentRevisions: 0.259ms
	GenerateScriptTypeHashes: 5.781ms
	GenerateScriptTypeSerializationHashes: 10.160ms
	Untracked: 4158.172ms

[Licensing::Client] Successfully resolved entitlement details
[Licensing::Client] Successfully resolved entitlement details
Asset Pipeline Refresh (id=8b9db4a3d4261a343a8aae3e16415281): Total: 0.037 seconds - Initiated by RefreshV2(AllowForceSynchronousImport)
[Licensing::Client] Successfully resolved entitlement details
[Worker0] Imported GUID: 4c4e34d9853a75243a72efcddbf1560a - Path: Assets/Script/GameOverManager.cs - Importer: PreviewImporter -> (ImportResultId: '43b97ee0221ab4c913dcfc2bdf95f411') in 0.2973044 seconds
[ScriptCompilation] Requested script compilation because: AssetDatabase observed changes in script compilation related files
AssetDatabase: script compilation time: 0.017306s
Starting: C:\Program Files\Unity\Hub\Editor\6000.6.2f1\Editor\Data\Tools\BuildPipeline\bee_backend.exe --ipc --defer-dag-verification --dagfile="Library/Bee/1900b0aE.dag" --continue-on-failure --profile="Library/Bee/backend1.traceevents" ScriptAssemblies
WorkingDir: C:/Users/golfa/Flappybird
ExitCode: 3 Duration: 1s735ms
[ 969/1265  0s] ILPP-Configuration Library/ilpp-configuration.nevergeneratedoutput
[1261/1265  1s] Csc Library/Bee/artifacts/1900b0aE.dag/Assembly-CSharp.dll (+2 others)
##### CommandLine
"C:\Program Files\Unity\Hub\Editor\6000.6.2f1\Editor\Data\DotNetSdk\dotnet.exe" exec "C:/Program Files/Unity/Hub/Editor/6000.6.2f1/Editor/Data/DotNetSdk/sdk/8.0.318/Roslyn/bincore/csc.dll" /nostdlib /noconfig /shared "@Library/Bee/artifacts/1900b0aE.dag/Assembly-CSharp.rsp" "@Library/Bee/artifacts/1900b0aE.dag/Assembly-CSharp.rsp2"
##### Contents of Library\Bee\artifacts\1900b0aE.dag\Assembly-CSharp.rsp
-target:library
-out:"Library/Bee/artifacts/1900b0aE.dag/Assembly-CSharp.dll"
-refout:"Library/Bee/artifacts/1900b0aE.dag/Assembly-CSharp.ref.dll"
-define:UNITY_6000_6_2
-define:UNITY_6000_6
-define:UNITY_6000
-define:UNITY_5_3_OR_NEWER
-define:UNITY_5_4_OR_NEWER
-define:UNITY_5_5_OR_NEWER
-define:UNITY_5_6_OR_NEWER
-define:UNITY_2017_1_OR_NEWER
-define:UNITY_2017_2_OR_NEWER
-define:UNITY_2017_3_OR_NEWER
-define:UNITY_2017_4_OR_NEWER
-define:UNITY_2018_1_OR_NEWER
-define:UNITY_2018_2_OR_NEWER
-define:UNITY_2018_3_OR_NEWER
-define:UNITY_2018_4_OR_NEWER
-define:UNITY_2019_1_OR_NEWER
-define:UNITY_2019_2_OR_NEWER
-define:UNITY_2019_3_OR_NEWER
-define:UNITY_2019_4_OR_NEWER
-define:UNITY_2020_1_OR_NEWER
-define:UNITY_2020_2_OR_NEWER
-define:UNITY_2020_3_OR_NEWER
-define:UNITY_2021_1_OR_NEWER
-define:UNITY_2021_2_OR_NEWER
-define:UNITY_2021_3_OR_NEWER
-define:UNITY_2022_1_OR_NEWER
-define:UNITY_2022_2_OR_NEWER
-define:UNITY_2022_3_OR_NEWER
-define:UNITY_2023_1_OR_NEWER
-define:UNITY_2023_2_OR_NEWER
-define:UNITY_2023_3_OR_NEWER
-define:UNITY_6000_0_OR_NEWER
-define:UNITY_6000_1_OR_NEWER
-define:UNITY_6000_2_OR_NEWER
-define:UNITY_6000_3_OR_NEWER
-define:UNITY_6000_4_OR_NEWER
-define:UNITY_6000_5_OR_NEWER
-define:UNITY_6000_6_OR_NEWER
-define:PLATFORM_ARCH_64
-define:UNITY_64
-define:UNITY_INCLUDE_TESTS
-define:ENABLE_AR
-define:ENABLE_AUDIO
-define:ENABLE_AUDIO_SCRIPTABLE_PIPELINE
-define:ENABLE_BURST
-define:ENABLE_CACHING
-define:ENABLE_CLOTH
-define:ENABLE_EVENT_QUEUE
-define:ENABLE_MICROPHONE
-define:ENABLE_MULTIPLE_DISPLAYS
-define:ENABLE_PHYSICS
-define:ENABLE_TEXTURE_STREAMING
-define:ENABLE_VIRTUALTEXTURING
-define:ENABLE_LZMA
-define:ENABLE_UNITYEVENTS
-define:ENABLE_VR
-define:ENABLE_WEBCAM
-define:ENABLE_UNITYWEBREQUEST
-define:ENABLE_WWW
-define:ENABLE_CLOUD_SERVICES
-define:ENABLE_CLOUD_SERVICES_ADS
-define:ENABLE_CLOUD_SERVICES_USE_WEBREQUEST
-define:ENABLE_UNITY_CONSENT
-define:ENABLE_UNITY_CLOUD_IDENTIFIERS
-define:ENABLE_CLOUD_SERVICES_CRASH_REPORTING
-define:ENABLE_CLOUD_SERVICES_NATIVE_CRASH_REPORTING
-define:ENABLE_CLOUD_SERVICES_PURCHASING
-define:ENABLE_CLOUD_SERVICES_ANALYTICS
-define:ENABLE_CLOUD_SERVICES_BUILD
-define:ENABLE_EDITOR_GAME_SERVICES
-define:ENABLE_UNITY_GAME_SERVICES_ANALYTICS_SUPPORT
-define:ENABLE_CLOUD_LICENSE
-define:ENABLE_EDITOR_HUB_LICENSE
-define:ENABLE_WEBSOCKET_CLIENT
-define:ENABLE_GENERATE_NATIVE_PLUGINS_FOR_ASSEMBLIES_API
-define:ENABLE_DIRECTOR_AUDIO
-define:ENABLE_DIRECTOR_TEXTURE
-define:ENABLE_MANAGED_JOBS
-define:ENABLE_MANAGED_TRANSFORM_JOBS
-define:ENABLE_MANAGED_ANIMATION_JOBS
-define:ENABLE_MANAGED_AUDIO_JOBS
-define:ENABLE_MANAGED_UNITYTLS
-define:INCLUDE_DYNAMIC_GI
-define:ENABLE_SCRIPTING_GC_WBARRIERS
-define:PLATFORM_SUPPORTS_MONO
-define:RENDER_SOFTWARE_CURSOR
-define:ENABLE_MARSHALLING_TESTS
-define:ENABLE_VIDEO
-define:ENABLE_NAVIGATION_OFFMESHLINK_TO_NAVMESHLINK
-define:ENABLE_ACCELERATOR_CLIENT_DEBUGGING
-define:ENABLE_ACCESSIBILITY_SCREEN_READER
-define:TEXTCORE_1_0_OR_NEWER
-define:EDITOR_ONLY_NAVMESH_BUILDER_DEPRECATED
-define:INCLUDE_UNIFIED_RAYTRACING_COMPUTE_BACKEND
-define:INCLUDE_UNIFIED_RAYTRACING_HARDWARE_BACKEND
-define:PLATFORM_STANDALONE_WIN
-define:PLATFORM_STANDALONE
-define:UNITY_STANDALONE_WIN
-define:UNITY_STANDALONE
-define:ENABLE_RUNTIME_GI
-define:ENABLE_MOVIES
-define:ENABLE_NETWORK
-define:ENABLE_NVIDIA
-define:ENABLE_AMD
-define:ENABLE_CRUNCH_TEXTURE_COMPRESSION
-define:ENABLE_CLOUD_SERVICES_ENGINE_DIAGNOSTICS
-define:ENABLE_OUT_OF_PROCESS_CRASH_HANDLER
-define:ENABLE_CLUSTER_SYNC
-define:ENABLE_CLUSTERINPUT
-define:PLATFORM_UPDATES_TIME_OUTSIDE_OF_PLAYER_LOOP
-define:GFXDEVICE_WAITFOREVENT_MESSAGEPUMP
-define:PLATFORM_USES_EXPLICIT_MEMORY_MANAGER_INITIALIZER
-define:PLATFORM_SUPPORTS_WAIT_FOR_PRESENTATION
-define:PLATFORM_SUPPORTS_SPLIT_GRAPHICS_JOBS
-define:UNITY_SUPPORTS_GRAPHICS_API_VALIDATION
-define:PLATFORM_USES_VULKAN_OLD_SWAPCHAIN
-define:USE_READ_ASYNC_MANAGED_API
-define:ENABLE_MONO
-define:NET_STANDARD_2_0
-define:NET_STANDARD
-define:NET_STANDARD_2_1
-define:NETSTANDARD
-define:NETSTANDARD2_1
-define:ENABLE_PROFILER
-define:UNITY_INCLUDE_INSTRUMENTATION
-define:DEBUG
-define:TRACE
-define:UNITY_ASSERTIONS
-define:UNITY_ENABLE_CHECKS
-define:UNITY_EDITOR
-define:UNITY_EDITOR_64
-define:UNITY_EDITOR_WIN
-define:ENABLE_UNITY_COLLECTIONS_CHECKS
-define:ENABLE_BURST_AOT
-define:UNITY_TEAM_LICENSE
-define:ENABLE_CUSTOM_RENDER_TEXTURE
-define:ENABLE_DIRECTOR
-define:ENABLE_LOCALIZATION
-define:ENABLE_SPRITES
-define:ENABLE_TERRAIN
-define:ENABLE_TILEMAP
-define:ENABLE_TIMELINE
-define:ENABLE_INPUT_SYSTEM
-define:TEXTCORE_FONT_ENGINE_1_5_OR_NEWER
-define:TEXTCORE_TEXT_ENGINE_1_5_OR_NEWER
-define:TEXTCORE_FONT_ENGINE_1_6_OR_NEWER
-define:CSHARP_7_OR_LATER
-define:CSHARP_7_3_OR_NEWER
-r:"C:/Program Files/Unity/Hub/Editor/6000.6.2f1/Editor/Data/BCLExtensions/TargetingPacks/netstandard2.1/ref/Microsoft.Bcl.AsyncInterfaces.dll"
-r:"C:/Program Files/Unity/Hub/Editor/6000.6.2f1/Editor/Data/BCLExtensions/TargetingPacks/netstandard2.1/ref/Microsoft.Extensions.DependencyInjection.Abstractions.dll"
-r:"C:/Program Files/Unity/Hub/Editor/6000.6.2f1/Editor/Data/BCLExtensions/TargetingPacks/netstandard2.1/ref/Microsoft.Extensions.Logging.Abstractions.dll"
-r:"C:/Program Files/Unity/Hub/Editor/6000.6.2f1/Editor/Data/BCLExtensions/TargetingPacks/netstandard2.1/ref/System.Collections.Immutable.dll"
-r:"C:/Program Files/Unity/Hub/Editor/6000.6.2f1/Editor/Data/BCLExtensions/TargetingPacks/netstandard2.1/ref/System.Diagnostics.DiagnosticSource.dll"
-r:"C:/Program Files/Unity/Hub/Editor/6000.6.2f1/Editor/Data/BCLExtensions/TargetingPacks/netstandard2.1/ref/System.IO.Hashing.dll"
-r:"C:/Program Files/Unity/Hub/Editor/6000.6.2f1/Editor/Data/BCLExtensions/TargetingPacks/netstandard2.1/ref/System.Reflection.Metadata.dll"
-r:"C:/Program Files/Unity/Hub/Editor/6000.6.2f1/Editor/Data/BCLExtensions/TargetingPacks/netstandard2.1/ref/System.Runtime.CompilerServices.Unsafe.dll"
-r:"C:/Program Files/Unity/Hub/Editor/6000.6.2f1/Editor/Data/BCLExtensions/TargetingPacks/netstandard2.1/ref/System.Text.Encodings.Web.dll"
-r:"C:/Program Files/Unity/Hub/Editor/6000.6.2f1/Editor/Data/BCLExtensions/TargetingPacks/netstandard2.1/ref/System.Text.Json.dll"
-r:"C:/Program Files/Unity/Hub/Editor/6000.6.2f1/Editor/Data/Managed/Bootstrap/Unity.Scripting.dll"
-r:"C:/Program Files/Unity/Hub/Editor/6000.6.2f1/Editor/Data/Managed/UnityEngine/UnityEditor.AIModule.dll"
-r:"C:/Program Files/Unity/Hub/Editor/6000.6.2f1/Editor/Data/Managed/UnityEngine/UnityEditor.AccessibilityModule.dll"
-r:"C:/Program Files/Unity/Hub/Editor/6000.6.2f1/Editor/Data/Managed/UnityEngine/UnityEditor.AdaptivePerformanceModule.dll"
-r:"C:/Program Files/Unity/Hub/Editor/6000.6.2f1/Editor/Data/Managed/UnityEngine/UnityEditor.AnimationWindowModule.dll"
-r:"C:/Program Files/Unity/Hub/Editor/6000.6.2f1/Editor/Data/Managed/UnityEngine/UnityEditor.AssetComplianceModule.dll"
-r:"C:/Program Files/Unity/Hub/Editor/6000.6.2f1/Editor/Data/Managed/UnityEngine/UnityEditor.BuildAnalysisModule.dll"
-r:"C:/Program Files/Unity/Hub/Editor/6000.6.2f1/Editor/Data/Managed/UnityEngine/UnityEditor.BuildProfileModule.dll"
-r:"C:/Program Files/Unity/Hub/Editor/6000.6.2f1/Editor/Data/Managed/UnityEngine/UnityEditor.BurstModule.dll"
-r:"C:/Program Files/Unity/Hub/Editor/6000.6.2f1/Editor/Data/Managed/UnityEngine/UnityEditor.ClothModule.dll"
-r:"C:/Program Files/Unity/Hub/Editor/6000.6.2f1/Editor/Data/Managed/UnityEngine/UnityEditor.ContentLoadModule.dll"
-r:"C:/Program Files/Unity/Hub/Editor/6000.6.2f1/Editor/Data/Managed/UnityEngine/UnityEditor.CoreBusinessMetricsModule.dll"
-r:"C:/Program Files/Unity/Hub/Editor/6000.6.2f1/Editor/Data/Managed/UnityEngine/UnityEditor.CoreModule.dll"
-r:"C:/Program Files/Unity/Hub/Editor/6000.6.2f1/Editor/Data/Managed/UnityEngine/UnityEditor.DeviceSimulatorModule.dll"
-r:"C:/Program Files/Unity/Hub/Editor/6000.6.2f1/Editor/Data/Managed/UnityEngine/UnityEditor.DiagnosticsModule.dll"
-r:"C:/Program Files/Unity/Hub/Editor/6000.6.2f1/Editor/Data/Managed/UnityEngine/UnityEditor.EditorToolbarModule.dll"
-r:"C:/Program Files/Unity/Hub/Editor/6000.6.2f1/Editor/Data/Managed/UnityEngine/UnityEditor.EmbreeModule.dll"
-r:"C:/Program Files/Unity/Hub/Editor/6000.6.2f1/Editor/Data/Managed/UnityEngine/UnityEditor.GIModule.dll"
-r:"C:/Program Files/Unity/Hub/Editor/6000.6.2f1/Editor/Data/Managed/UnityEngine/UnityEditor.GenericRemoteModule.dll"
-r:"C:/Program Files/Unity/Hub/Editor/6000.6.2f1/Editor/Data/Managed/UnityEngine/UnityEditor.GraphToolkitModule.dll"
-r:"C:/Program Files/Unity/Hub/Editor/6000.6.2f1/Editor/Data/Managed/UnityEngine/UnityEditor.GraphViewModule.dll"
-r:"C:/Program Files/Unity/Hub/Editor/6000.6.2f1/Editor/Data/Managed/UnityEngine/UnityEditor.GraphicsStateCollectionSerializerModule.dll"
-r:"C:/Program Files/Unity/Hub/Editor/6000.6.2f1/Editor/Data/Managed/UnityEngine/UnityEditor.GridAndSnapModule.dll"
-r:"C:/Program Files/Unity/Hub/Editor/6000.6.2f1/Editor/Data/Managed/UnityEngine/UnityEditor.GridModule.dll"
-r:"C:/Program Files/Unity/Hub/Editor/6000.6.2f1/Editor/Data/Managed/UnityEngine/UnityEditor.HierarchyModule.dll"
-r:"C:/Program Files/Unity/Hub/Editor/6000.6.2f1/Editor/Data/Managed/UnityEngine/UnityEditor.LightingModule.dll"
-r:"C:/Program Files/Unity/Hub/Editor/6000.6.2f1/Editor/Data/Managed/UnityEngine/UnityEditor.MathematicsModule.dll"
-r:"C:/Program Files/Unity/Hub/Editor/6000.6.2f1/Editor/Data/Managed/UnityEngine/UnityEditor.MediaModule.dll"
-r:"C:/Program Files/Unity/Hub/Editor/6000.6.2f1/Editor/Data/Managed/UnityEngine/UnityEditor.MultiplayerModule.dll"
-r:"C:/Program Files/Unity/Hub/Editor/6000.6.2f1/Editor/Data/Managed/UnityEngine/UnityEditor.Physics2DModule.dll"
-r:"C:/Program Files/Unity/Hub/Editor/6000.6.2f1/Editor/Data/Managed/UnityEngine/UnityEditor.PhysicsCore2DModule.dll"
-r:"C:/Program Files/Unity/Hub/Editor/6000.6.2f1/Editor/Data/Managed/UnityEngine/UnityEditor.PhysicsModule.dll"
-r:"C:/Program Files/Unity/Hub/Editor/6000.6.2f1/Editor/Data/Managed/UnityEngine/UnityEditor.PlayModeModule.dll"
-r:"C:/Program Files/Unity/Hub/Editor/6000.6.2f1/Editor/Data/Managed/UnityEngine/UnityEditor.PresetsUIModule.dll"
-r:"C:/Program Files/Unity/Hub/Editor/6000.6.2f1/Editor/Data/Managed/UnityEngine/UnityEditor.ProjectAuditorModule.dll"
-r:"C:/Program Files/Unity/Hub/Editor/6000.6.2f1/Editor/Data/Managed/UnityEngine/UnityEditor.PropertiesModule.dll"
-r:"C:/Program Files/Unity/Hub/Editor/6000.6.2f1/Editor/Data/Managed/UnityEngine/UnityEditor.QuickInstallModule.dll"
-r:"C:/Program Files/Unity/Hub/Editor/6000.6.2f1/Editor/Data/Managed/UnityEngine/UnityEditor.QuickSearchModule.dll"
-r:"C:/Program Files/Unity/Hub/Editor/6000.6.2f1/Editor/Data/Managed/UnityEngine/UnityEditor.SafeModeModule.dll"
-r:"C:/Program Files/Unity/Hub/Editor/6000.6.2f1/Editor/Data/Managed/UnityEngine/UnityEditor.SceneTemplateModule.dll"
-r:"C:/Program Files/Unity/Hub/Editor/6000.6.2f1/Editor/Data/Managed/UnityEngine/UnityEditor.SceneViewModule.dll"
-r:"C:/Program Files/Unity/Hub/Editor/6000.6.2f1/Editor/Data/Managed/UnityEngine/UnityEditor.ShaderBuildSettingsModule.dll"
-r:"C:/Program Files/Unity/Hub/Editor/6000.6.2f1/Editor/Data/Managed/UnityEngine/UnityEditor.ShaderCompilationModule.dll"
-r:"C:/Program Files/Unity/Hub/Editor/6000.6.2f1/Editor/Data/Managed/UnityEngine/UnityEditor.ShaderFoundryModule.dll"
-r:"C:/Program Files/Unity/Hub/Editor/6000.6.2f1/Editor/Data/Managed/UnityEngine/UnityEditor.ShaderPreprocessorModule.dll"
-r:"C:/Program Files/Unity/Hub/Editor/6000.6.2f1/Editor/Data/Managed/UnityEngine/UnityEditor.SketchUpModule.dll"
-r:"C:/Program Files/Unity/Hub/Editor/6000.6.2f1/Editor/Data/Managed/UnityEngine/UnityEditor.SpriteMaskModule.dll"
-r:"C:/Program Files/Unity/Hub/Editor/6000.6.2f1/Editor/Data/Managed/UnityEngine/UnityEditor.SpriteShapeModule.dll"
-r:"C:/Program Files/Unity/Hub/Editor/6000.6.2f1/Editor/Data/Managed/UnityEngine/UnityEditor.SubstanceModule.dll"
-r:"C:/Program Files/Unity/Hub/Editor/6000.6.2f1/Editor/Data/Managed/UnityEngine/UnityEditor.SyntaxTreeModule.dll"
-r:"C:/Program Files/Unity/Hub/Editor/6000.6.2f1/Editor/Data/Managed/UnityEngine/UnityEditor.TerrainModule.dll"
-r:"C:/Program Files/Unity/Hub/Editor/6000.6.2f1/Editor/Data/Managed/UnityEngine/UnityEditor.TextCoreFontEngineModule.dll"
-r:"C:/Program Files/Unity/Hub/Editor/6000.6.2f1/Editor/Data/Managed/UnityEngine/UnityEditor.TextCoreTextEngineModule.dll"
-r:"C:/Program Files/Unity/Hub/Editor/6000.6.2f1/Editor/Data/Managed/UnityEngine/UnityEditor.TextRenderingModule.dll"
-r:"C:/Program Files/Unity/Hub/Editor/6000.6.2f1/Editor/Data/Managed/UnityEngine/UnityEditor.TilemapModule.dll"
-r:"C:/Program Files/Unity/Hub/Editor/6000.6.2f1/Editor/Data/Managed/UnityEngine/UnityEditor.TimelineFoundationModule.dll"
-r:"C:/Program Files/Unity/Hub/Editor/6000.6.2f1/Editor/Data/Managed/UnityEngine/UnityEditor.TreeModule.dll"
-r:"C:/Program Files/Unity/Hub/Editor/6000.6.2f1/Editor/Data/Managed/UnityEngine/UnityEditor.U2DModule.dll"
-r:"C:/Program Files/Unity/Hub/Editor/6000.6.2f1/Editor/Data/Managed/UnityEngine/UnityEditor.UIAutomationModule.dll"
-r:"C:/Program Files/Unity/Hub/Editor/6000.6.2f1/Editor/Data/Managed/UnityEngine/UnityEditor.UIBuilderModule.dll"
-r:"C:/Program Files/Unity/Hub/Editor/6000.6.2f1/Editor/Data/Managed/UnityEngine/UnityEditor.UIElementsModule.dll"
-r:"C:/Program Files/Unity/Hub/Editor/6000.6.2f1/Editor/Data/Managed/UnityEngine/UnityEditor.UIElementsSamplesModule.dll"
-r:"C:/Program Files/Unity/Hub/Editor/6000.6.2f1/Editor/Data/Managed/UnityEngine/UnityEditor.UIToolkitAuthoringModule.dll"
-r:"C:/Program Files/Unity/Hub/Editor/6000.6.2f1/Editor/Data/Managed/UnityEngine/UnityEditor.UmbraModule.dll"
-r:"C:/Program Files/Unity/Hub/Editor/6000.6.2f1/Editor/Data/Managed/UnityEngine/UnityEditor.UnityConnectModule.dll"
-r:"C:/Program Files/Unity/Hub/Editor/6000.6.2f1/Editor/Data/Managed/UnityEngine/UnityEditor.VFXModule.dll"
-r:"C:/Program Files/Unity/Hub/Editor/6000.6.2f1/Editor/Data/Managed/UnityEngine/UnityEditor.VectorGraphicsModule.dll"
-r:"C:/Program Files/Unity/Hub/Editor/6000.6.2f1/Editor/Data/Managed/UnityEngine/UnityEditor.VideoModule.dll"
-r:"C:/Program Files/Unity/Hub/Editor/6000.6.2f1/Editor/Data/Managed/UnityEngine/UnityEditor.XRModule.dll"
-r:"C:/Program Files/Unity/Hub/Editor/6000.6.2f1/Editor/Data/Managed/UnityEngine/UnityEditor.dll"
-r:"C:/Program Files/Unity/Hub/Editor/6000.6.2f1/Editor/Data/Managed/UnityEngine/UnityEngine.AIModule.dll"
-r:"C:/Program Files/Unity/Hub/Editor/6000.6.2f1/Editor/Data/Managed/UnityEngine/UnityEngine.ARModule.dll"
-r:"C:/Program Files/Unity/Hub/Editor/6000.6.2f1/Editor/Data/Managed/UnityEngine/UnityEngine.AccessibilityModule.dll"
-r:"C:/Program Files/Unity/Hub/Editor/6000.6.2f1/Editor/Data/Managed/UnityEngine/UnityEngine.AdaptivePerformanceModule.dll"
-r:"C:/Program Files/Unity/Hub/Editor/6000.6.2f1/Editor/Data/Managed/UnityEngine/UnityEngine.AndroidJNIModule.dll"
-r:"C:/Program Files/Unity/Hub/Editor/6000.6.2f1/Editor/Data/Managed/UnityEngine/UnityEngine.AnimationModule.dll"
-r:"C:/Program Files/Unity/Hub/Editor/6000.6.2f1/Editor/Data/Managed/UnityEngine/UnityEngine.AssetBundleModule.dll"
-r:"C:/Program Files/Unity/Hub/Editor/6000.6.2f1/Editor/Data/Managed/UnityEngine/UnityEngine.AudioModule.dll"
-r:"C:/Program Files/Unity/Hub/Editor/6000.6.2f1/Editor/Data/Managed/UnityEngine/UnityEngine.BurstModule.dll"
-r:"C:/Program Files/Unity/Hub/Editor/6000.6.2f1/Editor/Data/Managed/UnityEngine/UnityEngine.ClothModule.dll"
-r:"C:/Program Files/Unity/Hub/Editor/6000.6.2f1/Editor/Data/Managed/UnityEngine/UnityEngine.ClusterInputModule.dll"
-r:"C:/Program Files/Unity/Hub/Editor/6000.6.2f1/Editor/Data/Managed/UnityEngine/UnityEngine.ClusterRendererModule.dll"
-r:"C:/Program Files/Unity/Hub/Editor/6000.6.2f1/Editor/Data/Managed/UnityEngine/UnityEngine.ContentLoadModule.dll"
-r:"C:/Program Files/Unity/Hub/Editor/6000.6.2f1/Editor/Data/Managed/UnityEngine/UnityEngine.CoreModule.dll"
-r:"C:/Program Files/Unity/Hub/Editor/6000.6.2f1/Editor/Data/Managed/UnityEngine/UnityEngine.CrashReportingModule.dll"
-r:"C:/Program Files/Unity/Hub/Editor/6000.6.2f1/Editor/Data/Managed/UnityEngine/UnityEngine.DSPGraphModule.dll"
-r:"C:/Program Files/Unity/Hub/Editor/6000.6.2f1/Editor/Data/Managed/UnityEngine/UnityEngine.DirectorModule.dll"
-r:"C:/Program Files/Unity/Hub/Editor/6000.6.2f1/Editor/Data/Managed/UnityEngine/UnityEngine.GIModule.dll"
-r:"C:/Program Files/Unity/Hub/Editor/6000.6.2f1/Editor/Data/Managed/UnityEngine/UnityEngine.GameCenterModule.dll"
-r:"C:/Program Files/Unity/Hub/Editor/6000.6.2f1/Editor/Data/Managed/UnityEngine/UnityEngine.GraphicsStateCollectionSerializerModule.dll"
-r:"C:/Program Files/Unity/Hub/Editor/6000.6.2f1/Editor/Data/Managed/UnityEngine/UnityEngine.GridModule.dll"
-r:"C:/Program Files/Unity/Hub/Editor/6000.6.2f1/Editor/Data/Managed/UnityEngine/UnityEngine.HierarchyCoreModule.dll"
-r:"C:/Program Files/Unity/Hub/Editor/6000.6.2f1/Editor/Data/Managed/UnityEngine/UnityEngine.HotReloadModule.dll"
-r:"C:/Program Files/Unity/Hub/Editor/6000.6.2f1/Editor/Data/Managed/UnityEngine/UnityEngine.IMGUIModule.dll"
-r:"C:/Program Files/Unity/Hub/Editor/6000.6.2f1/Editor/Data/Managed/UnityEngine/UnityEngine.IdentifiersModule.dll"
-r:"C:/Program Files/Unity/Hub/Editor/6000.6.2f1/Editor/Data/Managed/UnityEngine/UnityEngine.ImageConversionModule.dll"
-r:"C:/Program Files/Unity/Hub/Editor/6000.6.2f1/Editor/Data/Managed/UnityEngine/UnityEngine.InputForUIModule.dll"
-r:"C:/Program Files/Unity/Hub/Editor/6000.6.2f1/Editor/Data/Managed/UnityEngine/UnityEngine.InputLegacyModule.dll"
-r:"C:/Program Files/Unity/Hub/Editor/6000.6.2f1/Editor/Data/Managed/UnityEngine/UnityEngine.InputModule.dll"
-r:"C:/Program Files/Unity/Hub/Editor/6000.6.2f1/Editor/Data/Managed/UnityEngine/UnityEngine.InsightsModule.dll"
-r:"C:/Program Files/Unity/Hub/Editor/6000.6.2f1/Editor/Data/Managed/UnityEngine/UnityEngine.JSONSerializeModule.dll"
-r:"C:/Program Files/Unity/Hub/Editor/6000.6.2f1/Editor/Data/Managed/UnityEngine/UnityEngine.LocalizationModule.dll"
-r:"C:/Program Files/Unity/Hub/Editor/6000.6.2f1/Editor/Data/Managed/UnityEngine/UnityEngine.ManagedKernelModule.dll"
-r:"C:/Program Files/Unity/Hub/Editor/6000.6.2f1/Editor/Data/Managed/UnityEngine/UnityEngine.MarshallingModule.dll"
-r:"C:/Program Files/Unity/Hub/Editor/6000.6.2f1/Editor/Data/Managed/UnityEngine/UnityEngine.MathematicsModule.dll"
-r:"C:/Program Files/Unity/Hub/Editor/6000.6.2f1/Editor/Data/Managed/UnityEngine/UnityEngine.MultiplayerModule.dll"
-r:"C:/Program Files/Unity/Hub/Editor/6000.6.2f1/Editor/Data/Managed/UnityEngine/UnityEngine.ParticleSystemModule.dll"
-r:"C:/Program Files/Unity/Hub/Editor/6000.6.2f1/Editor/Data/Managed/UnityEngine/UnityEngine.PerformanceReportingModule.dll"
-r:"C:/Program Files/Unity/Hub/Editor/6000.6.2f1/Editor/Data/Managed/UnityEngine/UnityEngine.Physics2DModule.dll"
-r:"C:/Program Files/Unity/Hub/Editor/6000.6.2f1/Editor/Data/Managed/UnityEngine/UnityEngine.PhysicsBackendPhysXModule.dll"
-r:"C:/Program Files/Unity/Hub/Editor/6000.6.2f1/Editor/Data/Managed/UnityEngine/UnityEngine.PhysicsCore2DModule.dll"
-r:"C:/Program Files/Unity/Hub/Editor/6000.6.2f1/Editor/Data/Managed/UnityEngine/UnityEngine.PhysicsModule.dll"
-r:"C:/Program Files/Unity/Hub/Editor/6000.6.2f1/Editor/Data/Managed/UnityEngine/UnityEngine.PropertiesModule.dll"
-r:"C:/Program Files/Unity/Hub/Editor/6000.6.2f1/Editor/Data/Managed/UnityEngine/UnityEngine.RenderAs2DModule.dll"
-r:"C:/Program Files/Unity/Hub/Editor/6000.6.2f1/Editor/Data/Managed/UnityEngine/UnityEngine.RuntimeInitializeOnLoadManagerInitializerModule.dll"
-r:"C:/Program Files/Unity/Hub/Editor/6000.6.2f1/Editor/Data/Managed/UnityEngine/UnityEngine.ScreenCaptureModule.dll"
-r:"C:/Program Files/Unity/Hub/Editor/6000.6.2f1/Editor/Data/Managed/UnityEngine/UnityEngine.ScriptingModule.dll"
-r:"C:/Program Files/Unity/Hub/Editor/6000.6.2f1/Editor/Data/Managed/UnityEngine/UnityEngine.ShaderVariantAnalyticsModule.dll"
-r:"C:/Program Files/Unity/Hub/Editor/6000.6.2f1/Editor/Data/Managed/UnityEngine/UnityEngine.SpriteMaskModule.dll"
-r:"C:/Program Files/Unity/Hub/Editor/6000.6.2f1/Editor/Data/Managed/UnityEngine/UnityEngine.SpriteShapeModule.dll"
-r:"C:/Program Files/Unity/Hub/Editor/6000.6.2f1/Editor/Data/Managed/UnityEngine/UnityEngine.StreamingModule.dll"
-r:"C:/Program Files/Unity/Hub/Editor/6000.6.2f1/Editor/Data/Managed/UnityEngine/UnityEngine.SubstanceModule.dll"
-r:"C:/Program Files/Unity/Hub/Editor/6000.6.2f1/Editor/Data/Managed/UnityEngine/UnityEngine.SubsystemsModule.dll"
-r:"C:/Program Files/Unity/Hub/Editor/6000.6.2f1/Editor/Data/Managed/UnityEngine/UnityEngine.TLSModule.dll"
-r:"C:/Program Files/Unity/Hub/Editor/6000.6.2f1/Editor/Data/Managed/UnityEngine/UnityEngine.TerrainModule.dll"
-r:"C:/Program Files/Unity/Hub/Editor/6000.6.2f1/Editor/Data/Managed/UnityEngine/UnityEngine.TerrainPhysicsModule.dll"
-r:"C:/Program Files/Unity/Hub/Editor/6000.6.2f1/Editor/Data/Managed/UnityEngine/UnityEngine.TetgenModule.dll"
-r:"C:/Program Files/Unity/Hub/Editor/6000.6.2f1/Editor/Data/Managed/UnityEngine/UnityEngine.TextCoreFontEngineModule.dll"
-r:"C:/Program Files/Unity/Hub/Editor/6000.6.2f1/Editor/Data/Managed/UnityEngine/UnityEngine.TextCoreTextEngineModule.dll"
-r:"C:/Program Files/Unity/Hub/Editor/6000.6.2f1/Editor/Data/Managed/UnityEngine/UnityEngine.TextRenderingModule.dll"
-r:"C:/Program Files/Unity/Hub/Editor/6000.6.2f1/Editor/Data/Managed/UnityEngine/UnityEngine.TilemapModule.dll"
-r:"C:/Program Files/Unity/Hub/Editor/6000.6.2f1/Editor/Data/Managed/UnityEngine/UnityEngine.TimelineFoundationModule.dll"
-r:"C:/Program Files/Unity/Hub/Editor/6000.6.2f1/Editor/Data/Managed/UnityEngine/UnityEngine.U2DRuntimeModule.dll"
-r:"C:/Program Files/Unity/Hub/Editor/6000.6.2f1/Editor/Data/Managed/UnityEngine/UnityEngine.UIElementsModule.dll"
-r:"C:/Program Files/Unity/Hub/Editor/6000.6.2f1/Editor/Data/Managed/UnityEngine/UnityEngine.UIModule.dll"
-r:"C:/Program Files/Unity/Hub/Editor/6000.6.2f1/Editor/Data/Managed/UnityEngine/UnityEngine.UmbraModule.dll"
-r:"C:/Program Files/Unity/Hub/Editor/6000.6.2f1/Editor/Data/Managed/UnityEngine/UnityEngine.UnityAnalyticsCommonModule.dll"
-r:"C:/Program Files/Unity/Hub/Editor/6000.6.2f1/Editor/Data/Managed/UnityEngine/UnityEngine.UnityAnalyticsModule.dll"
-r:"C:/Program Files/Unity/Hub/Editor/6000.6.2f1/Editor/Data/Managed/UnityEngine/UnityEngine.UnityConnectModule.dll"
-r:"C:/Program Files/Unity/Hub/Editor/6000.6.2f1/Editor/Data/Managed/UnityEngine/UnityEngine.UnityConsentModule.dll"
-r:"C:/Program Files/Unity/Hub/Editor/6000.6.2f1/Editor/Data/Managed/UnityEngine/UnityEngine.UnityCurlModule.dll"
-r:"C:/Program Files/Unity/Hub/Editor/6000.6.2f1/Editor/Data/Managed/UnityEngine/UnityEngine.UnityWebRequestAssetBundleModule.dll"
-r:"C:/Program Files/Unity/Hub/Editor/6000.6.2f1/Editor/Data/Managed/UnityEngine/UnityEngine.UnityWebRequestAudioModule.dll"
-r:"C:/Program Files/Unity/Hub/Editor/6000.6.2f1/Editor/Data/Managed/UnityEngine/UnityEngine.UnityWebRequestModule.dll"
-r:"C:/Program Files/Unity/Hub/Editor/6000.6.2f1/Editor/Data/Managed/UnityEngine/UnityEngine.UnityWebRequestTextureModule.dll"
-r:"C:/Program Files/Unity/Hub/Editor/6000.6.2f1/Editor/Data/Managed/UnityEngine/UnityEngine.UnityWebRequestWWWModule.dll"
-r:"C:/Program Files/Unity/Hub/Editor/6000.6.2f1/Editor/Data/Managed/UnityEngine/UnityEngine.VFXModule.dll"
-r:"C:/Program Files/Unity/Hub/Editor/6000.6.2f1/Editor/Data/Managed/UnityEngine/UnityEngine.VectorGraphicsModule.dll"
-r:"C:/Program Files/Unity/Hub/Editor/6000.6.2f1/Editor/Data/Managed/UnityEngine/UnityEngine.VehiclesModule.dll"
-r:"C:/Program Files/Unity/Hub/Editor/6000.6.2f1/Editor/Data/Managed/UnityEngine/UnityEngine.VideoModule.dll"
-r:"C:/Program Files/Unity/Hub/Editor/6000.6.2f1/Editor/Data/Managed/UnityEngine/UnityEngine.VirtualTexturingModule.dll"
-r:"C:/Program Files/Unity/Hub/Editor/6000.6.2f1/Editor/Data/Managed/UnityEngine/UnityEngine.WindModule.dll"
-r:"C:/Program Files/Unity/Hub/Editor/6000.6.2f1/Editor/Data/Managed/UnityEngine/UnityEngine.XRModule.dll"
-r:"C:/Program Files/Unity/Hub/Editor/6000.6.2f1/Editor/Data/Managed/UnityEngine/UnityEngine.dll"
-r:"C:/Program Files/Unity/Hub/Editor/6000.6.2f1/Editor/Data/NetStandard/Extensions/2.0.0/System.Runtime.InteropServices.WindowsRuntime.dll"
-r:"C:/Program Files/Unity/Hub/Editor/6000.6.2f1/Editor/Data/NetStandard/compat/2.1.0/shims/netfx/System.ComponentModel.Composition.dll"
-r:"C:/Program Files/Unity/Hub/Editor/6000.6.2f1/Editor/Data/NetStandard/compat/2.1.0/shims/netfx/System.Core.dll"
-r:"C:/Program Files/Unity/Hub/Editor/6000.6.2f1/Editor/Data/NetStandard/compat/2.1.0/shims/netfx/System.Data.dll"
-r:"C:/Program Files/Unity/Hub/Editor/6000.6.2f1/Editor/Data/NetStandard/compat/2.1.0/shims/netfx/System.Drawing.dll"
-r:"C:/Program Files/Unity/Hub/Editor/6000.6.2f1/Editor/Data/NetStandard/compat/2.1.0/shims/netfx/System.IO.Compression.FileSystem.dll"
-r:"C:/Program Files/Unity/Hub/Editor/6000.6.2f1/Editor/Data/NetStandard/compat/2.1.0/shims/netfx/System.Net.dll"
-r:"C:/Program Files/Unity/Hub/Editor/6000.6.2f1/Editor/Data/NetStandard/compat/2.1.0/shims/netfx/System.Numerics.dll"
-r:"C:/Program Files/Unity/Hub/Editor/6000.6.2f1/Editor/Data/NetStandard/compat/2.1.0/shims/netfx/System.Runtime.Serialization.dll"
-r:"C:/Program Files/Unity/Hub/Editor/6000.6.2f1/Editor/Data/NetStandard/compat/2.1.0/shims/netfx/System.ServiceModel.Web.dll"
-r:"C:/Program Files/Unity/Hub/Editor/6000.6.2f1/Editor/Data/NetStandard/compat/2.1.0/shims/netfx/System.Transactions.dll"
-r:"C:/Program Files/Unity/Hub/Editor/6000.6.2f1/Editor/Data/NetStandard/compat/2.1.0/shims/netfx/System.Web.dll"
-r:"C:/Program Files/Unity/Hub/Editor/6000.6.2f1/Editor/Data/NetStandard/compat/2.1.0/shims/netfx/System.Windows.dll"
-r:"C:/Program Files/Unity/Hub/Editor/6000.6.2f1/Editor/Data/NetStandard/compat/2.1.0/shims/netfx/System.Xml.Linq.dll"
-r:"C:/Program Files/Unity/Hub/Editor/6000.6.2f1/Editor/Data/NetStandard/compat/2.1.0/shims/netfx/System.Xml.Serialization.dll"
-r:"C:/Program Files/Unity/Hub/Editor/6000.6.2f1/Editor/Data/NetStandard/compat/2.1.0/shims/netfx/System.Xml.dll"
-r:"C:/Program Files/Unity/Hub/Editor/6000.6.2f1/Editor/Data/NetStandard/compat/2.1.0/shims/netfx/System.dll"
-r:"C:/Program Files/Unity/Hub/Editor/6000.6.2f1/Editor/Data/NetStandard/compat/2.1.0/shims/netfx/mscorlib.dll"
-r:"C:/Program Files/Unity/Hub/Editor/6000.6.2f1/Editor/Data/NetStandard/compat/2.1.0/shims/netstandard/Microsoft.Win32.Primitives.dll"
-r:"C:/Program Files/Unity/Hub/Editor/6000.6.2f1/Editor/Data/NetStandard/compat/2.1.0/shims/netstandard/System.AppContext.dll"
-r:"C:/Program Files/Unity/Hub/Editor/6000.6.2f1/Editor/Data/NetStandard/compat/2.1.0/shims/netstandard/System.Buffers.dll"
-r:"C:/Program Files/Unity/Hub/Editor/6000.6.2f1/Editor/Data/NetStandard/compat/2.1.0/shims/netstandard/System.Collections.Concurrent.dll"
-r:"C:/Program Files/Unity/Hub/Editor/6000.6.2f1/Editor/Data/NetStandard/compat/2.1.0/shims/netstandard/System.Collections.NonGeneric.dll"
-r:"C:/Program Files/Unity/Hub/Editor/6000.6.2f1/Editor/Data/NetStandard/compat/2.1.0/shims/netstandard/System.Collections.Specialized.dll"
-r:"C:/Program Files/Unity/Hub/Editor/6000.6.2f1/Editor/Data/NetStandard/compat/2.1.0/shims/netstandard/System.Collections.dll"
-r:"C:/Program Files/Unity/Hub/Editor/6000.6.2f1/Editor/Data/NetStandard/compat/2.1.0/shims/netstandard/System.ComponentModel.EventBasedAsync.dll"
-r:"C:/Program Files/Unity/Hub/Editor/6000.6.2f1/Editor/Data/NetStandard/compat/2.1.0/shims/netstandard/System.ComponentModel.Primitives.dll"
-r:"C:/Program Files/Unity/Hub/Editor/6000.6.2f1/Editor/Data/NetStandard/compat/2.1.0/shims/netstandard/System.ComponentModel.TypeConverter.dll"
-r:"C:/Program Files/Unity/Hub/Editor/6000.6.2f1/Editor/Data/NetStandard/compat/2.1.0/shims/netstandard/System.ComponentModel.dll"
-r:"C:/Program Files/Unity/Hub/Editor/6000.6.2f1/Editor/Data/NetStandard/compat/2.1.0/shims/netstandard/System.Console.dll"
-r:"C:/Program Files/Unity/Hub/Editor/6000.6.2f1/Editor/Data/NetStandard/compat/2.1.0/shims/netstandard/System.Data.Common.dll"
-r:"C:/Program Files/Unity/Hub/Editor/6000.6.2f1/Editor/Data/NetStandard/compat/2.1.0/shims/netstandard/System.Diagnostics.Contracts.dll"
-r:"C:/Program Files/Unity/Hub/Editor/6000.6.2f1/Editor/Data/NetStandard/compat/2.1.0/shims/netstandard/System.Diagnostics.Debug.dll"
-r:"C:/Program Files/Unity/Hub/Editor/6000.6.2f1/Editor/Data/NetStandard/compat/2.1.0/shims/netstandard/System.Diagnostics.FileVersionInfo.dll"
-r:"C:/Program Files/Unity/Hub/Editor/6000.6.2f1/Editor/Data/NetStandard/compat/2.1.0/shims/netstandard/System.Diagnostics.Process.dll"
-r:"C:/Program Files/Unity/Hub/Editor/6000.6.2f1/Editor/Data/NetStandard/compat/2.1.0/shims/netstandard/System.Diagnostics.StackTrace.dll"
-r:"C:/Program Files/Unity/Hub/Editor/6000.6.2f1/Editor/Data/NetStandard/compat/2.1.0/shims/netstandard/System.Diagnostics.TextWriterTraceListener.dll"
-r:"C:/Program Files/Unity/Hub/Editor/6000.6.2f1/Editor/Data/NetStandard/compat/2.1.0/shims/netstandard/System.Diagnostics.Tools.dll"
-r:"C:/Program Files/Unity/Hub/Editor/6000.6.2f1/Editor/Data/NetStandard/compat/2.1.0/shims/netstandard/System.Diagnostics.TraceSource.dll"
-r:"C:/Program Files/Unity/Hub/Editor/6000.6.2f1/Editor/Data/NetStandard/compat/2.1.0/shims/netstandard/System.Diagnostics.Tracing.dll"
-r:"C:/Program Files/Unity/Hub/Editor/6000.6.2f1/Editor/Data/NetStandard/compat/2.1.0/shims/netstandard/System.Drawing.Primitives.dll"
-r:"C:/Program Files/Unity/Hub/Editor/6000.6.2f1/Editor/Data/NetStandard/compat/2.1.0/shims/netstandard/System.Dynamic.Runtime.dll"
-r:"C:/Program Files/Unity/Hub/Editor/6000.6.2f1/Editor/Data/NetStandard/compat/2.1.0/shims/netstandard/System.Globalization.Calendars.dll"
-r:"C:/Program Files/Unity/Hub/Editor/6000.6.2f1/Editor/Data/NetStandard/compat/2.1.0/shims/netstandard/System.Globalization.Extensions.dll"
-r:"C:/Program Files/Unity/Hub/Editor/6000.6.2f1/Editor/Data/NetStandard/compat/2.1.0/shims/netstandard/System.Globalization.dll"
-r:"C:/Program Files/Unity/Hub/Editor/6000.6.2f1/Editor/Data/NetStandard/compat/2.1.0/shims/netstandard/System.IO.Compression.ZipFile.dll"
-r:"C:/Program Files/Unity/Hub/Editor/6000.6.2f1/Editor/Data/NetStandard/compat/2.1.0/shims/netstandard/System.IO.Compression.dll"
-r:"C:/Program Files/Unity/Hub/Editor/6000.6.2f1/Editor/Data/NetStandard/compat/2.1.0/shims/netstandard/System.IO.FileSystem.DriveInfo.dll"
-r:"C:/Program Files/Unity/Hub/Editor/6000.6.2f1/Editor/Data/NetStandard/compat/2.1.0/shims/netstandard/System.IO.FileSystem.Primitives.dll"
-r:"C:/Program Files/Unity/Hub/Editor/6000.6.2f1/Editor/Data/NetStandard/compat/2.1.0/shims/netstandard/System.IO.FileSystem.Watcher.dll"
-r:"C:/Program Files/Unity/Hub/Editor/6000.6.2f1/Editor/Data/NetStandard/compat/2.1.0/shims/netstandard/System.IO.FileSystem.dll"
-r:"C:/Program Files/Unity/Hub/Editor/6000.6.2f1/Editor/Data/NetStandard/compat/2.1.0/shims/netstandard/System.IO.IsolatedStorage.dll"
-r:"C:/Program Files/Unity/Hub/Editor/6000.6.2f1/Editor/Data/NetStandard/compat/2.1.0/shims/netstandard/System.IO.MemoryMappedFiles.dll"
-r:"C:/Program Files/Unity/Hub/Editor/6000.6.2f1/Editor/Data/NetStandard/compat/2.1.0/shims/netstandard/System.IO.Pipes.dll"
-r:"C:/Program Files/Unity/Hub/Editor/6000.6.2f1/Editor/Data/NetStandard/compat/2.1.0/shims/netstandard/System.IO.UnmanagedMemoryStream.dll"
-r:"C:/Program Files/Unity/Hub/Editor/6000.6.2f1/Editor/Data/NetStandard/compat/2.1.0/shims/netstandard/System.IO.dll"
-r:"C:/Program Files/Unity/Hub/Editor/6000.6.2f1/Editor/Data/NetStandard/compat/2.1.0/shims/netstandard/System.Linq.Expressions.dll"
-r:"C:/Program Files/Unity/Hub/Editor/6000.6.2f1/Editor/Data/NetStandard/compat/2.1.0/shims/netstandard/System.Linq.Parallel.dll"
-r:"C:/Program Files/Unity/Hub/Editor/6000.6.2f1/Editor/Data/NetStandard/compat/2.1.0/shims/netstandard/System.Linq.Queryable.dll"
-r:"C:/Program Files/Unity/Hub/Editor/6000.6.2f1/Editor/Data/NetStandard/compat/2.1.0/shims/netstandard/System.Linq.dll"
-r:"C:/Program Files/Unity/Hub/Editor/6000.6.2f1/Editor/Data/NetStandard/compat/2.1.0/shims/netstandard/System.Memory.dll"
-r:"C:/Program Files/Unity/Hub/Editor/6000.6.2f1/Editor/Data/NetStandard/compat/2.1.0/shims/netstandard/System.Net.Http.dll"
-r:"C:/Program Files/Unity/Hub/Editor/6000.6.2f1/Editor/Data/NetStandard/compat/2.1.0/shims/netstandard/System.Net.NameResolution.dll"
-r:"C:/Program Files/Unity/Hub/Editor/6000.6.2f1/Editor/Data/NetStandard/compat/2.1.0/shims/netstandard/System.Net.NetworkInformation.dll"
-r:"C:/Program Files/Unity/Hub/Editor/6000.6.2f1/Editor/Data/NetStandard/compat/2.1.0/shims/netstandard/System.Net.Ping.dll"
-r:"C:/Program Files/Unity/Hub/Editor/6000.6.2f1/Editor/Data/NetStandard/compat/2.1.0/shims/netstandard/System.Net.Primitives.dll"
-r:"C:/Program Files/Unity/Hub/Editor/6000.6.2f1/Editor/Data/NetStandard/compat/2.1.0/shims/netstandard/System.Net.Requests.dll"
-r:"C:/Program Files/Unity/Hub/Editor/6000.6.2f1/Editor/Data/NetStandard/compat/2.1.0/shims/netstandard/System.Net.Security.dll"
-r:"C:/Program Files/Unity/Hub/Editor/6000.6.2f1/Editor/Data/NetStandard/compat/2.1.0/shims/netstandard/System.Net.Sockets.dll"
-r:"C:/Program Files/Unity/Hub/Editor/6000.6.2f1/Editor/Data/NetStandard/compat/2.1.0/shims/netstandard/System.Net.WebHeaderCollection.dll"
-r:"C:/Program Files/Unity/Hub/Editor/6000.6.2f1/Editor/Data/NetStandard/compat/2.1.0/shims/netstandard/System.Net.WebSockets.Client.dll"
-r:"C:/Program Files/Unity/Hub/Editor/6000.6.2f1/Editor/Data/NetStandard/compat/2.1.0/shims/netstandard/System.Net.WebSockets.dll"
-r:"C:/Program Files/Unity/Hub/Editor/6000.6.2f1/Editor/Data/NetStandard/compat/2.1.0/shims/netstandard/System.Numerics.Vectors.dll"
-r:"C:/Program Files/Unity/Hub/Editor/6000.6.2f1/Editor/Data/NetStandard/compat/2.1.0/shims/netstandard/System.ObjectModel.dll"
-r:"C:/Program Files/Unity/Hub/Editor/6000.6.2f1/Editor/Data/NetStandard/compat/2.1.0/shims/netstandard/System.Reflection.DispatchProxy.dll"
-r:"C:/Program Files/Unity/Hub/Editor/6000.6.2f1/Editor/Data/NetStandard/compat/2.1.0/shims/netstandard/System.Reflection.Emit.ILGeneration.dll"
-r:"C:/Program Files/Unity/Hub/Editor/6000.6.2f1/Editor/Data/NetStandard/compat/2.1.0/shims/netstandard/System.Reflection.Emit.Lightweight.dll"
-r:"C:/Program Files/Unity/Hub/Editor/6000.6.2f1/Editor/Data/NetStandard/compat/2.1.0/shims/netstandard/System.Reflection.Emit.dll"
-r:"C:/Program Files/Unity/Hub/Editor/6000.6.2f1/Editor/Data/NetStandard/compat/2.1.0/shims/netstandard/System.Reflection.Extensions.dll"
-r:"C:/Program Files/Unity/Hub/Editor/6000.6.2f1/Editor/Data/NetStandard/compat/2.1.0/shims/netstandard/System.Reflection.Primitives.dll"
-r:"C:/Program Files/Unity/Hub/Editor/6000.6.2f1/Editor/Data/NetStandard/compat/2.1.0/shims/netstandard/System.Reflection.dll"
-r:"C:/Program Files/Unity/Hub/Editor/6000.6.2f1/Editor/Data/NetStandard/compat/2.1.0/shims/netstandard/System.Resources.Reader.dll"
-r:"C:/Program Files/Unity/Hub/Editor/6000.6.2f1/Editor/Data/NetStandard/compat/2.1.0/shims/netstandard/System.Resources.ResourceManager.dll"
-r:"C:/Program Files/Unity/Hub/Editor/6000.6.2f1/Editor/Data/NetStandard/compat/2.1.0/shims/netstandard/System.Resources.Writer.dll"
-r:"C:/Program Files/Unity/Hub/Editor/6000.6.2f1/Editor/Data/NetStandard/compat/2.1.0/shims/netstandard/System.Runtime.CompilerServices.VisualC.dll"
-r:"C:/Program Files/Unity/Hub/Editor/6000.6.2f1/Editor/Data/NetStandard/compat/2.1.0/shims/netstandard/System.Runtime.Extensions.dll"
-r:"C:/Program Files/Unity/Hub/Editor/6000.6.2f1/Editor/Data/NetStandard/compat/2.1.0/shims/netstandard/System.Runtime.Handles.dll"
-r:"C:/Program Files/Unity/Hub/Editor/6000.6.2f1/Editor/Data/NetStandard/compat/2.1.0/shims/netstandard/System.Runtime.InteropServices.RuntimeInformation.dll"
-r:"C:/Program Files/Unity/Hub/Editor/6000.6.2f1/Editor/Data/NetStandard/compat/2.1.0/shims/netstandard/System.Runtime.InteropServices.dll"
-r:"C:/Program Files/Unity/Hub/Editor/6000.6.2f1/Editor/Data/NetStandard/compat/2.1.0/shims/netstandard/System.Runtime.Numerics.dll"
-r:"C:/Program Files/Unity/Hub/Editor/6000.6.2f1/Editor/Data/NetStandard/compat/2.1.0/shims/netstandard/System.Runtime.Serialization.Formatters.dll"
-r:"C:/Program Files/Unity/Hub/Editor/6000.6.2f1/Editor/Data/NetStandard/compat/2.1.0/shims/netstandard/System.Runtime.Serialization.Json.dll"
-r:"C:/Program Files/Unity/Hub/Editor/6000.6.2f1/Editor/Data/NetStandard/compat/2.1.0/shims/netstandard/System.Runtime.Serialization.Primitives.dll"
-r:"C:/Program Files/Unity/Hub/Editor/6000.6.2f1/Editor/Data/NetStandard/compat/2.1.0/shims/netstandard/System.Runtime.Serialization.Xml.dll"
-r:"C:/Program Files/Unity/Hub/Editor/6000.6.2f1/Editor/Data/NetStandard/compat/2.1.0/shims/netstandard/System.Runtime.dll"
-r:"C:/Program Files/Unity/Hub/Editor/6000.6.2f1/Editor/Data/NetStandard/compat/2.1.0/shims/netstandard/System.Security.Claims.dll"
-r:"C:/Program Files/Unity/Hub/Editor/6000.6.2f1/Editor/Data/NetStandard/compat/2.1.0/shims/netstandard/System.Security.Cryptography.Algorithms.dll"
-r:"C:/Program Files/Unity/Hub/Editor/6000.6.2f1/Editor/Data/NetStandard/compat/2.1.0/shims/netstandard/System.Security.Cryptography.Csp.dll"
-r:"C:/Program Files/Unity/Hub/Editor/6000.6.2f1/Editor/Data/NetStandard/compat/2.1.0/shims/netstandard/System.Security.Cryptography.Encoding.dll"
-r:"C:/Program Files/Unity/Hub/Editor/6000.6.2f1/Editor/Data/NetStandard/compat/2.1.0/shims/netstandard/System.Security.Cryptography.Primitives.dll"
-r:"C:/Program Files/Unity/Hub/Editor/6000.6.2f1/Editor/Data/NetStandard/compat/2.1.0/shims/netstandard/System.Security.Cryptography.X509Certificates.dll"
-r:"C:/Program Files/Unity/Hub/Editor/6000.6.2f1/Editor/Data/NetStandard/compat/2.1.0/shims/netstandard/System.Security.Principal.dll"
-r:"C:/Program Files/Unity/Hub/Editor/6000.6.2f1/Editor/Data/NetStandard/compat/2.1.0/shims/netstandard/System.Security.SecureString.dll"
-r:"C:/Program Files/Unity/Hub/Editor/6000.6.2f1/Editor/Data/NetStandard/compat/2.1.0/shims/netstandard/System.Text.Encoding.Extensions.dll"
-r:"C:/Program Files/Unity/Hub/Editor/6000.6.2f1/Editor/Data/NetStandard/compat/2.1.0/shims/netstandard/System.Text.Encoding.dll"
-r:"C:/Program Files/Unity/Hub/Editor/6000.6.2f1/Editor/Data/NetStandard/compat/2.1.0/shims/netstandard/System.Text.RegularExpressions.dll"
-r:"C:/Program Files/Unity/Hub/Editor/6000.6.2f1/Editor/Data/NetStandard/compat/2.1.0/shims/netstandard/System.Threading.Overlapped.dll"
-r:"C:/Program Files/Unity/Hub/Editor/6000.6.2f1/Editor/Data/NetStandard/compat/2.1.0/shims/netstandard/System.Threading.Tasks.Extensions.dll"
-r:"C:/Program Files/Unity/Hub/Editor/6000.6.2f1/Editor/Data/NetStandard/compat/2.1.0/shims/netstandard/System.Threading.Tasks.Parallel.dll"
-r:"C:/Program Files/Unity/Hub/Editor/6000.6.2f1/Editor/Data/NetStandard/compat/2.1.0/shims/netstandard/System.Threading.Tasks.dll"
-r:"C:/Program Files/Unity/Hub/Editor/6000.6.2f1/Editor/Data/NetStandard/compat/2.1.0/shims/netstandard/System.Threading.Thread.dll"
-r:"C:/Program Files/Unity/Hub/Editor/6000.6.2f1/Editor/Data/NetStandard/compat/2.1.0/shims/netstandard/System.Threading.ThreadPool.dll"
-r:"C:/Program Files/Unity/Hub/Editor/6000.6.2f1/Editor/Data/NetStandard/compat/2.1.0/shims/netstandard/System.Threading.Timer.dll"
-r:"C:/Program Files/Unity/Hub/Editor/6000.6.2f1/Editor/Data/NetStandard/compat/2.1.0/shims/netstandard/System.Threading.dll"
-r:"C:/Program Files/Unity/Hub/Editor/6000.6.2f1/Editor/Data/NetStandard/compat/2.1.0/shims/netstandard/System.ValueTuple.dll"
-r:"C:/Program Files/Unity/Hub/Editor/6000.6.2f1/Editor/Data/NetStandard/compat/2.1.0/shims/netstandard/System.Xml.ReaderWriter.dll"
-r:"C:/Program Files/Unity/Hub/Editor/6000.6.2f1/Editor/Data/NetStandard/compat/2.1.0/shims/netstandard/System.Xml.XDocument.dll"
-r:"C:/Program Files/Unity/Hub/Editor/6000.6.2f1/Editor/Data/NetStandard/compat/2.1.0/shims/netstandard/System.Xml.XPath.XDocument.dll"
-r:"C:/Program Files/Unity/Hub/Editor/6000.6.2f1/Editor/Data/NetStandard/compat/2.1.0/shims/netstandard/System.Xml.XPath.dll"
-r:"C:/Program Files/Unity/Hub/Editor/6000.6.2f1/Editor/Data/NetStandard/compat/2.1.0/shims/netstandard/System.Xml.XmlDocument.dll"
-r:"C:/Program Files/Unity/Hub/Editor/6000.6.2f1/Editor/Data/NetStandard/compat/2.1.0/shims/netstandard/System.Xml.XmlSerializer.dll"
-r:"C:/Program Files/Unity/Hub/Editor/6000.6.2f1/Editor/Data/NetStandard/ref/2.1.0/netstandard.dll"
-r:"Library/PackageCache/com.unity.collections@10fff0607388/Unity.Collections.LowLevel.ILSupport/Unity.Collections.LowLevel.ILSupport.dll"
-r:"Library/PackageCache/com.unity.ext.nunit@0198eae3b53e/net472/unity-custom/nunit.framework.dll"
-r:"Library/PackageCache/com.unity.nuget.mono-cecil@ecb9724e46ff/Mono.Cecil.dll"
-r:"Library/PackageCache/com.unity.visualscripting@4edfcc09512f/Runtime/VisualScripting.Flow/Dependencies/NCalc/Unity.VisualScripting.Antlr3.Runtime.dll"
-r:"Library/Bee/artifacts/1900b0aE.dag/PsdPlugin.ref.dll"
-r:"Library/Bee/artifacts/1900b0aE.dag/Unity.2D.Animation.Editor.ref.dll"
-r:"Library/Bee/artifacts/1900b0aE.dag/Unity.2D.Animation.Profiler.Editor.ref.dll"
-r:"Library/Bee/artifacts/1900b0aE.dag/Unity.2D.Animation.Profiler.ref.dll"
-r:"Library/Bee/artifacts/1900b0aE.dag/Unity.2D.Animation.Runtime.ref.dll"
-r:"Library/Bee/artifacts/1900b0aE.dag/Unity.2D.Aseprite.Common.ref.dll"
-r:"Library/Bee/artifacts/1900b0aE.dag/Unity.2D.Aseprite.Editor.ref.dll"
-r:"Library/Bee/artifacts/1900b0aE.dag/Unity.2D.Common.Editor.ref.dll"
-r:"Library/Bee/artifacts/1900b0aE.dag/Unity.2D.Common.Path.Editor.ref.dll"
-r:"Library/Bee/artifacts/1900b0aE.dag/Unity.2D.Common.Runtime.ref.dll"
-r:"Library/Bee/artifacts/1900b0aE.dag/Unity.2D.IK.Editor.ref.dll"
-r:"Library/Bee/artifacts/1900b0aE.dag/Unity.2D.IK.Runtime.ref.dll"
-r:"Library/Bee/artifacts/1900b0aE.dag/Unity.2D.Psdimporter.Editor.ref.dll"
-r:"Library/Bee/artifacts/1900b0aE.dag/Unity.2D.Sprite.Editor.ref.dll"
-r:"Library/Bee/artifacts/1900b0aE.dag/Unity.2D.SpriteShape.Editor.ref.dll"
-r:"Library/Bee/artifacts/1900b0aE.dag/Unity.2D.SpriteShape.Runtime.ref.dll"
-r:"Library/Bee/artifacts/1900b0aE.dag/Unity.2D.Tilemap.Editor.ref.dll"
-r:"Library/Bee/artifacts/1900b0aE.dag/Unity.2D.Tilemap.Extras.Editor.ref.dll"
-r:"Library/Bee/artifacts/1900b0aE.dag/Unity.2D.Tilemap.Extras.ref.dll"
-r:"Library/Bee/artifacts/1900b0aE.dag/Unity.2D.Tooling.Editor.ref.dll"
-r:"Library/Bee/artifacts/1900b0aE.dag/Unity.2D.Welcome.ref.dll"
-r:"Library/Bee/artifacts/1900b0aE.dag/Unity.Burst.ref.dll"
-r:"Library/Bee/artifacts/1900b0aE.dag/Unity.Collections.Editor.ref.dll"
-r:"Library/Bee/artifacts/1900b0aE.dag/Unity.Collections.ref.dll"
-r:"Library/Bee/artifacts/1900b0aE.dag/Unity.Collections.Tests.CoreCLR.InternalJobNestedPrivate.ref.dll"
-r:"Library/Bee/artifacts/1900b0aE.dag/Unity.Collections.Tests.CoreCLR.PrivateJobNested.ref.dll"
-r:"Library/Bee/artifacts/1900b0aE.dag/Unity.Collections.Tests.CoreCLR.ProtectedJobNested.ref.dll"
-r:"Library/Bee/artifacts/1900b0aE.dag/Unity.Collections.Tests.CoreCLR.PublicJobPrivateGeneric.ref.dll"
-r:"Library/Bee/artifacts/1900b0aE.dag/Unity.EditorCoroutines.Editor.ref.dll"
-r:"Library/Bee/artifacts/1900b0aE.dag/Unity.GraphAuthoring.Editor.ref.dll"
-r:"Library/Bee/artifacts/1900b0aE.dag/Unity.InputSystem.ForUI.Editor.ref.dll"
-r:"Library/Bee/artifacts/1900b0aE.dag/Unity.InputSystem.ForUI.ref.dll"
-r:"Library/Bee/artifacts/1900b0aE.dag/Unity.InputSystem.ref.dll"
-r:"Library/Bee/artifacts/1900b0aE.dag/Unity.InternalAPIEditorBridge.001.ref.dll"
-r:"Library/Bee/artifacts/1900b0aE.dag/Unity.InternalAPIEditorBridge.007.ref.dll"
-r:"Library/Bee/artifacts/1900b0aE.dag/Unity.InternalAPIEditorBridge.ShaderGraph.Editor.ref.dll"
-r:"Library/Bee/artifacts/1900b0aE.dag/Unity.InternalAPIEngineBridge.001.ref.dll"
-r:"Library/Bee/artifacts/1900b0aE.dag/Unity.InternalAPIEngineBridge.004.ref.dll"
-r:"Library/Bee/artifacts/1900b0aE.dag/Unity.InternalAPIEngineBridge.007.ref.dll"
-r:"Library/Bee/artifacts/1900b0aE.dag/Unity.InternalAPIEngineBridge.ObjectDispatcher.Runtime.ref.dll"
-r:"Library/Bee/artifacts/1900b0aE.dag/Unity.InternalAPIEngineBridge.RenderPipelines.Core.Editor.ref.dll"
-r:"Library/Bee/artifacts/1900b0aE.dag/Unity.InternalAPIEngineBridge.RenderPipelines.Core.Runtime.Shared.ref.dll"
-r:"Library/Bee/artifacts/1900b0aE.dag/Unity.Mathematics.ref.dll"
-r:"Library/Bee/artifacts/1900b0aE.dag/Unity.PathTracing.Editor.ref.dll"
-r:"Library/Bee/artifacts/1900b0aE.dag/Unity.PathTracing.Runtime.ref.dll"
-r:"Library/Bee/artifacts/1900b0aE.dag/Unity.PlasticSCM.Editor.Assistant.ref.dll"
-r:"Library/Bee/artifacts/1900b0aE.dag/Unity.PlasticSCM.Editor.ref.dll"
-r:"Library/Bee/artifacts/1900b0aE.dag/Unity.Profiling.Core.ref.dll"
-r:"Library/Bee/artifacts/1900b0aE.dag/Unity.Rendering.LightTransport.Editor.ref.dll"
-r:"Library/Bee/artifacts/1900b0aE.dag/Unity.RenderPipeline.Universal.ShaderLibrary.ref.dll"
-r:"Library/Bee/artifacts/1900b0aE.dag/Unity.RenderPipelines.Core.Editor.ref.dll"
-r:"Library/Bee/artifacts/1900b0aE.dag/Unity.RenderPipelines.Core.Editor.Shared.ref.dll"
-r:"Library/Bee/artifacts/1900b0aE.dag/Unity.RenderPipelines.Core.Runtime.ref.dll"
-r:"Library/Bee/artifacts/1900b0aE.dag/Unity.RenderPipelines.Core.Runtime.Shared.ref.dll"
-r:"Library/Bee/artifacts/1900b0aE.dag/Unity.RenderPipelines.Core.ShaderLibrary.ref.dll"
-r:"Library/Bee/artifacts/1900b0aE.dag/Unity.RenderPipelines.GPUDriven.Runtime.ref.dll"
-r:"Library/Bee/artifacts/1900b0aE.dag/Unity.RenderPipelines.ShaderGraph.ShaderGraphLibrary.ref.dll"
-r:"Library/Bee/artifacts/1900b0aE.dag/Unity.RenderPipelines.Universal.2D.Editor.Overrides.ref.dll"
-r:"Library/Bee/artifacts/1900b0aE.dag/Unity.RenderPipelines.Universal.2D.Runtime.ref.dll"
-r:"Library/Bee/artifacts/1900b0aE.dag/Unity.RenderPipelines.Universal.Config.Runtime.ref.dll"
-r:"Library/Bee/artifacts/1900b0aE.dag/Unity.RenderPipelines.Universal.Editor.ref.dll"
-r:"Library/Bee/artifacts/1900b0aE.dag/Unity.RenderPipelines.Universal.Runtime.ref.dll"
-r:"Library/Bee/artifacts/1900b0aE.dag/Unity.RenderPipelines.Universal.Shaders.ref.dll"
-r:"Library/Bee/artifacts/1900b0aE.dag/Unity.Rider.Editor.ref.dll"
-r:"Library/Bee/artifacts/1900b0aE.dag/Unity.Searcher.Editor.ref.dll"
-r:"Library/Bee/artifacts/1900b0aE.dag/Unity.Settings.Editor.ref.dll"
-r:"Library/Bee/artifacts/1900b0aE.dag/Unity.ShaderGraph.Editor.ref.dll"
-r:"Library/Bee/artifacts/1900b0aE.dag/Unity.SurfaceCache.Runtime.ref.dll"
-r:"Library/Bee/artifacts/1900b0aE.dag/Unity.TextMeshPro.Editor.ref.dll"
-r:"Library/Bee/artifacts/1900b0aE.dag/Unity.TextMeshPro.ref.dll"
-r:"Library/Bee/artifacts/1900b0aE.dag/Unity.Timeline.Editor.ref.dll"
-r:"Library/Bee/artifacts/1900b0aE.dag/Unity.Timeline.ref.dll"
-r:"Library/Bee/artifacts/1900b0aE.dag/Unity.Tutorials.Editor.ref.dll"
-r:"Library/Bee/artifacts/1900b0aE.dag/Unity.Tutorials.ref.dll"
-r:"Library/Bee/artifacts/1900b0aE.dag/Unity.UnifiedRayTracing.Runtime.ref.dll"
-r:"Library/Bee/artifacts/1900b0aE.dag/Unity.VisualScripting.Core.Editor.ref.dll"
-r:"Library/Bee/artifacts/1900b0aE.dag/Unity.VisualScripting.Core.ref.dll"
-r:"Library/Bee/artifacts/1900b0aE.dag/Unity.VisualScripting.Flow.Editor.ref.dll"
-r:"Library/Bee/artifacts/1900b0aE.dag/Unity.VisualScripting.Flow.ref.dll"
-r:"Library/Bee/artifacts/1900b0aE.dag/Unity.VisualScripting.SettingsProvider.Editor.ref.dll"
-r:"Library/Bee/artifacts/1900b0aE.dag/Unity.VisualScripting.Shared.Editor.ref.dll"
-r:"Library/Bee/artifacts/1900b0aE.dag/Unity.VisualScripting.State.Editor.ref.dll"
-r:"Library/Bee/artifacts/1900b0aE.dag/Unity.VisualScripting.State.ref.dll"
-r:"Library/Bee/artifacts/1900b0aE.dag/Unity.VisualStudio.Editor.ref.dll"
-r:"Library/Bee/artifacts/1900b0aE.dag/UnityEditor.UI.Analytics.ref.dll"
-r:"Library/Bee/artifacts/1900b0aE.dag/UnityEditor.UI.ref.dll"
-r:"Library/Bee/artifacts/1900b0aE.dag/UnityEngine.UI.ref.dll"
-analyzer:"C:/Program Files/Unity/Hub/Editor/6000.6.2f1/Editor/Data/BCLExtensions/TargetingPacks/netstandard2.1/analyzers/dotnet/roslyn4.0/cs/Microsoft.Extensions.Logging.Generators.dll"
-analyzer:"C:/Program Files/Unity/Hub/Editor/6000.6.2f1/Editor/Data/BCLExtensions/TargetingPacks/netstandard2.1/analyzers/dotnet/roslyn4.0/cs/System.Text.Json.SourceGeneration.dll"
-analyzer:"C:/Program Files/Unity/Hub/Editor/6000.6.2f1/Editor/Data/Tools/BuildPipeline/Unity.Analyzers.Common/Unity.Analyzers.Common.dll"
-analyzer:"C:/Program Files/Unity/Hub/Editor/6000.6.2f1/Editor/Data/Tools/BuildPipeline/Unity.Analyzers.LongLiving/Unity.Analyzers.LongLiving.dll"
-analyzer:"C:/Program Files/Unity/Hub/Editor/6000.6.2f1/Editor/Data/Tools/BuildPipeline/Unity.SourceGenerators/Unity.Properties.SourceGenerator.dll"
-analyzer:"C:/Program Files/Unity/Hub/Editor/6000.6.2f1/Editor/Data/Tools/BuildPipeline/Unity.SourceGenerators/Unity.SourceGenerators.dll"
-analyzer:"C:/Program Files/Unity/Hub/Editor/6000.6.2f1/Editor/Data/Tools/BuildPipeline/Unity.SourceGenerators/Unity.UIToolkit.SourceGenerator.dll"
"Assets/Script/BirdController.cs"
"Assets/Script/BirdDeath.cs"
"Assets/Script/Coin.cs"
"Assets/Script/GameOverManager.cs"
"Assets/Script/PauseManager.cs"
"Assets/Script/PipeMovement.cs"
"Assets/Script/PipeSpawner.cs"
"Assets/Script/ScoreManager.cs"
-langversion:9.0
/deterministic
/optimize+
/debug:portable
/nologo
/RuntimeMetadataVersion:v4.0.30319
/nowarn:0169
/nowarn:0649
/nowarn:0282
/nowarn:1701
/nowarn:1702
/utf8output
/preferreduilang:en-US
/additionalfile:"Library/Bee/artifacts/1900b0aE.dag/Assembly-CSharp.UnityAdditionalFile.txt"
##### Custom Environment Variables
DOTNET_HOST_PATH=C:\Program Files\Unity\Hub\Editor\6000.6.2f1\Editor\Data\DotNetSdk\dotnet.exe
DOTNET_MULTILEVEL_LOOKUP=0
##### ExitCode
1
##### Output
Assets\Script\GameOverManager.cs(14,43): error CS1061: 'ScoreManager' does not contain a definition for 'GetCoin' and no accessible extension method 'GetCoin' accepting a first argument of type 'ScoreManager' could be found (are you missing a using directive or an assembly reference?)
*** Tundra build failed (1.65 seconds), 2 items updated, 1265 evaluated
## Script Compilation Error for: Csc Library/Bee/artifacts/1900b0aE.dag/Assembly-CSharp.dll (+2 others)
## CmdLine: "C:\Program Files\Unity\Hub\Editor\6000.6.2f1\Editor\Data\DotNetSdk\dotnet.exe" exec "C:/Program Files/Unity/Hub/Editor/6000.6.2f1/Editor/Data/DotNetSdk/sdk/8.0.318/Roslyn/bincore/csc.dll" /nostdlib /noconfig /shared "@Library/Bee/artifacts/1900b0aE.dag/Assembly-CSharp.rsp" "@Library/Bee/artifacts/1900b0aE.dag/Assembly-CSharp.rsp2"
## Output:
Assets\Script\GameOverManager.cs(14,43): error CS1061: 'ScoreManager' does not contain a definition for 'GetCoin' and no accessible extension method 'GetCoin' accepting a first argument of type 'ScoreManager' could be found (are you missing a using directive or an assembly reference?)

Assets\Script\GameOverManager.cs(14,43): error CS1061: 'ScoreManager' does not contain a definition for 'GetCoin' and no accessible extension method 'GetCoin' accepting a first argument of type 'ScoreManager' could be found (are you missing a using directive or an assembly reference?)
Total cache size 160401120
Refreshing native plugins compatible for Editor in 13.18 ms, found 5 plugins.
Total cache size after purge 160401120, took 00:00:00.6815018

Asset Pipeline Refresh (id=c1659e422e847534f97da08f586a8a5c): Total: 4.239 seconds - Initiated by RefreshV2(AllowForceSynchronousImport)
	(Values over 0.05ms)
	Summary:
		Imports: total=0 (actual=0, local cache=0, cache server=0)
		Asset DB Process Time: managed=0 ms, native=611 ms
		Asset DB Callback time: managed=120 ms, native=207 ms
		Scripting: domain reloads=0, domain reload time=0 ms, compile time=3296 ms, other=0 ms
		Project Asset Count: scripts=1700, non-scripts=3426
		Asset File Changes: new=0, changed=1, moved=0, deleted=0
		Scan Filter Count: 0
	InvokeCustomDependenciesCallbacks: 0.710ms
	InvokePackagesCallback: 6.017ms
	ApplyChangesToAssetFolders: 1.047ms
	Scan: 122.332ms
	Collect global state as custom dependencies: 3.343ms
	OnSourceAssetsModified: 38.003ms
	CategorizeScriptCompilationAssets: 0.681ms
	ProcessAssetsWithTransientArtifactChanges: 27.752ms
	CategorizeAssets: 265.411ms
	CompileScripts: 3296.298ms
	ImportOutOfDateAssets: 10.334ms (1.636ms without children)
		ReloadNativeAssets: 1.630ms
		UnloadImportedAssets: 0.561ms
		EnsureUptoDateAssetsAreRegisteredWithGuidPM: 1.814ms
		InitializingProgressBar: 0.125ms
		ImportSchedulerStart: 4.558ms
	PostProcessAllAssets: 100.360ms
		XRBuildSystem.XRAssetImported 8.774ms
		ShaderAssetModifiedCallback 1.373ms
		PostProcessCallbackCreateDeferredMaterials 0.957ms
		ComputeShaderImportPostprocess 0.523ms
		ObjectImages.AssetImported 0.518ms
		SpriteAtlasDatabase.OnAssetPostprocessCallback 0.261ms
		RaytracingShaderImportPostprocess 0.141ms
		VCAutoAddAssetPostprocess 0.135ms
		MonoPostProcessAllAssets: 84.208ms
			ConfigAssetsTracker.OnPostprocessAllAssets 38.077ms
			SyncVS.PostprocessSyncProject 11.406ms
			SpriteEditorTexturePostprocessor.OnPostprocessAllAssets 9.053ms
			AssetChangedListener.OnPostprocessAllAssets 4.708ms
			AssetPostprocessor.OnPostprocessAllAssets 2.311ms
			SpriteShapeAssetPostProcessor.OnPostprocessAllAssets 2.149ms
			TMPro_TexturePostProcessor.OnPostprocessAllAssets 0.937ms
			UniversalRenderPipelineGlobalSettingsPostprocessor.OnPostprocessAllAssets 0.819ms
			WindowAssetPostprocessingWatcher.OnPostprocessAllAssets 0.708ms
			RetainedModeAssetPostprocessor.OnPostprocessAllAssets 0.586ms
			ShaderGraphAssetPostProcessor.OnPostprocessAllAssets 0.545ms
			SpriteSlicePostprocessor.OnPostprocessAllAssets 0.534ms
			RenderPipelineGlobalSettingsPostprocessor.OnPostprocessAllAssets 0.508ms
			BuilderAssetPostprocessor.OnPostprocessAllAssets 0.488ms
			ProjectSettingsPostprocessor.OnPostprocessAllAssets 0.353ms
			ArtifactBrowserPostProcessor.OnPostprocessAllAssets 0.348ms
			ReferencedClipsPostProcessor.OnPostprocessAllAssets 0.346ms
			InputActionJsonNameModifierAssetProcessor.OnPostprocessAllAssets 0.317ms
			StyleCatalogPostProcessor.OnPostprocessAllAssets 0.267ms
			TextAssetPostProcessor.OnPostprocessAllAssets 0.254ms
			SpriteLibraryAssetPostprocessor.OnPostprocessAllAssets 0.232ms
			InputActionAssetPostprocessor.OnPostprocessAllAssets 0.230ms
			SpeedTreePostProcessor.OnPostprocessAllAssets 0.226ms
			TerrainToolbarOverlayPostProcessor.OnPostprocessAllAssets 0.198ms
			AssetReloadNotifier.OnPostprocessAllAssets 0.193ms
			PostProcessor.OnPostprocessAllAssets 0.193ms
			SamplePostprocessor.OnPostprocessAllAssets 0.158ms
			AudioMixerPostprocessor.OnPostprocessAllAssets 0.156ms
			ShaderReflectionAssetPostProcessor.OnPostprocessAllAssets 0.147ms
			EditModeScopePostprocessor.OnPostprocessAllAssets 0.143ms
			PSDImportPostProcessor.OnPostprocessAllAssets 0.134ms
			PSDImporterAssetPostProcessor.OnPostprocessAllAssets 0.134ms
			AudioContainerPostProcessor.OnPostprocessAllAssets 0.105ms
			MaterialPostprocessor.OnPostprocessAllAssets 0.077ms
	PostAssetChangesProfiler: 184.565ms
	GatherAllCurrentPrimaryImportResultRevisions: 3.737ms
	PersistCurrentRevisions: 0.321ms
	Untracked: 177.983ms

[Worker1] Imported GUID: 4c4e34d9853a75243a72efcddbf1560a - Path: Assets/Script/GameOverManager.cs - Importer: PreviewImporter -> (ImportResultId: 'c6f767071d7ac4a64555416c83a69660') in 0.1948969 seconds
[ScriptCompilation] Requested script compilation because: AssetDatabase observed changes in script compilation related files
[Licensing::Client] Successfully resolved entitlement details
Starting: C:\Program Files\Unity\Hub\Editor\6000.6.2f1\Editor\Data\Tools\BuildPipeline\bee_backend.exe --ipc --defer-dag-verification --dagfile="Library/Bee/1900b0aE.dag" --continue-on-failure --profile="Library/Bee/backend1.traceevents" ScriptAssemblies
WorkingDir: C:/Users/golfa/Flappybird
ExitCode: 0 Duration: 1s103ms
[ 969/1265  0s] ILPP-Configuration Library/ilpp-configuration.nevergeneratedoutput
[1261/1265  0s] Csc Library/Bee/artifacts/1900b0aE.dag/Assembly-CSharp.dll (+2 others)
[1262/1265  0s] ILPostProcess Library/Bee/artifacts/1900b0aE.dag/post-processed/Assembly-CSharp.dll (+pdb)
Processing assembly Library/Bee/artifacts/1900b0aE.dag/Assembly-CSharp.dll, with 148 defines and 377 references

processors: Unity.Jobs.CodeGen.JobsILPostProcessor, zzzUnity.Burst.CodeGen.BurstILPostProcessor

1 processor(s) skipped this assembly

running Unity.Jobs.CodeGen.JobsILPostProcessor
[1263/1265  0s] CopyFiles Library/ScriptAssemblies/Assembly-CSharp.pdb
[1264/1265  0s] CopyFiles Library/ScriptAssemblies/Assembly-CSharp.dll
*** Tundra build success (1.06 seconds), 5 items updated, 1265 evaluated
Reloading assemblies after forced synchronous recompile.
Begin MonoManager ReloadAssembly
Total cache size 160401120
Total cache size after purge 160401120, took 00:00:00.4457933
Refreshing native plugins compatible for Editor in 12.26 ms, found 5 plugins.
Native extension for WindowsStandalone target not found
[MODES] ModeService[none].Initialize
[MODES] ModeService[none].LoadModes
ScheduleIndexationOnStartup MainProcess:True IndexOnStartup:True
Scripting: successfully reloaded assembly
- Finished resetting the current domain, in  4.938 seconds
Domain Reload Profiling: 10617ms
	BeginReloadAssembly (3913ms)
		ExecutionOrderSort (4ms)
		DisableScriptedObjects (1000ms)
		CreateAndSetChildDomain (1810ms)
	RebuildCommonClasses (31ms)
	RebuildNativeTypeToScriptingClass (29ms)
	initialDomainReloadingComplete (263ms)
	LoadAllAssembliesAndSetupDomain (1440ms)
		LoadAssemblies (574ms)
		TypeCache.Refresh (57ms)
		AnalyzeDomain (733ms)
			BuildScriptInfoCaches (615ms)
			ResolveRequiredComponents (84ms)
	FinalizeReload (4941ms)
		SetupLoadedEditorAssemblies (0ms)
			LogAssemblyErrors (9ms)
			InitializePlatformSupportModulesInManaged (5ms)
			BeforeProcessingInitializeOnLoad (657ms)
			ProcessInitializeOnLoadAttributes (967ms)
			ProcessInitializeOnLoadMethodAttributes (209ms)
			AfterProcessingInitializeOnLoad (15ms)
			EditorAssembliesLoaded (7ms)
		AwakeInstancesAfterBackupRestoration (1725ms)
Refreshing native plugins compatible for Editor in 2.91 ms, found 5 plugins.

Asset Pipeline Refresh (id=f2fc8d5c6571b294b8deeb6e3587ed82): Total: 13.219 seconds - Initiated by RefreshV2(AllowForceSynchronousImport)
	(Values over 0.05ms)
	Summary:
		Imports: total=0 (actual=0, local cache=0, cache server=0)
		Asset DB Process Time: managed=0 ms, native=5428 ms
		Asset DB Callback time: managed=179 ms, native=152 ms
		Scripting: domain reloads=1, domain reload time=5904 ms, compile time=1553 ms, other=0 ms
		Project Asset Count: scripts=1700, non-scripts=3426
		Asset File Changes: new=0, changed=3, moved=0, deleted=0
		Scan Filter Count: 0
	InvokePackagesCallback: 5.583ms
	ApplyChangesToAssetFolders: 1.006ms
	Scan: 33.733ms
	Collect global state as custom dependencies: 8.485ms
	OnSourceAssetsModified: 0.381ms
	CategorizeScriptCompilationAssets: 1.057ms
	ProcessAssetsWithTransientArtifactChanges: 17.052ms
	CategorizeAssets: 185.731ms
	CompileScripts: 1553.255ms
	ImportOutOfDateAssets: 4968.036ms (4962.683ms without children)
		CollectScriptTypesHashes: 24.045ms
		ReloadNativeAssets: 2.039ms
		UnloadImportedAssets: 0.151ms
		EnsureUptoDateAssetsAreRegisteredWithGuidPM: 2.101ms
		ImportSchedulerStart: 0.977ms
	PostProcessAllAssets: 182.952ms
		PostProcessCallbackCreateDeferredMaterials 1.253ms
		XRBuildSystem.XRAssetImported 1.156ms
		MonoPostProcessAllAssets: 179.535ms
			UniversalRenderPipelineGlobalSettingsPostprocessor.OnPostprocessAllAssets 48.508ms
			BuilderAssetPostprocessor.OnPostprocessAllAssets 22.438ms
			AssetChangedListener.OnPostprocessAllAssets 11.007ms
			AssetPostprocessor.OnPostprocessAllAssets 10.636ms
			SyncVS.PostprocessSyncProject 9.294ms
			SpriteSlicePostprocessor.OnPostprocessAllAssets 7.229ms
			WindowAssetPostprocessingWatcher.OnPostprocessAllAssets 4.724ms
			SpeedTree9Postprocessor.OnPostprocessAllAssets 4.149ms
			ShaderGraphAssetPostProcessor.OnPostprocessAllAssets 3.563ms
			InputActionJsonNameModifierAssetProcessor.OnPostprocessAllAssets 3.525ms
			RetainedModeAssetPostprocessor.OnPostprocessAllAssets 3.116ms
			MaterialPostprocessor.OnPostprocessAllAssets 2.206ms
			ProjectSettingsPostprocessor.OnPostprocessAllAssets 1.850ms
			EditModeScopePostprocessor.OnPostprocessAllAssets 1.774ms
			RenderPipelineGlobalSettingsPostprocessor.OnPostprocessAllAssets 1.763ms
			SpriteEditorTexturePostprocessor.OnPostprocessAllAssets 1.440ms
			SpriteShapeAssetPostProcessor.OnPostprocessAllAssets 1.138ms
			ShaderReflectionAssetPostProcessor.OnPostprocessAllAssets 1.117ms
			ArtifactBrowserPostProcessor.OnPostprocessAllAssets 1.071ms
			TMPro_TexturePostProcessor.OnPostprocessAllAssets 1.051ms
			InputActionAssetPostprocessor.OnPostprocessAllAssets 0.885ms
			UVCSAssetPostprocessor.OnPostprocessAllAssets 0.805ms
			TextAssetPostProcessor.OnPostprocessAllAssets 0.748ms
			AudioMixerPostprocessor.OnPostprocessAllAssets 0.745ms
			AssetEvents.OnPostprocessAllAssets 0.645ms
			StyleCatalogPostProcessor.OnPostprocessAllAssets 0.551ms
			PostProcessor.OnPostprocessAllAssets 0.478ms
			ReferencedClipsPostProcessor.OnPostprocessAllAssets 0.470ms
			ThemePostprocessor.OnPostprocessAllAssets 0.362ms
			SpeedTreePostProcessor.OnPostprocessAllAssets 0.361ms
			SpriteLibraryAssetPostprocessor.OnPostprocessAllAssets 0.354ms
			TerrainToolbarOverlayPostProcessor.OnPostprocessAllAssets 0.326ms
			AssetDatabaseCallbacks.OnPostprocessAllAssets 0.305ms
			SamplePostprocessor.OnPostprocessAllAssets 0.287ms
			ScenarioDriftAssetsTracker.OnPostprocessAllAssets 0.277ms
			PSDImportPostProcessor.OnPostprocessAllAssets 0.272ms
			ConfigAssetsTracker.OnPostprocessAllAssets 0.244ms
			AssetReloadNotifier.OnPostprocessAllAssets 0.215ms
			AudioContainerPostProcessor.OnPostprocessAllAssets 0.171ms
			PSDImporterAssetPostProcessor.OnPostprocessAllAssets 0.140ms
			AssetProcessor.OnPostprocessAllAssets 0.120ms
	PostAssetChangesProfiler: 146.913ms
	GatherAllCurrentPrimaryImportResultRevisions: 1.915ms
	PersistCurrentRevisions: 0.280ms
	GenerateScriptTypeHashes: 6.591ms
	GenerateScriptTypeSerializationHashes: 10.906ms
	Untracked: 6083.242ms

[Licensing::Client] Successfully resolved entitlement details
[Licensing::Client] Successfully resolved entitlement details
Request Asset Garbage Collect because used heap size increased from 447.9 MB to 0.69 GB, exceeding the threshold of 256.0 MB.
Unloading 1 Unused Serialized files (Serialized files now loaded: 0)
Unloading 6994 unused Assets / (17.4 MB). Loaded Objects now: 9933.
Memory consumption went from 0.68 GB to 0.67 GB.
Total: 114.603900 ms (FindLiveObjects: 6.199700 ms CreateObjectMapping: 2.138800 ms MarkObjects: 41.715300 ms  DeleteObjects: 64.149200 ms)

[Worker0] Imported GUID: 5ca1190ea5d784b408f021049e737040 - Path: Assets/Script/Coin.cs - Importer: PreviewImporter -> (ImportResultId: '1d145d3327b80e45ebef9ba984192e67') in 0.1324234 seconds
Importing 'GUID: 00000000000000009000000000000000 - Path: ProjectSettings/QualitySettings.asset' with importer (LibraryAssetImporter)
Imported 'GUID: 00000000000000009000000000000000' -> (Import Result ID: 'ad6ca2034549a8dd6f88c2e2fb528c97') in 0.018 seconds [static dependencies only]. Details - ImportResultOutputID=2a108b3da874f726c62fbe5f12be4a8a DependenciesID=1aedbe56ae62f321fe459982db2fa012 StaticDependenciesID=e9a43e809c5953780a851aff477bfce8 
Refreshing native plugins compatible for Editor in 2.81 ms, found 5 plugins.
Asset Pipeline Refresh (id=39c19f48de49c744f974ab5d37e3b737): Total: 0.115 seconds - Initiated by StopAssetImportingV2(NoUpdateAssetOptions)
Importing 'GUID: 8c9cfa26abfee488c85f1582747f6a02 - Path: Assets/Scenes/SampleScene.unity' with importer (DefaultImporter)
Imported 'GUID: 8c9cfa26abfee488c85f1582747f6a02' -> (Import Result ID: 'e76ac3fa276b91af25250165de1aa76f') in 0.003 seconds [static dependencies only]. Details - ImportResultOutputID=024c942fddc2cb857ccb9edff708c760 DependenciesID=5bb47c04e7e9a12c59b6432fc8445cb0 StaticDependenciesID=a2808910a89dbd676a9f87288ef9e3a1 
Refreshing native plugins compatible for Editor in 3.04 ms, found 5 plugins.
Asset Pipeline Refresh (id=bdbf23fa9a367ce4c81cb5425d7a44c8): Total: 0.085 seconds - Initiated by StopAssetImportingV2(NoUpdateAssetOptions)
SpriteAtlasPacking completed in 0.017168 sec
Entering Playmode with Reload Domain disabled.
If you experience any issues, please disable "Enter Play Mode Options" in Editor Settings
Loaded scene 'Temp/__Backupscenes/0.backup'
	Deserialize:            185.878 ms
	Integration:            943.029 ms
	Integration of assets:  0.538 ms
	Thread Wait Time:       -0.419 ms
	Total Operation Time:   1129.026 ms
Unloading 42 Unused Serialized files (Serialized files now loaded: 0)
UnloadTime: 16.032600 ms
Loaded scene 'Temp/__Backupscenes/0.backup'
	Deserialize:            4.334 ms
	Integration:            72.738 ms
	Integration of assets:  0.003 ms
	Thread Wait Time:       13.993 ms
	Total Operation Time:   91.068 ms
Unloading 179 unused Assets / (269.1 KB). Loaded Objects now: 9938.
Memory consumption went from 0.67 GB to 0.67 GB.
Total: 48.991400 ms (FindLiveObjects: 2.034200 ms CreateObjectMapping: 0.854400 ms MarkObjects: 44.310900 ms  DeleteObjects: 1.353200 ms)

Scene 'StartMenu' couldn't be loaded because it has not been added to the active build profile or shared scene list or the AssetBundle has not been loaded.
To add a scene to the active build profile or shared scene list use the menu File->Build Profiles
UnityEngine.Debug:ExtractStackTraceNoAlloc (byte*,int,string)
UnityEngine.StackTraceUtility:ExtractStackTrace ()
UnityEngine.SceneManagement.SceneManagerAPIInternal:LoadSceneAsyncNameIndexInternal (string,int,UnityEngine.SceneManagement.LoadSceneParameters,bool)
UnityEngine.SceneManagement.SceneManagerAPI:LoadSceneAsyncByNameOrIndex (string,int,UnityEngine.SceneManagement.LoadSceneParameters,bool)
UnityEngine.SceneManagement.SceneManager:LoadSceneAsyncNameIndexInternal (string,int,UnityEngine.SceneManagement.LoadSceneParameters,bool)
UnityEngine.SceneManagement.SceneManager:LoadScene (string,UnityEngine.SceneManagement.LoadSceneParameters)
UnityEngine.SceneManagement.SceneManager:LoadScene (string)
GameOverManager:MainMenu () (at Assets/Script/GameOverManager.cs:41)
UnityEngine.Events.InvokableCall:Invoke ()
UnityEngine.Events.UnityEvent:Invoke ()
UnityEngine.UI.Button:Press () (at ./Library/PackageCache/com.unity.ugui@0f30cee369f3/Runtime/UGUI/UI/Core/Button.cs:71)
UnityEngine.UI.Button:OnPointerClick (UnityEngine.EventSystems.PointerEventData) (at ./Library/PackageCache/com.unity.ugui@0f30cee369f3/Runtime/UGUI/UI/Core/Button.cs:115)
UnityEngine.EventSystems.ExecuteEvents:Execute (UnityEngine.EventSystems.IPointerClickHandler,UnityEngine.EventSystems.BaseEventData) (at ./Library/PackageCache/com.unity.ugui@0f30cee369f3/Runtime/UGUI/EventSystem/ExecuteEvents.cs:57)
UnityEngine.EventSystems.ExecuteEvents:Execute<UnityEngine.EventSystems.IPointerClickHandler> (UnityEngine.GameObject,UnityEngine.EventSystems.BaseEventData,UnityEngine.EventSystems.ExecuteEvents/EventFunction`1<UnityEngine.EventSystems.IPointerClickHandler>) (at ./Library/PackageCache/com.unity.ugui@0f30cee369f3/Runtime/UGUI/EventSystem/ExecuteEvents.cs:272)
UnityEngine.InputSystem.UI.InputSystemUIInputModule:ProcessPointerButton (UnityEngine.InputSystem.UI.PointerModel/ButtonState&,UnityEngine.EventSystems.PointerEventData) (at ./Library/PackageCache/com.unity.inputsystem@7a4e1a2a8194/InputSystem/Runtime/Plugins/UI/InputSystemUIInputModule.cs:727)
UnityEngine.InputSystem.UI.InputSystemUIInputModule:ProcessPointer (UnityEngine.InputSystem.UI.PointerModel&) (at ./Library/PackageCache/com.unity.inputsystem@7a4e1a2a8194/InputSystem/Runtime/Plugins/UI/InputSystemUIInputModule.cs:486)
UnityEngine.InputSystem.UI.InputSystemUIInputModule:Process () (at ./Library/PackageCache/com.unity.inputsystem@7a4e1a2a8194/InputSystem/Runtime/Plugins/UI/InputSystemUIInputModule.cs:2405)
UnityEngine.EventSystems.EventSystem:Update () (at ./Library/PackageCache/com.unity.ugui@0f30cee369f3/Runtime/UGUI/EventSystem/EventSystem.cs:527)

[Assets/Script/GameOverManager.cs line 41]

Scene 'StartMenu' couldn't be loaded because it has not been added to the active build profile or shared scene list or the AssetBundle has not been loaded.
To add a scene to the active build profile or shared scene list use the menu File->Build Profiles
UnityEngine.Debug:ExtractStackTraceNoAlloc (byte*,int,string)
UnityEngine.StackTraceUtility:ExtractStackTrace ()
UnityEngine.SceneManagement.SceneManagerAPIInternal:LoadSceneAsyncNameIndexInternal (string,int,UnityEngine.SceneManagement.LoadSceneParameters,bool)
UnityEngine.SceneManagement.SceneManagerAPI:LoadSceneAsyncByNameOrIndex (string,int,UnityEngine.SceneManagement.LoadSceneParameters,bool)
UnityEngine.SceneManagement.SceneManager:LoadSceneAsyncNameIndexInternal (string,int,UnityEngine.SceneManagement.LoadSceneParameters,bool)
UnityEngine.SceneManagement.SceneManager:LoadScene (string,UnityEngine.SceneManagement.LoadSceneParameters)
UnityEngine.SceneManagement.SceneManager:LoadScene (string)
GameOverManager:MainMenu () (at Assets/Script/GameOverManager.cs:41)
UnityEngine.Events.InvokableCall:Invoke ()
UnityEngine.Events.UnityEvent:Invoke ()
UnityEngine.UI.Button:Press () (at ./Library/PackageCache/com.unity.ugui@0f30cee369f3/Runtime/UGUI/UI/Core/Button.cs:71)
UnityEngine.UI.Button:OnPointerClick (UnityEngine.EventSystems.PointerEventData) (at ./Library/PackageCache/com.unity.ugui@0f30cee369f3/Runtime/UGUI/UI/Core/Button.cs:115)
UnityEngine.EventSystems.ExecuteEvents:Execute (UnityEngine.EventSystems.IPointerClickHandler,UnityEngine.EventSystems.BaseEventData) (at ./Library/PackageCache/com.unity.ugui@0f30cee369f3/Runtime/UGUI/EventSystem/ExecuteEvents.cs:57)
UnityEngine.EventSystems.ExecuteEvents:Execute<UnityEngine.EventSystems.IPointerClickHandler> (UnityEngine.GameObject,UnityEngine.EventSystems.BaseEventData,UnityEngine.EventSystems.ExecuteEvents/EventFunction`1<UnityEngine.EventSystems.IPointerClickHandler>) (at ./Library/PackageCache/com.unity.ugui@0f30cee369f3/Runtime/UGUI/EventSystem/ExecuteEvents.cs:272)
UnityEngine.InputSystem.UI.InputSystemUIInputModule:ProcessPointerButton (UnityEngine.InputSystem.UI.PointerModel/ButtonState&,UnityEngine.EventSystems.PointerEventData) (at ./Library/PackageCache/com.unity.inputsystem@7a4e1a2a8194/InputSystem/Runtime/Plugins/UI/InputSystemUIInputModule.cs:727)
UnityEngine.InputSystem.UI.InputSystemUIInputModule:ProcessPointer (UnityEngine.InputSystem.UI.PointerModel&) (at ./Library/PackageCache/com.unity.inputsystem@7a4e1a2a8194/InputSystem/Runtime/Plugins/UI/InputSystemUIInputModule.cs:486)
UnityEngine.InputSystem.UI.InputSystemUIInputModule:Process () (at ./Library/PackageCache/com.unity.inputsystem@7a4e1a2a8194/InputSystem/Runtime/Plugins/UI/InputSystemUIInputModule.cs:2405)
UnityEngine.EventSystems.EventSystem:Update () (at ./Library/PackageCache/com.unity.ugui@0f30cee369f3/Runtime/UGUI/EventSystem/EventSystem.cs:527)

[Assets/Script/GameOverManager.cs line 41]

Unloading 0 Unused Serialized files (Serialized files now loaded: 0)
Loaded scene 'Temp/__Backupscenes/0.backup'
	Deserialize:            5.530 ms
	Integration:            63.180 ms
	Integration of assets:  0.022 ms
	Thread Wait Time:       0.018 ms
	Total Operation Time:   68.751 ms
Unloading 0 unused Assets / (1.9 KB). Loaded Objects now: 9836.
Memory consumption went from 0.66 GB to 0.66 GB.
Total: 47.953900 ms (FindLiveObjects: 2.237100 ms CreateObjectMapping: 1.054000 ms MarkObjects: 43.861900 ms  DeleteObjects: 0.349900 ms)

[Licensing::Client] Successfully resolved entitlement details
SpriteAtlasPacking completed in 0.010154 sec
Entering Playmode with Reload Domain disabled.
If you experience any issues, please disable "Enter Play Mode Options" in Editor Settings
Loaded scene 'Temp/__Backupscenes/0.backup'
	Deserialize:            6.627 ms
	Integration:            55.864 ms
	Integration of assets:  0.083 ms
	Thread Wait Time:       0.008 ms
	Total Operation Time:   62.581 ms
Unloading 5 Unused Serialized files (Serialized files now loaded: 0)
Loaded scene 'Temp/__Backupscenes/0.backup'
	Deserialize:            3.144 ms
	Integration:            59.759 ms
	Integration of assets:  0.013 ms
	Thread Wait Time:       0.015 ms
	Total Operation Time:   62.931 ms
Unloading 3 unused Assets / (236.2 KB). Loaded Objects now: 9835.
Memory consumption went from 0.67 GB to 0.66 GB.
Total: 38.752700 ms (FindLiveObjects: 2.109000 ms CreateObjectMapping: 0.813800 ms MarkObjects: 35.004500 ms  DeleteObjects: 0.425600 ms)

[Worker0] Imported GUID: 68d93eff07252394dafedc22ff46967e - Path: Assets/Prefab/PipePair.prefab - Importer: PreviewImporter -> (ImportResultId: '2ba7f1ae55daed8942c3205eabb47606') in 1.3322919 seconds
Loaded scene 'Library/Unused/ab8fb9d0431d57d469003435830bd915'
	Deserialize:            1.852 ms
	Integration:            0.975 ms
	Integration of assets:  0.006 ms
	Thread Wait Time:       0.028 ms
	Total Operation Time:   2.861 ms
Unloading 3 Unused Serialized files (Serialized files now loaded: 0)
Unloading 0 unused Assets / (Unknown). Loaded Objects now: 9996.
Memory consumption went from 0.67 GB to 0.67 GB.
Total: 36.543700 ms (FindLiveObjects: 2.434900 ms CreateObjectMapping: 0.904900 ms MarkObjects: 32.698500 ms  DeleteObjects: 0.050500 ms)

Asset Pipeline Refresh (id=c481840aadfd25143857fafdcf8cfa6b): Total: 0.166 seconds - Initiated by RefreshV2(AllowForceSynchronousImport)
Importing 'GUID: 68d93eff07252394dafedc22ff46967e - Path: Assets/Prefab/PipePair.prefab' with importer (PrefabImporter)
Imported 'GUID: 68d93eff07252394dafedc22ff46967e' -> (Import Result ID: '3699fcbcb7cc7f6bcc401e9ef40cefd9') in 0.031 seconds [static and dynamic dependencies]. Details - ImportResultOutputID=0f5898e7a0ff2d833e178674ec374c8d DependenciesID=9cf631b09469cc0473e00f96298bb6d3 StaticDependenciesID=6df8b5cc4600590ab1ff77f03f06eefc 
Refreshing native plugins compatible for Editor in 2.88 ms, found 5 plugins.

Asset Pipeline Refresh (id=9f4dd15c1b898cc4b8b40f9fe5e88583): Total: 0.403 seconds - Initiated by StopAssetImportingV2(NoUpdateAssetOptions)
	(Values over 0.05ms)
	Summary:
		Imports: total=1 (actual=1, local cache=0, cache server=0)
		Asset DB Process Time: managed=14 ms, native=292 ms
		Asset DB Callback time: managed=50 ms, native=45 ms
		Scripting: domain reloads=0, domain reload time=0 ms, compile time=0 ms, other=0 ms
		Project Asset Count: scripts=1700, non-scripts=3426
		Asset File Changes: new=0, changed=1, moved=0, deleted=0
		Scan Filter Count: 3
	ApplyChangesToAssetFolders: 0.182ms
	Scan: 25.898ms
	Collect global state as custom dependencies: 0.357ms
	OnSourceAssetsModified: 2.004ms
	CategorizeScriptCompilationAssets: 0.627ms
	ProcessAssetsWithTransientArtifactChanges: 2.464ms
	CategorizeAssets: 120.715ms
	ImportOutOfDateAssets: 51.549ms (1.503ms without children)
		ImportManagerImport: 39.487ms (2.378ms without children)
			UpdateCategorizedAssets: 0.062ms
		ReloadNativeAssets: 0.812ms
		UnloadImportedAssets: 1.922ms
		ReloadImportedAssets: 1.736ms
		EnsureUptoDateAssetsAreRegisteredWithGuidPM: 1.297ms
		InitializingProgressBar: 0.143ms
		ImportSchedulerStart: 6.345ms
	PostProcessAllAssets: 75.593ms
		XRBuildSystem.XRAssetImported 21.360ms
		WindowTitlePostprocess 0.200ms
		ObjectImages.AssetImported 0.199ms
		VCAutoAddAssetPostprocess 0.196ms
		AssemblyValidation.PostprocessAllAssets 0.144ms
		PostProcessCallbackCreateDeferredMaterials 0.142ms
		MonoPostProcessAllAssets: 49.843ms
			SyncVS.PostprocessSyncProject 9.374ms
			ConfigAssetsTracker.OnPostprocessAllAssets 7.680ms
			AssetPostprocessor.OnPostprocessAllAssets 4.347ms
			ShaderGraphAssetPostProcessor.OnPostprocessAllAssets 3.074ms
			TMPro_TexturePostProcessor.OnPostprocessAllAssets 2.047ms
			AssetChangedListener.OnPostprocessAllAssets 1.513ms
			UniversalRenderPipelineGlobalSettingsPostprocessor.OnPostprocessAllAssets 0.803ms
			SpriteEditorTexturePostprocessor.OnPostprocessAllAssets 0.650ms
			SpriteShapeAssetPostProcessor.OnPostprocessAllAssets 0.632ms
			EditModeScopePostprocessor.OnPostprocessAllAssets 0.601ms
			RenderPipelineGlobalSettingsPostprocessor.OnPostprocessAllAssets 0.537ms
			SamplePostprocessor.OnPostprocessAllAssets 0.515ms
			SpriteLibraryAssetPostprocessor.OnPostprocessAllAssets 0.441ms
			AudioContainerPostProcessor.OnPostprocessAllAssets 0.411ms
			RetainedModeAssetPostprocessor.OnPostprocessAllAssets 0.401ms
			AssetDatabaseCallbacks.OnPostprocessAllAssets 0.374ms
			InputActionAssetPostprocessor.OnPostprocessAllAssets 0.340ms
			TextAssetPostProcessor.OnPostprocessAllAssets 0.339ms
			AssetReloadNotifier.OnPostprocessAllAssets 0.321ms
			ScenarioDriftAssetsTracker.OnPostprocessAllAssets 0.257ms
			PostProcessor.OnPostprocessAllAssets 0.248ms
			SpriteSlicePostprocessor.OnPostprocessAllAssets 0.245ms
			StyleCatalogPostProcessor.OnPostprocessAllAssets 0.244ms
			MaterialPostprocessor.OnPostprocessAllAssets 0.234ms
			BuilderAssetPostprocessor.OnPostprocessAllAssets 0.227ms
			SpeedTree9Postprocessor.OnPostprocessAllAssets 0.206ms
			ShaderReflectionAssetPostProcessor.OnPostprocessAllAssets 0.187ms
			ProjectSettingsPostprocessor.OnPostprocessAllAssets 0.176ms
			ArtifactBrowserPostProcessor.OnPostprocessAllAssets 0.152ms
			AssetProcessor.OnPostprocessAllAssets 0.104ms
	PostAssetChangesProfiler: 18.975ms
	GatherAllCurrentPrimaryImportResultRevisions: 1.465ms
	PersistCurrentRevisions: 0.567ms
	Untracked: 102.705ms

Importing 'GUID: 68d93eff07252394dafedc22ff46967e - Path: Assets/Prefab/PipePair.prefab' with importer (PrefabImporter)
Imported 'GUID: 68d93eff07252394dafedc22ff46967e' -> (Import Result ID: '96e999541c3a85a15f0ddea33885fbd2') in 0.006 seconds [static and dynamic dependencies]. Details - ImportResultOutputID=e6a773096aeefb9dc7b11e2a4e93514e DependenciesID=0f1cc6301098cb3e750c2b18227c24f0 StaticDependenciesID=4277edaaac1cc6e3e153650953895a26 
Refreshing native plugins compatible for Editor in 2.78 ms, found 5 plugins.
Asset Pipeline Refresh (id=e0f017e0e1a978b448d8e0b568fa07d5): Total: 0.087 seconds - Initiated by StopAssetImportingV2(NoUpdateAssetOptions)
SpriteAtlasPacking completed in 0.101880 sec
Entering Playmode with Reload Domain disabled.
If you experience any issues, please disable "Enter Play Mode Options" in Editor Settings
Loaded scene 'Temp/__Backupscenes/0.backup'
	Deserialize:            38.841 ms
	Integration:            330.727 ms
	Integration of assets:  0.310 ms
	Thread Wait Time:       -0.058 ms
	Total Operation Time:   369.820 ms
Bird is Dead!
UnityEngine.Debug:ExtractStackTraceNoAlloc (byte*,int,string)
UnityEngine.StackTraceUtility:ExtractStackTrace ()
UnityEngine.DebugLogHandler:Internal_Log (UnityEngine.LogType,UnityEngine.LogOption,string,UnityEngine.Object)
UnityEngine.DebugLogHandler:LogFormat (UnityEngine.LogType,UnityEngine.Object,string,object[])
UnityEngine.Logger:Log (UnityEngine.LogType,object)
UnityEngine.Debug:Log (object)
BirdDeath:Die () (at Assets/Script/BirdDeath.cs:37)
BirdDeath:OnCollisionEnter2D (UnityEngine.Collision2D) (at Assets/Script/BirdDeath.cs:24)

(Filename: Assets/Script/BirdDeath.cs Line: 37)

Unloading 5 Unused Serialized files (Serialized files now loaded: 0)
UnloadTime: 4.347800 ms
Loaded scene 'Temp/__Backupscenes/0.backup'
	Deserialize:            7.753 ms
	Integration:            50.950 ms
	Integration of assets:  0.004 ms
	Thread Wait Time:       10.528 ms
	Total Operation Time:   69.236 ms
Unloading 15 unused Assets / (115.9 KB). Loaded Objects now: 9986.
Memory consumption went from 0.66 GB to 0.66 GB.
Total: 187.125600 ms (FindLiveObjects: 2.731500 ms CreateObjectMapping: 0.995500 ms MarkObjects: 182.786700 ms  DeleteObjects: 0.127500 ms)

Bird is Dead!
UnityEngine.Debug:ExtractStackTraceNoAlloc (byte*,int,string)
UnityEngine.StackTraceUtility:ExtractStackTrace ()
UnityEngine.DebugLogHandler:Internal_Log (UnityEngine.LogType,UnityEngine.LogOption,string,UnityEngine.Object)
UnityEngine.DebugLogHandler:LogFormat (UnityEngine.LogType,UnityEngine.Object,string,object[])
UnityEngine.Logger:Log (UnityEngine.LogType,object)
UnityEngine.Debug:Log (object)
BirdDeath:Die () (at Assets/Script/BirdDeath.cs:37)
BirdDeath:OnCollisionEnter2D (UnityEngine.Collision2D) (at Assets/Script/BirdDeath.cs:24)

(Filename: Assets/Script/BirdDeath.cs Line: 37)

Unloading 0 Unused Serialized files (Serialized files now loaded: 0)
UnloadTime: 2.896400 ms
Loaded scene 'Temp/__Backupscenes/0.backup'
	Deserialize:            5.749 ms
	Integration:            61.649 ms
	Integration of assets:  0.003 ms
	Thread Wait Time:       13.255 ms
	Total Operation Time:   80.656 ms
Unloading 0 unused Assets / (435.7 KB). Loaded Objects now: 9986.
Memory consumption went from 0.66 GB to 0.66 GB.
Total: 47.462800 ms (FindLiveObjects: 2.366600 ms CreateObjectMapping: 0.981900 ms MarkObjects: 43.586200 ms  DeleteObjects: 0.046800 ms)

Unloading 0 Unused Serialized files (Serialized files now loaded: 0)
Loaded scene 'Temp/__Backupscenes/0.backup'
	Deserialize:            4.826 ms
	Integration:            61.104 ms
	Integration of assets:  0.012 ms
	Thread Wait Time:       0.025 ms
	Total Operation Time:   65.967 ms
Unloading 0 unused Assets / (372.1 KB). Loaded Objects now: 9884.
Memory consumption went from 0.66 GB to 0.66 GB.
Total: 35.450000 ms (FindLiveObjects: 1.895600 ms CreateObjectMapping: 0.562400 ms MarkObjects: 32.552300 ms  DeleteObjects: 0.053600 ms)

[Licensing::Client] Successfully resolved entitlement details
Unloading 1 Unused Serialized files (Serialized files now loaded: 0)
Unloading 1 unused Assets / (2.2 KB). Loaded Objects now: 10009.
Memory consumption went from 0.67 GB to 0.67 GB.
Total: 46.095100 ms (FindLiveObjects: 2.261400 ms CreateObjectMapping: 0.646100 ms MarkObjects: 42.527700 ms  DeleteObjects: 0.099900 ms)

SpriteAtlasPacking completed in 0.012157 sec
Entering Playmode with Reload Domain disabled.
If you experience any issues, please disable "Enter Play Mode Options" in Editor Settings
Loaded scene 'Temp/__Backupscenes/0.backup'
	Deserialize:            4.500 ms
	Integration:            64.170 ms
	Integration of assets:  0.105 ms
	Thread Wait Time:       0.047 ms
	Total Operation Time:   68.822 ms
Bird is Dead!
UnityEngine.Debug:ExtractStackTraceNoAlloc (byte*,int,string)
UnityEngine.StackTraceUtility:ExtractStackTrace ()
UnityEngine.DebugLogHandler:Internal_Log (UnityEngine.LogType,UnityEngine.LogOption,string,UnityEngine.Object)
UnityEngine.DebugLogHandler:LogFormat (UnityEngine.LogType,UnityEngine.Object,string,object[])
UnityEngine.Logger:Log (UnityEngine.LogType,object)
UnityEngine.Debug:Log (object)
BirdDeath:Die () (at Assets/Script/BirdDeath.cs:37)
BirdDeath:OnCollisionEnter2D (UnityEngine.Collision2D) (at Assets/Script/BirdDeath.cs:24)

(Filename: Assets/Script/BirdDeath.cs Line: 37)

Unloading 11 Unused Serialized files (Serialized files now loaded: 0)
Loaded scene 'Temp/__Backupscenes/0.backup'
	Deserialize:            3.469 ms
	Integration:            51.103 ms
	Integration of assets:  0.007 ms
	Thread Wait Time:       0.040 ms
	Total Operation Time:   54.620 ms
Unloading 4 unused Assets / (0.6 MB). Loaded Objects now: 9927.
Memory consumption went from 0.67 GB to 0.67 GB.
Total: 44.872600 ms (FindLiveObjects: 1.899000 ms CreateObjectMapping: 0.440800 ms MarkObjects: 42.042000 ms  DeleteObjects: 0.108200 ms)

[Licensing::Client] Successfully resolved entitlement details
SpriteAtlasPacking completed in 0.009587 sec
Entering Playmode with Reload Domain disabled.
If you experience any issues, please disable "Enter Play Mode Options" in Editor Settings
Loaded scene 'Temp/__Backupscenes/0.backup'
	Deserialize:            5.391 ms
	Integration:            46.375 ms
	Integration of assets:  0.088 ms
	Thread Wait Time:       0.028 ms
	Total Operation Time:   51.882 ms
Bird is Dead!
UnityEngine.Debug:ExtractStackTraceNoAlloc (byte*,int,string)
UnityEngine.StackTraceUtility:ExtractStackTrace ()
UnityEngine.DebugLogHandler:Internal_Log (UnityEngine.LogType,UnityEngine.LogOption,string,UnityEngine.Object)
UnityEngine.DebugLogHandler:LogFormat (UnityEngine.LogType,UnityEngine.Object,string,object[])
UnityEngine.Logger:Log (UnityEngine.LogType,object)
UnityEngine.Debug:Log (object)
BirdDeath:Die () (at Assets/Script/BirdDeath.cs:37)
BirdDeath:OnCollisionEnter2D (UnityEngine.Collision2D) (at Assets/Script/BirdDeath.cs:24)

(Filename: Assets/Script/BirdDeath.cs Line: 37)

Unloading 5 Unused Serialized files (Serialized files now loaded: 0)
Loaded scene 'Temp/__Backupscenes/0.backup'
	Deserialize:            3.452 ms
	Integration:            51.703 ms
	Integration of assets:  0.009 ms
	Thread Wait Time:       0.036 ms
	Total Operation Time:   55.199 ms
Unloading 0 unused Assets / (508.7 KB). Loaded Objects now: 9927.
Memory consumption went from 0.67 GB to 0.67 GB.
Total: 41.276400 ms (FindLiveObjects: 2.064100 ms CreateObjectMapping: 0.764300 ms MarkObjects: 38.032400 ms  DeleteObjects: 0.042300 ms)

Importing 'GUID: 00000000000000009000000000000000 - Path: ProjectSettings/QualitySettings.asset' with importer (LibraryAssetImporter)
Imported 'GUID: 00000000000000009000000000000000' -> (Import Result ID: 'ad6ca2034549a8dd6f88c2e2fb528c97') in 0.003 seconds [static dependencies only]. Details - ImportResultOutputID=2a108b3da874f726c62fbe5f12be4a8a DependenciesID=1aedbe56ae62f321fe459982db2fa012 StaticDependenciesID=e9a43e809c5953780a851aff477bfce8 
Refreshing native plugins compatible for Editor in 3.35 ms, found 5 plugins.
Asset Pipeline Refresh (id=52edf82c38d468b459507d5d40ab715c): Total: 0.064 seconds - Initiated by StopAssetImportingV2(NoUpdateAssetOptions)
Importing 'GUID: 8c9cfa26abfee488c85f1582747f6a02 - Path: Assets/Scenes/SampleScene.unity' with importer (DefaultImporter)
Imported 'GUID: 8c9cfa26abfee488c85f1582747f6a02' -> (Import Result ID: '8481ca5a09416e8493658747021ac804') in 0.003 seconds [static dependencies only]. Details - ImportResultOutputID=024c942fddc2cb857ccb9edff708c760 DependenciesID=df6391f7fa050c7704259b8c96eea37f StaticDependenciesID=774c8d0eeb29b0f88e2f40fd3483a8e9 
Refreshing native plugins compatible for Editor in 2.74 ms, found 5 plugins.
Asset Pipeline Refresh (id=7a5c49ef1c443b54d9ae85b2772188cc): Total: 0.082 seconds - Initiated by StopAssetImportingV2(NoUpdateAssetOptions)
Unloading 0 Unused Serialized files (Serialized files now loaded: 0)
Unloading 28 unused Assets / (9.9 KB). Loaded Objects now: 10060.
Memory consumption went from 0.72 GB to 0.72 GB.
Total: 52.337600 ms (FindLiveObjects: 2.288800 ms CreateObjectMapping: 0.983600 ms MarkObjects: 47.510400 ms  DeleteObjects: 1.071700 ms)

[Worker0] Imported GUID: 4874dc066de12a94db2a174c8c2db562 - Path: Assets/Flappy Bird Assets/demo-img-1.png - Importer: PreviewImporter -> (ImportResultId: '6d5b1981fc099e3e05f099b40dfc4896') in 1.2773978 seconds
[Worker0] Imported GUID: a8441e26c408ea94a8b95db4c9545872 - Path: Assets/Flappy Bird Assets/Background - Importer: PreviewImporter -> (ImportResultId: '39a4bd3ed14fe65e7cbd366fc29c09ec') in 0.042587 seconds
SpriteAtlasPacking completed in 0.012454 sec
Entering Playmode with Reload Domain disabled.
If you experience any issues, please disable "Enter Play Mode Options" in Editor Settings
Loaded scene 'Temp/__Backupscenes/0.backup'
	Deserialize:            1.892 ms
	Integration:            74.537 ms
	Integration of assets:  0.088 ms
	Thread Wait Time:       0.019 ms
	Total Operation Time:   76.537 ms
Unloading 14 Unused Serialized files (Serialized files now loaded: 0)
Loaded scene 'Temp/__Backupscenes/0.backup'
	Deserialize:            1.255 ms
	Integration:            51.599 ms
	Integration of assets:  0.006 ms
	Thread Wait Time:       0.028 ms
	Total Operation Time:   52.888 ms
Unloading 234 unused Assets / (0.6 MB). Loaded Objects now: 9853.
Memory consumption went from 0.71 GB to 0.71 GB.
Total: 51.520300 ms (FindLiveObjects: 1.975500 ms CreateObjectMapping: 0.575100 ms MarkObjects: 46.020200 ms  DeleteObjects: 2.505400 ms)

[Licensing::Client] Successfully resolved entitlement details
[Worker0] Imported GUID: af2d4432033b075478bb7c58e652940e - Path: Assets/Flappy Bird Assets/Player/StyleBird2/Bird2-1.png - Importer: PreviewImporter -> (ImportResultId: '441d260e2f7c6c68a65b811dc989f5a8') in 0.5960791 seconds
Asset Pipeline Refresh (id=34f4ca2d84e71f14eba6e34edcde86e7): Total: 0.079 seconds - Initiated by RefreshV2(AllowForceSynchronousImport)
[Worker0] Imported GUID: 109e9bdd0fcc649c5bc59085c35bdc83 - Path: Assets/Scenes - Importer: PreviewImporter -> (ImportResultId: '8ede8acd3c6c171ed6353a7479084b00') in 0.0397234 seconds
Importing 'GUID: 00000000000000009000000000000000 - Path: ProjectSettings/QualitySettings.asset' with importer (LibraryAssetImporter)
Imported 'GUID: 00000000000000009000000000000000' -> (Import Result ID: 'ad6ca2034549a8dd6f88c2e2fb528c97') in 0.006 seconds [static dependencies only]. Details - ImportResultOutputID=2a108b3da874f726c62fbe5f12be4a8a DependenciesID=1aedbe56ae62f321fe459982db2fa012 StaticDependenciesID=e9a43e809c5953780a851aff477bfce8 
Refreshing native plugins compatible for Editor in 4.31 ms, found 5 plugins.
Asset Pipeline Refresh (id=6687cb3bf497e3d40adb2d78b87bdef4): Total: 0.126 seconds - Initiated by StopAssetImportingV2(NoUpdateAssetOptions)
Importing 'GUID: 882d3f65b9f7531408f19f10bba14a19 - Path: Assets/Scenes/StartMenu.unity' with importer (DefaultImporter)
Imported 'GUID: 882d3f65b9f7531408f19f10bba14a19' -> (Import Result ID: 'efaa46c21a23105734403d4a382d7784') in 0.002 seconds [static dependencies only]. Details - ImportResultOutputID=d55bd0fd5070ca06be0d5c52191fac50 DependenciesID=1587006342875a42c98eddfe01446081 StaticDependenciesID=7c5170335e9fb2d49b5d7a76e677ba0d 
Refreshing native plugins compatible for Editor in 3.36 ms, found 5 plugins.
Asset Pipeline Refresh (id=4eb4068a05b0c87488e07e95c7d94d67): Total: 0.249 seconds - Initiated by StopAssetImportingV2(NoUpdateAssetOptions)
Opening scene 'Assets/Scenes/SampleScene.unity'
Unloading 29 Unused Serialized files (Serialized files now loaded: 0)
Loaded scene 'Assets/Scenes/SampleScene.unity'
	Deserialize:            55.971 ms
	Integration:            93.125 ms
	Integration of assets:  3.338 ms
	Thread Wait Time:       -0.084 ms
	Total Operation Time:   152.350 ms
Unloading 169 unused Assets / (9.2 MB). Loaded Objects now: 10036.
Memory consumption went from 0.72 GB to 0.71 GB.
Total: 52.975000 ms (FindLiveObjects: 2.192500 ms CreateObjectMapping: 1.029000 ms MarkObjects: 47.865100 ms  DeleteObjects: 1.479900 ms)

Opening scene 'Assets/Scenes/StartMenu.unity'
Unloading 8 Unused Serialized files (Serialized files now loaded: 0)
Loaded scene 'Assets/Scenes/StartMenu.unity'
	Deserialize:            2.496 ms
	Integration:            54.555 ms
	Integration of assets:  0.006 ms
	Thread Wait Time:       0.026 ms
	Total Operation Time:   57.083 ms
Unloading 37 unused Assets / (114.2 KB). Loaded Objects now: 9894.
Memory consumption went from 0.70 GB to 0.70 GB.
Total: 47.573200 ms (FindLiveObjects: 2.706000 ms CreateObjectMapping: 0.687500 ms MarkObjects: 43.266000 ms  DeleteObjects: 0.455000 ms)

Asset Pipeline Refresh (id=cfad22460913e7f4cb57721c188a00d1): Total: 0.025 seconds - Initiated by RefreshV2(AllowForceSynchronousImport)
SpriteAtlasPacking completed in 0.013355 sec
Entering Playmode with Reload Domain disabled.
If you experience any issues, please disable "Enter Play Mode Options" in Editor Settings
Loaded scene 'Temp/__Backupscenes/0.backup'
	Deserialize:            5.422 ms
	Integration:            66.282 ms
	Integration of assets:  0.467 ms
	Thread Wait Time:       0.004 ms
	Total Operation Time:   72.175 ms
Unloading 27 Unused Serialized files (Serialized files now loaded: 0)
Loaded scene 'Temp/__Backupscenes/0.backup'
	Deserialize:            1.202 ms
	Integration:            44.126 ms
	Integration of assets:  0.004 ms
	Thread Wait Time:       0.012 ms
	Total Operation Time:   45.344 ms
Unloading 21 unused Assets / (0.8 MB). Loaded Objects now: 9994.
Memory consumption went from 0.71 GB to 0.71 GB.
Total: 47.622100 ms (FindLiveObjects: 2.190500 ms CreateObjectMapping: 0.885900 ms MarkObjects: 43.925900 ms  DeleteObjects: 0.243600 ms)

[Licensing::Client] Successfully resolved entitlement details
[Worker0] Imported GUID: ffe43bd3ddc22e245978a48a7d3cb175 - Path: Assets/Flappy Bird Assets/Player/StyleBird2/Bird2-1_0.controller - Importer: PreviewImporter -> (ImportResultId: '55b5f07c10110b99f9547c1a8ad56d4c') in 0.1209488 seconds
[Worker0] Imported GUID: de374941fe96d1f458d04f999164580c - Path: Assets/Flappy Bird Assets/Player/StyleBird2/PlayerFlyAnim.anim - Importer: PreviewImporter -> (ImportResultId: '50879bd37485289ae7ad3e81f41b295c') in 0.0351126 seconds
Asset Pipeline Refresh (id=a5a48e9122bed784dbb009492891d649): Total: 0.018 seconds - Initiated by RefreshV2(AllowForceSynchronousImport)
GetVirtualKey: Could not map char: z (122) to any virtual key
GetVirtualKey: Could not map char: y (121) to any virtual key
GetVirtualKey: Could not map char: [ (91) to any virtual key
GetVirtualKey: Could not map char: ] (93) to any virtual key
GetVirtualKey: Could not map char: x (120) to any virtual key
GetVirtualKey: Could not map char: c (99) to any virtual key
GetVirtualKey: Could not map char: v (118) to any virtual key
GetVirtualKey: Could not map char: V (86) to any virtual key
GetVirtualKey: Could not map char: d (100) to any virtual key
GetVirtualKey: Could not map char: f (102) to any virtual key
GetVirtualKey: Could not map char: f (102) to any virtual key
GetVirtualKey: Could not map char: a (97) to any virtual key
GetVirtualKey: Could not map char: d (100) to any virtual key
GetVirtualKey: Could not map char: c (99) to any virtual key
GetVirtualKey: Could not map char: r (114) to any virtual key
GetVirtualKey: Could not map char: i (105) to any virtual key
GetVirtualKey: Could not map char: l (108) to any virtual key
GetVirtualKey: Could not map char: f (102) to any virtual key
GetVirtualKey: Could not map char: k (107) to any virtual key
GetVirtualKey: Could not map char: p (112) to any virtual key
GetVirtualKey: Could not map char: p (112) to any virtual key
GetVirtualKey: Could not map char: p (112) to any virtual key
GetVirtualKey: Could not map char: c (99) to any virtual key
GetVirtualKey: Could not map char: r (114) to any virtual key
GetVirtualKey: Could not map char: P (80) to any virtual key
GetVirtualKey: Could not map char: n (110) to any virtual key
GetVirtualKey: Could not map char: n (110) to any virtual key
GetVirtualKey: Could not map char: g (103) to any virtual key
GetVirtualKey: Could not map char: = (61) to any virtual key
GetVirtualKey: Could not map char: f (102) to any virtual key
GetVirtualKey: Could not map char: f (102) to any virtual key
GetVirtualKey: Could not map char: a (97) to any virtual key
GetVirtualKey: Could not map char: a (97) to any virtual key
GetVirtualKey: Could not map char: c (99) to any virtual key
GetVirtualKey: Could not map char: u (117) to any virtual key
GetVirtualKey: Could not map char: n (110) to any virtual key
GetVirtualKey: Could not map char: o (111) to any virtual key
GetVirtualKey: Could not map char: s (115) to any virtual key
GetVirtualKey: Could not map char: s (115) to any virtual key
GetVirtualKey: Could not map char: b (98) to any virtual key
GetVirtualKey: Could not map char: b (98) to any virtual key
SpriteAtlasPacking completed in 0.013438 sec
Entering Playmode with Reload Domain disabled.
If you experience any issues, please disable "Enter Play Mode Options" in Editor Settings
Loaded scene 'Temp/__Backupscenes/0.backup'
	Deserialize:            2.652 ms
	Integration:            70.540 ms
	Integration of assets:  0.100 ms
	Thread Wait Time:       0.019 ms
	Total Operation Time:   73.311 ms
Unloading 21 Unused Serialized files (Serialized files now loaded: 0)
Loaded scene 'Temp/__Backupscenes/0.backup'
	Deserialize:            1.557 ms
	Integration:            53.295 ms
	Integration of assets:  0.005 ms
	Thread Wait Time:       0.013 ms
	Total Operation Time:   54.869 ms
Unloading 40 unused Assets / (1.3 MB). Loaded Objects now: 10114.
Memory consumption went from 0.72 GB to 0.72 GB.
Total: 53.433400 ms (FindLiveObjects: 2.820500 ms CreateObjectMapping: 1.001100 ms MarkObjects: 48.804400 ms  DeleteObjects: 0.357400 ms)

[Licensing::Client] Successfully resolved entitlement details
SpriteAtlasPacking completed in 0.009373 sec
Entering Playmode with Reload Domain disabled.
If you experience any issues, please disable "Enter Play Mode Options" in Editor Settings
Loaded scene 'Temp/__Backupscenes/0.backup'
	Deserialize:            1.569 ms
	Integration:            60.827 ms
	Integration of assets:  0.078 ms
	Thread Wait Time:       0.139 ms
	Total Operation Time:   62.614 ms
Unloading 2 Unused Serialized files (Serialized files now loaded: 0)
Loaded scene 'Temp/__Backupscenes/0.backup'
	Deserialize:            1.485 ms
	Integration:            55.230 ms
	Integration of assets:  0.006 ms
	Thread Wait Time:       0.019 ms
	Total Operation Time:   56.740 ms
Unloading 0 unused Assets / (32.5 KB). Loaded Objects now: 10115.
Memory consumption went from 0.72 GB to 0.72 GB.
Total: 43.632300 ms (FindLiveObjects: 1.813100 ms CreateObjectMapping: 0.419600 ms MarkObjects: 40.871000 ms  DeleteObjects: 0.107300 ms)

GetVirtualKey: Could not map char: z (122) to any virtual key
GetVirtualKey: Could not map char: y (121) to any virtual key
GetVirtualKey: Could not map char: [ (91) to any virtual key
GetVirtualKey: Could not map char: ] (93) to any virtual key
GetVirtualKey: Could not map char: x (120) to any virtual key
GetVirtualKey: Could not map char: c (99) to any virtual key
GetVirtualKey: Could not map char: v (118) to any virtual key
GetVirtualKey: Could not map char: V (86) to any virtual key
GetVirtualKey: Could not map char: d (100) to any virtual key
GetVirtualKey: Could not map char: f (102) to any virtual key
GetVirtualKey: Could not map char: f (102) to any virtual key
GetVirtualKey: Could not map char: a (97) to any virtual key
GetVirtualKey: Could not map char: d (100) to any virtual key
GetVirtualKey: Could not map char: c (99) to any virtual key
GetVirtualKey: Could not map char: r (114) to any virtual key
GetVirtualKey: Could not map char: i (105) to any virtual key
GetVirtualKey: Could not map char: l (108) to any virtual key
GetVirtualKey: Could not map char: f (102) to any virtual key
GetVirtualKey: Could not map char: k (107) to any virtual key
GetVirtualKey: Could not map char: p (112) to any virtual key
GetVirtualKey: Could not map char: p (112) to any virtual key
GetVirtualKey: Could not map char: p (112) to any virtual key
GetVirtualKey: Could not map char: c (99) to any virtual key
GetVirtualKey: Could not map char: r (114) to any virtual key
GetVirtualKey: Could not map char: P (80) to any virtual key
GetVirtualKey: Could not map char: n (110) to any virtual key
GetVirtualKey: Could not map char: n (110) to any virtual key
GetVirtualKey: Could not map char: g (103) to any virtual key
GetVirtualKey: Could not map char: = (61) to any virtual key
GetVirtualKey: Could not map char: f (102) to any virtual key
GetVirtualKey: Could not map char: f (102) to any virtual key
GetVirtualKey: Could not map char: a (97) to any virtual key
GetVirtualKey: Could not map char: a (97) to any virtual key
GetVirtualKey: Could not map char: c (99) to any virtual key
GetVirtualKey: Could not map char: u (117) to any virtual key
GetVirtualKey: Could not map char: n (110) to any virtual key
GetVirtualKey: Could not map char: o (111) to any virtual key
GetVirtualKey: Could not map char: s (115) to any virtual key
GetVirtualKey: Could not map char: s (115) to any virtual key
GetVirtualKey: Could not map char: b (98) to any virtual key
GetVirtualKey: Could not map char: b (98) to any virtual key
GetVirtualKey: Could not map char: z (122) to any virtual key
GetVirtualKey: Could not map char: y (121) to any virtual key
GetVirtualKey: Could not map char: [ (91) to any virtual key
GetVirtualKey: Could not map char: ] (93) to any virtual key
GetVirtualKey: Could not map char: x (120) to any virtual key
GetVirtualKey: Could not map char: c (99) to any virtual key
GetVirtualKey: Could not map char: v (118) to any virtual key
GetVirtualKey: Could not map char: V (86) to any virtual key
GetVirtualKey: Could not map char: d (100) to any virtual key
GetVirtualKey: Could not map char: f (102) to any virtual key
GetVirtualKey: Could not map char: f (102) to any virtual key
GetVirtualKey: Could not map char: a (97) to any virtual key
GetVirtualKey: Could not map char: d (100) to any virtual key
GetVirtualKey: Could not map char: c (99) to any virtual key
GetVirtualKey: Could not map char: r (114) to any virtual key
GetVirtualKey: Could not map char: i (105) to any virtual key
GetVirtualKey: Could not map char: l (108) to any virtual key
GetVirtualKey: Could not map char: f (102) to any virtual key
GetVirtualKey: Could not map char: k (107) to any virtual key
GetVirtualKey: Could not map char: p (112) to any virtual key
GetVirtualKey: Could not map char: p (112) to any virtual key
GetVirtualKey: Could not map char: p (112) to any virtual key
GetVirtualKey: Could not map char: c (99) to any virtual key
GetVirtualKey: Could not map char: r (114) to any virtual key
GetVirtualKey: Could not map char: P (80) to any virtual key
GetVirtualKey: Could not map char: n (110) to any virtual key
GetVirtualKey: Could not map char: n (110) to any virtual key
GetVirtualKey: Could not map char: g (103) to any virtual key
GetVirtualKey: Could not map char: = (61) to any virtual key
GetVirtualKey: Could not map char: f (102) to any virtual key
GetVirtualKey: Could not map char: f (102) to any virtual key
GetVirtualKey: Could not map char: a (97) to any virtual key
GetVirtualKey: Could not map char: a (97) to any virtual key
GetVirtualKey: Could not map char: c (99) to any virtual key
GetVirtualKey: Could not map char: u (117) to any virtual key
GetVirtualKey: Could not map char: n (110) to any virtual key
GetVirtualKey: Could not map char: o (111) to any virtual key
GetVirtualKey: Could not map char: s (115) to any virtual key
GetVirtualKey: Could not map char: s (115) to any virtual key
GetVirtualKey: Could not map char: b (98) to any virtual key
GetVirtualKey: Could not map char: b (98) to any virtual key
Asset Pipeline Refresh (id=73513e4bf8ef9ea4d90c7f9e90778ecb): Total: 0.014 seconds - Initiated by RefreshV2(AllowForceSynchronousImport)
Asset Pipeline Refresh (id=1530e03018bec7a4db816ddbec5305d3): Total: 0.008 seconds - Initiated by RefreshV2(AllowForceSynchronousImport)
GetVirtualKey: Could not map char: z (122) to any virtual key
GetVirtualKey: Could not map char: y (121) to any virtual key
GetVirtualKey: Could not map char: [ (91) to any virtual key
GetVirtualKey: Could not map char: ] (93) to any virtual key
GetVirtualKey: Could not map char: x (120) to any virtual key
GetVirtualKey: Could not map char: c (99) to any virtual key
GetVirtualKey: Could not map char: v (118) to any virtual key
GetVirtualKey: Could not map char: V (86) to any virtual key
GetVirtualKey: Could not map char: d (100) to any virtual key
GetVirtualKey: Could not map char: f (102) to any virtual key
GetVirtualKey: Could not map char: f (102) to any virtual key
GetVirtualKey: Could not map char: a (97) to any virtual key
GetVirtualKey: Could not map char: d (100) to any virtual key
GetVirtualKey: Could not map char: c (99) to any virtual key
GetVirtualKey: Could not map char: r (114) to any virtual key
GetVirtualKey: Could not map char: i (105) to any virtual key
GetVirtualKey: Could not map char: l (108) to any virtual key
GetVirtualKey: Could not map char: f (102) to any virtual key
GetVirtualKey: Could not map char: k (107) to any virtual key
GetVirtualKey: Could not map char: p (112) to any virtual key
GetVirtualKey: Could not map char: p (112) to any virtual key
GetVirtualKey: Could not map char: p (112) to any virtual key
GetVirtualKey: Could not map char: c (99) to any virtual key
GetVirtualKey: Could not map char: r (114) to any virtual key
GetVirtualKey: Could not map char: P (80) to any virtual key
GetVirtualKey: Could not map char: n (110) to any virtual key
GetVirtualKey: Could not map char: n (110) to any virtual key
GetVirtualKey: Could not map char: g (103) to any virtual key
GetVirtualKey: Could not map char: = (61) to any virtual key
GetVirtualKey: Could not map char: f (102) to any virtual key
GetVirtualKey: Could not map char: f (102) to any virtual key
GetVirtualKey: Could not map char: a (97) to any virtual key
GetVirtualKey: Could not map char: a (97) to any virtual key
GetVirtualKey: Could not map char: c (99) to any virtual key
GetVirtualKey: Could not map char: u (117) to any virtual key
GetVirtualKey: Could not map char: n (110) to any virtual key
GetVirtualKey: Could not map char: o (111) to any virtual key
GetVirtualKey: Could not map char: s (115) to any virtual key
GetVirtualKey: Could not map char: s (115) to any virtual key
GetVirtualKey: Could not map char: b (98) to any virtual key
GetVirtualKey: Could not map char: b (98) to any virtual key
Asset Pipeline Refresh (id=9007ff423015c9f4b9daa099582f5789): Total: 0.008 seconds - Initiated by RefreshV2(AllowForceSynchronousImport)
SpriteAtlasPacking completed in 0.035216 sec
Entering Playmode with Reload Domain disabled.
If you experience any issues, please disable "Enter Play Mode Options" in Editor Settings
Loaded scene 'Temp/__Backupscenes/0.backup'
	Deserialize:            4.197 ms
	Integration:            87.641 ms
	Integration of assets:  0.104 ms
	Thread Wait Time:       0.009 ms
	Total Operation Time:   91.951 ms
Unloading 5 Unused Serialized files (Serialized files now loaded: 0)
Loaded scene 'Temp/__Backupscenes/0.backup'
	Deserialize:            1.150 ms
	Integration:            47.102 ms
	Integration of assets:  0.005 ms
	Thread Wait Time:       0.025 ms
	Total Operation Time:   48.282 ms
Unloading 20 unused Assets / (345.9 KB). Loaded Objects now: 10120.
Memory consumption went from 0.72 GB to 0.72 GB.
Total: 108.670500 ms (FindLiveObjects: 2.622100 ms CreateObjectMapping: 0.970100 ms MarkObjects: 104.425700 ms  DeleteObjects: 0.196200 ms)

[Licensing::Client] Successfully resolved entitlement details
Asset Pipeline Refresh (id=97baf72f059d82c4185075e7a741d205): Total: 0.011 seconds - Initiated by RefreshV2(AllowForceSynchronousImport)
SpriteAtlasPacking completed in 0.010022 sec
Entering Playmode with Reload Domain disabled.
If you experience any issues, please disable "Enter Play Mode Options" in Editor Settings
Loaded scene 'Temp/__Backupscenes/0.backup'
	Deserialize:            2.283 ms
	Integration:            59.316 ms
	Integration of assets:  0.096 ms
	Thread Wait Time:       0.029 ms
	Total Operation Time:   61.724 ms
Unloading 2 Unused Serialized files (Serialized files now loaded: 0)
Loaded scene 'Temp/__Backupscenes/0.backup'
	Deserialize:            1.678 ms
	Integration:            52.057 ms
	Integration of assets:  0.006 ms
	Thread Wait Time:       0.025 ms
	Total Operation Time:   53.766 ms
Unloading 0 unused Assets / (168.3 KB). Loaded Objects now: 10121.
Memory consumption went from 0.72 GB to 0.72 GB.
Total: 43.454800 ms (FindLiveObjects: 2.072200 ms CreateObjectMapping: 0.920500 ms MarkObjects: 40.042800 ms  DeleteObjects: 0.066600 ms)

Asset Pipeline Refresh (id=cc2c83437bf66f748953ca38e75509d9): Total: 0.018 seconds - Initiated by RefreshV2(AllowForceSynchronousImport)
Asset Pipeline Refresh (id=13eb73ad046698e4787e41b16ecdf465): Total: 0.006 seconds - Initiated by RefreshV2(AllowForceSynchronousImport)
GetVirtualKey: Could not map char: z (122) to any virtual key
GetVirtualKey: Could not map char: y (121) to any virtual key
GetVirtualKey: Could not map char: [ (91) to any virtual key
GetVirtualKey: Could not map char: ] (93) to any virtual key
GetVirtualKey: Could not map char: x (120) to any virtual key
GetVirtualKey: Could not map char: c (99) to any virtual key
GetVirtualKey: Could not map char: v (118) to any virtual key
GetVirtualKey: Could not map char: V (86) to any virtual key
GetVirtualKey: Could not map char: d (100) to any virtual key
GetVirtualKey: Could not map char: f (102) to any virtual key
GetVirtualKey: Could not map char: f (102) to any virtual key
GetVirtualKey: Could not map char: a (97) to any virtual key
GetVirtualKey: Could not map char: d (100) to any virtual key
GetVirtualKey: Could not map char: c (99) to any virtual key
GetVirtualKey: Could not map char: r (114) to any virtual key
GetVirtualKey: Could not map char: i (105) to any virtual key
GetVirtualKey: Could not map char: l (108) to any virtual key
GetVirtualKey: Could not map char: f (102) to any virtual key
GetVirtualKey: Could not map char: k (107) to any virtual key
GetVirtualKey: Could not map char: p (112) to any virtual key
GetVirtualKey: Could not map char: p (112) to any virtual key
GetVirtualKey: Could not map char: p (112) to any virtual key
GetVirtualKey: Could not map char: c (99) to any virtual key
GetVirtualKey: Could not map char: r (114) to any virtual key
GetVirtualKey: Could not map char: P (80) to any virtual key
GetVirtualKey: Could not map char: n (110) to any virtual key
GetVirtualKey: Could not map char: n (110) to any virtual key
GetVirtualKey: Could not map char: g (103) to any virtual key
GetVirtualKey: Could not map char: = (61) to any virtual key
GetVirtualKey: Could not map char: f (102) to any virtual key
GetVirtualKey: Could not map char: f (102) to any virtual key
GetVirtualKey: Could not map char: a (97) to any virtual key
GetVirtualKey: Could not map char: a (97) to any virtual key
GetVirtualKey: Could not map char: c (99) to any virtual key
GetVirtualKey: Could not map char: u (117) to any virtual key
GetVirtualKey: Could not map char: n (110) to any virtual key
GetVirtualKey: Could not map char: o (111) to any virtual key
GetVirtualKey: Could not map char: s (115) to any virtual key
GetVirtualKey: Could not map char: s (115) to any virtual key
GetVirtualKey: Could not map char: b (98) to any virtual key
GetVirtualKey: Could not map char: b (98) to any virtual key
GetVirtualKey: Could not map char: z (122) to any virtual key
GetVirtualKey: Could not map char: y (121) to any virtual key
GetVirtualKey: Could not map char: [ (91) to any virtual key
GetVirtualKey: Could not map char: ] (93) to any virtual key
GetVirtualKey: Could not map char: x (120) to any virtual key
GetVirtualKey: Could not map char: c (99) to any virtual key
GetVirtualKey: Could not map char: v (118) to any virtual key
GetVirtualKey: Could not map char: V (86) to any virtual key
GetVirtualKey: Could not map char: d (100) to any virtual key
GetVirtualKey: Could not map char: f (102) to any virtual key
GetVirtualKey: Could not map char: f (102) to any virtual key
GetVirtualKey: Could not map char: a (97) to any virtual key
GetVirtualKey: Could not map char: d (100) to any virtual key
GetVirtualKey: Could not map char: c (99) to any virtual key
GetVirtualKey: Could not map char: r (114) to any virtual key
GetVirtualKey: Could not map char: i (105) to any virtual key
GetVirtualKey: Could not map char: l (108) to any virtual key
GetVirtualKey: Could not map char: f (102) to any virtual key
GetVirtualKey: Could not map char: k (107) to any virtual key
GetVirtualKey: Could not map char: p (112) to any virtual key
GetVirtualKey: Could not map char: p (112) to any virtual key
GetVirtualKey: Could not map char: p (112) to any virtual key
GetVirtualKey: Could not map char: c (99) to any virtual key
GetVirtualKey: Could not map char: r (114) to any virtual key
GetVirtualKey: Could not map char: P (80) to any virtual key
GetVirtualKey: Could not map char: n (110) to any virtual key
GetVirtualKey: Could not map char: n (110) to any virtual key
GetVirtualKey: Could not map char: g (103) to any virtual key
GetVirtualKey: Could not map char: = (61) to any virtual key
GetVirtualKey: Could not map char: f (102) to any virtual key
GetVirtualKey: Could not map char: f (102) to any virtual key
GetVirtualKey: Could not map char: a (97) to any virtual key
GetVirtualKey: Could not map char: a (97) to any virtual key
GetVirtualKey: Could not map char: c (99) to any virtual key
GetVirtualKey: Could not map char: u (117) to any virtual key
GetVirtualKey: Could not map char: n (110) to any virtual key
GetVirtualKey: Could not map char: o (111) to any virtual key
GetVirtualKey: Could not map char: s (115) to any virtual key
GetVirtualKey: Could not map char: s (115) to any virtual key
GetVirtualKey: Could not map char: b (98) to any virtual key
GetVirtualKey: Could not map char: b (98) to any virtual key
GetVirtualKey: Could not map char: z (122) to any virtual key
GetVirtualKey: Could not map char: y (121) to any virtual key
GetVirtualKey: Could not map char: [ (91) to any virtual key
GetVirtualKey: Could not map char: ] (93) to any virtual key
GetVirtualKey: Could not map char: x (120) to any virtual key
GetVirtualKey: Could not map char: c (99) to any virtual key
GetVirtualKey: Could not map char: v (118) to any virtual key
GetVirtualKey: Could not map char: V (86) to any virtual key
GetVirtualKey: Could not map char: d (100) to any virtual key
GetVirtualKey: Could not map char: f (102) to any virtual key
GetVirtualKey: Could not map char: f (102) to any virtual key
GetVirtualKey: Could not map char: a (97) to any virtual key
GetVirtualKey: Could not map char: d (100) to any virtual key
GetVirtualKey: Could not map char: c (99) to any virtual key
GetVirtualKey: Could not map char: r (114) to any virtual key
GetVirtualKey: Could not map char: i (105) to any virtual key
GetVirtualKey: Could not map char: l (108) to any virtual key
GetVirtualKey: Could not map char: f (102) to any virtual key
GetVirtualKey: Could not map char: k (107) to any virtual key
GetVirtualKey: Could not map char: p (112) to any virtual key
GetVirtualKey: Could not map char: p (112) to any virtual key
GetVirtualKey: Could not map char: p (112) to any virtual key
GetVirtualKey: Could not map char: c (99) to any virtual key
GetVirtualKey: Could not map char: r (114) to any virtual key
GetVirtualKey: Could not map char: P (80) to any virtual key
GetVirtualKey: Could not map char: n (110) to any virtual key
GetVirtualKey: Could not map char: n (110) to any virtual key
GetVirtualKey: Could not map char: g (103) to any virtual key
GetVirtualKey: Could not map char: = (61) to any virtual key
GetVirtualKey: Could not map char: f (102) to any virtual key
GetVirtualKey: Could not map char: f (102) to any virtual key
GetVirtualKey: Could not map char: a (97) to any virtual key
GetVirtualKey: Could not map char: a (97) to any virtual key
GetVirtualKey: Could not map char: c (99) to any virtual key
GetVirtualKey: Could not map char: u (117) to any virtual key
GetVirtualKey: Could not map char: n (110) to any virtual key
GetVirtualKey: Could not map char: o (111) to any virtual key
GetVirtualKey: Could not map char: s (115) to any virtual key
GetVirtualKey: Could not map char: s (115) to any virtual key
GetVirtualKey: Could not map char: b (98) to any virtual key
GetVirtualKey: Could not map char: b (98) to any virtual key
GetVirtualKey: Could not map char: z (122) to any virtual key
GetVirtualKey: Could not map char: y (121) to any virtual key
GetVirtualKey: Could not map char: [ (91) to any virtual key
GetVirtualKey: Could not map char: ] (93) to any virtual key
GetVirtualKey: Could not map char: x (120) to any virtual key
GetVirtualKey: Could not map char: c (99) to any virtual key
GetVirtualKey: Could not map char: v (118) to any virtual key
GetVirtualKey: Could not map char: V (86) to any virtual key
GetVirtualKey: Could not map char: d (100) to any virtual key
GetVirtualKey: Could not map char: f (102) to any virtual key
GetVirtualKey: Could not map char: f (102) to any virtual key
GetVirtualKey: Could not map char: a (97) to any virtual key
GetVirtualKey: Could not map char: d (100) to any virtual key
GetVirtualKey: Could not map char: c (99) to any virtual key
GetVirtualKey: Could not map char: r (114) to any virtual key
GetVirtualKey: Could not map char: i (105) to any virtual key
GetVirtualKey: Could not map char: l (108) to any virtual key
GetVirtualKey: Could not map char: f (102) to any virtual key
GetVirtualKey: Could not map char: k (107) to any virtual key
GetVirtualKey: Could not map char: p (112) to any virtual key
GetVirtualKey: Could not map char: p (112) to any virtual key
GetVirtualKey: Could not map char: p (112) to any virtual key
GetVirtualKey: Could not map char: c (99) to any virtual key
GetVirtualKey: Could not map char: r (114) to any virtual key
GetVirtualKey: Could not map char: P (80) to any virtual key
GetVirtualKey: Could not map char: n (110) to any virtual key
GetVirtualKey: Could not map char: n (110) to any virtual key
GetVirtualKey: Could not map char: g (103) to any virtual key
GetVirtualKey: Could not map char: = (61) to any virtual key
GetVirtualKey: Could not map char: f (102) to any virtual key
GetVirtualKey: Could not map char: f (102) to any virtual key
GetVirtualKey: Could not map char: a (97) to any virtual key
GetVirtualKey: Could not map char: a (97) to any virtual key
GetVirtualKey: Could not map char: c (99) to any virtual key
GetVirtualKey: Could not map char: u (117) to any virtual key
GetVirtualKey: Could not map char: n (110) to any virtual key
GetVirtualKey: Could not map char: o (111) to any virtual key
GetVirtualKey: Could not map char: s (115) to any virtual key
GetVirtualKey: Could not map char: s (115) to any virtual key
GetVirtualKey: Could not map char: b (98) to any virtual key
GetVirtualKey: Could not map char: b (98) to any virtual key
[Worker0] Imported GUID: 00000000000000003000000000000000 - Path: ProjectSettings/TagManager.asset - Importer: PreviewImporter -> (ImportResultId: '8df297f6cc91651a2f214fe3f5c8ff58') in 0.1003244 seconds
Asset Pipeline Refresh (id=4bae09ed0ac957a4096b2d663f32632f): Total: 0.015 seconds - Initiated by RefreshV2(AllowForceSynchronousImport)
Asset Pipeline Refresh (id=c99ac3ea4ecbd5849a8138c2b694f359): Total: 0.006 seconds - Initiated by RefreshV2(AllowForceSynchronousImport)
Asset Pipeline Refresh (id=165fadc10fbde5840bd33a01b08346b7): Total: 0.009 seconds - Initiated by RefreshV2(AllowForceSynchronousImport)
Asset Pipeline Refresh (id=ad01ae6f71bee9c4cb1fc9d2125b6231): Total: 0.006 seconds - Initiated by RefreshV2(AllowForceSynchronousImport)
Asset Pipeline Refresh (id=87631e682637bef4695439ec45f5a256): Total: 0.007 seconds - Initiated by RefreshV2(AllowForceSynchronousImport)
Asset Pipeline Refresh (id=5b47a5e1326babb4e813b5574edb7d3c): Total: 0.007 seconds - Initiated by RefreshV2(AllowForceSynchronousImport)
Asset Pipeline Refresh (id=70961fb565a15954e9e199624bb69218): Total: 0.005 seconds - Initiated by RefreshV2(AllowForceSynchronousImport)
Starting new worker id: 2 with log in C:/Users/golfa/Flappybird/Logs/AssetImportWorkerHW2.log
[Worker0] Imported GUID: 8c9cfa26abfee488c85f1582747f6a02 - Path: Assets/Scenes/SampleScene.unity - Importer: ScriptedImporter/UnityEditor.QuickSearchModule:UnityEditor.Search:ASIAI0B -> (ImportResultId: 'ac80e2e3af9cdafe414d582019dab86c') in 1.2548129 seconds
[Worker0] Imported GUID: 4c4e34d9853a75243a72efcddbf1560a - Path: Assets/Script/GameOverManager.cs - Importer: ScriptedImporter/UnityEditor.QuickSearchModule:UnityEditor.Search:ASIAI0B -> (ImportResultId: 'bd1c4c9dc21148a3cbf6a7aac021e7ca') in 0.6294869 seconds
[Worker0] Imported GUID: 750ece9d56c51fb42bfeee931292e633 - Path: Assets/Script/BirdDeath.cs - Importer: ScriptedImporter/UnityEditor.QuickSearchModule:UnityEditor.Search:ASIAI0B -> (ImportResultId: '2a66bf04e86f1a8a7be6adc38e707441') in 0.040475 seconds
[Worker0] Imported GUID: 3f9b78ab6283007439acc3a3fc011b6f - Path: Assets/Script/ScoreManager.cs - Importer: ScriptedImporter/UnityEditor.QuickSearchModule:UnityEditor.Search:ASIAI0B -> (ImportResultId: '53239213c43aa10a88c616ef18cf4384') in 0.0414414 seconds
[Worker0] Imported GUID: 882d3f65b9f7531408f19f10bba14a19 - Path: Assets/Scenes/StartMenu.unity - Importer: ScriptedImporter/UnityEditor.QuickSearchModule:UnityEditor.Search:ASIAI0B -> (ImportResultId: '7d157423442ec546f835b9b7d8f46019') in 0.0518604 seconds
[Worker1] Imported GUID: 68d93eff07252394dafedc22ff46967e - Path: Assets/Prefab/PipePair.prefab - Importer: ScriptedImporter/UnityEditor.QuickSearchModule:UnityEditor.Search:ASIAI0B -> (ImportResultId: '51ba6f42b6a030e69df7cede6c055b26') in 3.3571585 seconds
[ScriptCompilation] Requested script compilation because: AssetDatabase observed changes in script compilation related files
[Licensing::Client] Successfully resolved entitlement details
Refreshing native plugins compatible for Editor in 3.87 ms, found 5 plugins.

Asset Pipeline Refresh (id=9914e497a33f3c243ac3c6c2343d13cc): Total: 1.187 seconds - Initiated by StopAssetImportingV2(NoUpdateAssetOptions)
	(Values over 0.05ms)
	Summary:
		Imports: total=0 (actual=0, local cache=0, cache server=0)
		Asset DB Process Time: managed=0 ms, native=352 ms
		Asset DB Callback time: managed=803 ms, native=27 ms
		Scripting: domain reloads=0, domain reload time=0 ms, compile time=4 ms, other=0 ms
		Project Asset Count: scripts=1700, non-scripts=3427
		Asset File Changes: new=1, changed=1, moved=0, deleted=0
		Scan Filter Count: 3
	ApplyChangesToAssetFolders: 0.753ms
	Scan: 66.070ms
	Collect global state as custom dependencies: 0.488ms
	OnSourceAssetsModified: 1.333ms
	CategorizeScriptCompilationAssets: 0.592ms
	ProcessAssetsWithTransientArtifactChanges: 4.002ms
	CategorizeAssets: 65.397ms
	CompileScripts: 4.022ms
	ImportOutOfDateAssets: 7.534ms (0.708ms without children)
		ReloadNativeAssets: 0.117ms
		UnloadImportedAssets: 0.418ms
		EnsureUptoDateAssetsAreRegisteredWithGuidPM: 1.961ms
		ImportSchedulerStart: 4.322ms
	PostProcessAllAssets: 802.948ms
		XRBuildSystem.XRAssetImported 14.024ms
		PostProcessCallbackCreateDeferredMaterials 0.623ms
		ShaderAssetModifiedCallback 0.508ms
		ObjectImages.AssetImported 0.471ms
		VCAutoAddAssetPostprocess 0.349ms
		VersionControlSettings.HiddenFilePostprocess 0.198ms
		AssemblyValidation.PostprocessAllAssets 0.123ms
		MonoPostProcessAllAssets: 784.477ms
			SyncVS.PostprocessSyncProject 768.670ms
			ConfigAssetsTracker.OnPostprocessAllAssets 2.393ms
			AssetPostprocessor.OnPostprocessAllAssets 1.601ms
			ShaderGraphAssetPostProcessor.OnPostprocessAllAssets 1.391ms
			AssetChangedListener.OnPostprocessAllAssets 0.695ms
			RenderPipelineGlobalSettingsPostprocessor.OnPostprocessAllAssets 0.598ms
			SpriteEditorTexturePostprocessor.OnPostprocessAllAssets 0.434ms
			BuilderAssetPostprocessor.OnPostprocessAllAssets 0.366ms
			ArtifactBrowserPostProcessor.OnPostprocessAllAssets 0.364ms
			MaterialPostprocessor.OnPostprocessAllAssets 0.305ms
			SpeedTreePostProcessor.OnPostprocessAllAssets 0.217ms
			TextAssetPostProcessor.OnPostprocessAllAssets 0.163ms
			UniversalRenderPipelineGlobalSettingsPostprocessor.OnPostprocessAllAssets 0.160ms
			RetainedModeAssetPostprocessor.OnPostprocessAllAssets 0.159ms
			ShaderReflectionAssetPostProcessor.OnPostprocessAllAssets 0.140ms
			InputActionAssetPostprocessor.OnPostprocessAllAssets 0.135ms
			AssetDatabaseCallbacks.OnPostprocessAllAssets 0.132ms
			AssetEvents.OnPostprocessAllAssets 0.124ms
			SpriteShapeAssetPostProcessor.OnPostprocessAllAssets 0.102ms
			TMPro_TexturePostProcessor.OnPostprocessAllAssets 0.092ms
			SpriteSlicePostprocessor.OnPostprocessAllAssets 0.091ms
			PostProcessor.OnPostprocessAllAssets 0.060ms
	PostAssetChangesProfiler: 26.085ms
	GatherAllCurrentPrimaryImportResultRevisions: 0.645ms
	UnloadStreamsBegin: 0.297ms
	PersistCurrentRevisions: 0.321ms
	Untracked: 206.198ms

Worker ready: AssetImportWorkerHW2 2
Starting: C:\Program Files\Unity\Hub\Editor\6000.6.2f1\Editor\Data\Tools\BuildPipeline\bee_backend.exe --ipc --defer-dag-verification --dagfile="Library/Bee/1900b0aE.dag" --continue-on-failure --profile="Library/Bee/backend1.traceevents" ScriptAssemblies
WorkingDir: C:/Users/golfa/Flappybird
ExitCode: 4 Duration: 2s533ms
Rebuilding DAG because FileSignature timestamp changed: Library/Bee/1900b0aE-inputdata.json
*** Tundra requires additional run (2.45 seconds), 0 items updated, 89 evaluated
Starting: C:\Program Files\Unity\Hub\Editor\6000.6.2f1\Editor\Data\DotNetSdk\dotnet.exe "C:\Program Files\Unity\Hub\Editor\6000.6.2f1\Editor\Data\Tools\BuildPipeline\ScriptCompilationBuildProgram.exe" "Library/Bee/1900b0aE.dag.json" "Library/Bee/1900b0aE-inputdata.json" "Library\Bee\buildprogram0.traceevents"
WorkingDir: C:/Users/golfa/Flappybird
[Worker0] Imported GUID: 355f35b992973c1488dbd623e57ca88f - Path: Assets/Script/ManuManager.cs - Importer: PreviewImporter -> (ImportResultId: '79e8b5aa1b82300c20c1d2b53da42790') in 0.1148394 seconds
[Worker1] Imported GUID: 355f35b992973c1488dbd623e57ca88f - Path: Assets/Script/ManuManager.cs - Importer: ScriptedImporter/UnityEditor.QuickSearchModule:UnityEditor.Search:ASIAI0B -> (ImportResultId: 'f832f46bc37c3e61b2d343a4b1cdafd5') in 0.258252 seconds
ExitCode: 0 Duration: 2s929ms
Starting: C:\Program Files\Unity\Hub\Editor\6000.6.2f1\Editor\Data\Tools\BuildPipeline\bee_backend.exe --ipc --defer-dag-verification --dagfile="Library/Bee/1900b0aE.dag" --continue-on-failure --dagfilejson="Library\Bee\1900b0aE.dag.json" --profile="Library/Bee/backend2.traceevents" ScriptAssemblies
WorkingDir: C:/Users/golfa/Flappybird
ExitCode: 0 Duration: 3s739ms
Finished compiling graph: 1268 nodes, 25918 flattened edges (21854 ToBuild, 202 ToUse), maximum node priority 1400
[ 668/1265  0s] WriteText Library/Bee/artifacts/1900b0aE.dag/Assembly-CSharp.rsp
[ 969/1265  0s] ILPP-Configuration Library/ilpp-configuration.nevergeneratedoutput
[1261/1265  2s] Csc Library/Bee/artifacts/1900b0aE.dag/Assembly-CSharp.dll (+2 others)
[1262/1265  0s] ILPostProcess Library/Bee/artifacts/1900b0aE.dag/post-processed/Assembly-CSharp.dll (+pdb)
Processing assembly Library/Bee/artifacts/1900b0aE.dag/Assembly-CSharp.dll, with 148 defines and 377 references

processors: Unity.Jobs.CodeGen.JobsILPostProcessor, zzzUnity.Burst.CodeGen.BurstILPostProcessor

1 processor(s) skipped this assembly

running Unity.Jobs.CodeGen.JobsILPostProcessor
[1263/1265  0s] CopyFiles Library/ScriptAssemblies/Assembly-CSharp.dll
[1264/1265  0s] CopyFiles Library/ScriptAssemblies/Assembly-CSharp.pdb
*** Tundra build success (3.70 seconds), 6 items updated, 1265 evaluated
Reloading assemblies after finishing script compilation.
Reloading assemblies after forced synchronous recompile.
Begin MonoManager ReloadAssembly
Total cache size 160401120
Total cache size after purge 160401120, took 00:00:00.6765494
Refreshing native plugins compatible for Editor in 7.41 ms, found 5 plugins.
Native extension for WindowsStandalone target not found
[MODES] ModeService[none].Initialize
[MODES] ModeService[none].LoadModes
ScheduleIndexationOnStartup MainProcess:True IndexOnStartup:True
Scripting: successfully reloaded assembly
- Finished resetting the current domain, in  6.377 seconds
Domain Reload Profiling: 12379ms
	BeginReloadAssembly (4124ms)
		ExecutionOrderSort (3ms)
		DisableScriptedObjects (469ms)
		CreateAndSetChildDomain (2552ms)
	RebuildCommonClasses (32ms)
	RebuildNativeTypeToScriptingClass (37ms)
	initialDomainReloadingComplete (298ms)
	LoadAllAssembliesAndSetupDomain (1510ms)
		LoadAssemblies (794ms)
		TypeCache.Refresh (78ms)
			TypeCache.ScanAssembly (3ms)
		AnalyzeDomain (690ms)
			BuildScriptInfoCaches (591ms)
			ResolveRequiredComponents (64ms)
	FinalizeReload (6379ms)
		SetupLoadedEditorAssemblies (0ms)
			LogAssemblyErrors (9ms)
			InitializePlatformSupportModulesInManaged (5ms)
			BeforeProcessingInitializeOnLoad (701ms)
			ProcessInitializeOnLoadAttributes (1119ms)
			ProcessInitializeOnLoadMethodAttributes (218ms)
			AfterProcessingInitializeOnLoad (10ms)
			EditorAssembliesLoaded (6ms)
		AwakeInstancesAfterBackupRestoration (2185ms)
Refreshing native plugins compatible for Editor in 5.87 ms, found 5 plugins.

Asset Pipeline Refresh (id=e5a356a3f99533b48b23d81fc54b019c): Total: 13.080 seconds - Initiated by StopAssetImportingV2(ForceSynchronousImport | ForceDomainReload)
	(Values over 0.05ms)
	Summary:
		Imports: total=0 (actual=0, local cache=0, cache server=0)
		Asset DB Process Time: managed=0 ms, native=6744 ms
		Asset DB Callback time: managed=130 ms, native=17 ms
		Scripting: domain reloads=1, domain reload time=6182 ms, compile time=5 ms, other=0 ms
		Project Asset Count: scripts=1700, non-scripts=3427
		Asset File Changes: new=0, changed=0, moved=0, deleted=0
		Scan Filter Count: 0
	InvokePackagesCallback: 4.498ms
	ApplyChangesToAssetFolders: 0.646ms
	Collect global state as custom dependencies: 9.757ms
	ProcessAssetsWithTransientArtifactChanges: 12.705ms
	CategorizeAssets: 184.697ms
	CompileScripts: 5.086ms
	ImportOutOfDateAssets: 6404.995ms (6398.659ms without children)
		CollectScriptTypesHashes: 8.994ms
		ReloadNativeAssets: 2.001ms
		UnloadImportedAssets: 0.507ms
		EnsureUptoDateAssetsAreRegisteredWithGuidPM: 2.253ms
		ImportSchedulerStart: 1.370ms
	PostProcessAllAssets: 132.464ms
		XRBuildSystem.XRAssetImported 0.955ms
		PostProcessCallbackCreateDeferredMaterials 0.282ms
		MonoPostProcessAllAssets: 130.238ms
			UniversalRenderPipelineGlobalSettingsPostprocessor.OnPostprocessAllAssets 27.341ms
			AssetChangedListener.OnPostprocessAllAssets 12.437ms
			BuilderAssetPostprocessor.OnPostprocessAllAssets 9.192ms
			AssetPostprocessor.OnPostprocessAllAssets 8.586ms
			SyncVS.PostprocessSyncProject 8.233ms
			SpriteSlicePostprocessor.OnPostprocessAllAssets 5.961ms
			WindowAssetPostprocessingWatcher.OnPostprocessAllAssets 4.337ms
			ShaderGraphAssetPostProcessor.OnPostprocessAllAssets 3.664ms
			RetainedModeAssetPostprocessor.OnPostprocessAllAssets 2.973ms
			SpeedTree9Postprocessor.OnPostprocessAllAssets 2.460ms
			EditModeScopePostprocessor.OnPostprocessAllAssets 1.641ms
			MaterialPostprocessor.OnPostprocessAllAssets 1.606ms
			ProjectSettingsPostprocessor.OnPostprocessAllAssets 1.478ms
			ShaderReflectionAssetPostProcessor.OnPostprocessAllAssets 1.423ms
			SpriteEditorTexturePostprocessor.OnPostprocessAllAssets 1.329ms
			RenderPipelineGlobalSettingsPostprocessor.OnPostprocessAllAssets 1.322ms
			SpriteShapeAssetPostProcessor.OnPostprocessAllAssets 1.094ms
			TMPro_TexturePostProcessor.OnPostprocessAllAssets 1.067ms
			ArtifactBrowserPostProcessor.OnPostprocessAllAssets 1.048ms
			UVCSAssetPostprocessor.OnPostprocessAllAssets 0.837ms
			AudioMixerPostprocessor.OnPostprocessAllAssets 0.817ms
			TextAssetPostProcessor.OnPostprocessAllAssets 0.732ms
			InputActionAssetPostprocessor.OnPostprocessAllAssets 0.674ms
			ReferencedClipsPostProcessor.OnPostprocessAllAssets 0.589ms
			AssetEvents.OnPostprocessAllAssets 0.527ms
			PostProcessor.OnPostprocessAllAssets 0.517ms
			InputActionJsonNameModifierAssetProcessor.OnPostprocessAllAssets 0.516ms
			StyleCatalogPostProcessor.OnPostprocessAllAssets 0.468ms
			SpriteLibraryAssetPostprocessor.OnPostprocessAllAssets 0.368ms
			ThemePostprocessor.OnPostprocessAllAssets 0.353ms
			TerrainToolbarOverlayPostProcessor.OnPostprocessAllAssets 0.352ms
			PSDImportPostProcessor.OnPostprocessAllAssets 0.339ms
			SpeedTreePostProcessor.OnPostprocessAllAssets 0.331ms
			SamplePostprocessor.OnPostprocessAllAssets 0.321ms
			AssetDatabaseCallbacks.OnPostprocessAllAssets 0.304ms
			ConfigAssetsTracker.OnPostprocessAllAssets 0.260ms
			AssetReloadNotifier.OnPostprocessAllAssets 0.232ms
			ScenarioDriftAssetsTracker.OnPostprocessAllAssets 0.193ms
			AudioContainerPostProcessor.OnPostprocessAllAssets 0.168ms
			PSDImporterAssetPostProcessor.OnPostprocessAllAssets 0.160ms
			AssetProcessor.OnPostprocessAllAssets 0.159ms
	PostAssetChangesProfiler: 13.345ms
	GatherAllCurrentPrimaryImportResultRevisions: 0.712ms
	PersistCurrentRevisions: 0.243ms
	GenerateScriptTypeHashes: 6.264ms
	GenerateScriptTypeSerializationHashes: 9.664ms
	Untracked: 6295.553ms

[Licensing::Client] Successfully resolved entitlement details
[Licensing::Client] Successfully resolved entitlement details
Asset Pipeline Refresh (id=bab7ba976dce60449bf53becfef9b7ac): Total: 0.037 seconds - Initiated by RefreshV2(AllowForceSynchronousImport)
The character with Unicode value \u0E0C was not found in the [LiberationSans SDF] font asset or any potential fallbacks. It was replaced by Unicode character \u25A1 in text object [LogoText].
UnityEngine.Debug:ExtractStackTraceNoAlloc (byte*,int,string)
UnityEngine.StackTraceUtility:ExtractStackTrace ()
UnityEngine.DebugLogHandler:Internal_Log (UnityEngine.LogType,UnityEngine.LogOption,string,UnityEngine.Object)
UnityEngine.DebugLogHandler:LogFormat (UnityEngine.LogType,UnityEngine.Object,string,object[])
UnityEngine.Logger:Log (UnityEngine.LogType,object,UnityEngine.Object)
UnityEngine.Debug:LogWarning (object,UnityEngine.Object)
TMPro.TextMeshProUGUI:SetArraySizes (TMPro.TMP_Text/TextProcessingElement[]) (at ./Library/PackageCache/com.unity.ugui@0f30cee369f3/Runtime/TMP/TextMeshProUGUI.cs:1980)
TMPro.TMP_Text:ParseInputText () (at ./Library/PackageCache/com.unity.ugui@0f30cee369f3/Runtime/TMP/TMP_Text.cs:2157)
TMPro.TextMeshProUGUI:OnPreRenderCanvas () (at ./Library/PackageCache/com.unity.ugui@0f30cee369f3/Runtime/TMP/TextMeshProUGUI.cs:2465)
TMPro.TextMeshProUGUI:Rebuild (UnityEngine.UI.CanvasUpdate) (at ./Library/PackageCache/com.unity.ugui@0f30cee369f3/Runtime/TMP/TextMeshProUGUI.cs:226)
UnityEngine.UI.CanvasUpdateRegistry:PerformUpdate () (at ./Library/PackageCache/com.unity.ugui@0f30cee369f3/Runtime/UGUI/UI/Core/CanvasUpdateRegistry.cs:226)
UnityEngine.Canvas:SendWillRenderCanvases ()

(Filename: ./Library/PackageCache/com.unity.ugui@0f30cee369f3/Runtime/TMP/TextMeshProUGUI.cs Line: 1980)

The character with Unicode value \u0E0C was not found in the [LiberationSans SDF] font asset or any potential fallbacks. It was replaced by Unicode character \u25A1 in text object [LogoText].
UnityEngine.Debug:ExtractStackTraceNoAlloc (byte*,int,string)
UnityEngine.StackTraceUtility:ExtractStackTrace ()
UnityEngine.DebugLogHandler:Internal_Log (UnityEngine.LogType,UnityEngine.LogOption,string,UnityEngine.Object)
UnityEngine.DebugLogHandler:LogFormat (UnityEngine.LogType,UnityEngine.Object,string,object[])
UnityEngine.Logger:Log (UnityEngine.LogType,object,UnityEngine.Object)
UnityEngine.Debug:LogWarning (object,UnityEngine.Object)
TMPro.TextMeshProUGUI:SetArraySizes (TMPro.TMP_Text/TextProcessingElement[]) (at ./Library/PackageCache/com.unity.ugui@0f30cee369f3/Runtime/TMP/TextMeshProUGUI.cs:1980)
TMPro.TMP_Text:ParseInputText () (at ./Library/PackageCache/com.unity.ugui@0f30cee369f3/Runtime/TMP/TMP_Text.cs:2157)
TMPro.TMP_Text:GetPreferredWidth () (at ./Library/PackageCache/com.unity.ugui@0f30cee369f3/Runtime/TMP/TMP_Text.cs:3949)
TMPro.TMP_Text:get_preferredWidth () (at ./Library/PackageCache/com.unity.ugui@0f30cee369f3/Runtime/TMP/TMP_Text.cs:1553)
UnityEditor.Events.LayoutPropertiesPreview/<>c:<OnPreviewGUI>b__8_4 (UnityEngine.UI.ILayoutElement) (at ./Library/PackageCache/com.unity.ugui@0f30cee369f3/Editor/UGUI/UI/LayoutPropertiesPreview.cs:101)
UnityEngine.UI.LayoutUtility:GetLayoutProperty (UnityEngine.RectTransform,System.Func`2<UnityEngine.UI.ILayoutElement, single>,System.Func`3<single, single, bool>,single,UnityEngine.UI.ILayoutElement&) (at ./Library/PackageCache/com.unity.ugui@0f30cee369f3/Runtime/UGUI/UI/Core/Layout/LayoutUtility.cs:230)
UnityEngine.UI.LayoutUtility:GetLayoutProperty (UnityEngine.RectTransform,System.Func`2<UnityEngine.UI.ILayoutElement, single>,single,UnityEngine.UI.ILayoutElement&) (at ./Library/PackageCache/com.unity.ugui@0f30cee369f3/Runtime/UGUI/UI/Core/Layout/LayoutUtility.cs:196)
UnityEditor.Events.LayoutPropertiesPreview:OnPreviewGUI (UnityEngine.Rect,UnityEngine.GUIStyle) (at ./Library/PackageCache/com.unity.ugui@0f30cee369f3/Editor/UGUI/UI/LayoutPropertiesPreview.cs:101)
UnityEditor.ObjectPreview:OnInteractivePreviewGUI (UnityEngine.Rect,UnityEngine.GUIStyle)
UnityEditor.ObjectPreview:DrawPreview (UnityEditor.IPreviewable,UnityEngine.Rect,UnityEngine.Object[])
UnityEditor.ObjectPreview:DrawPreview (UnityEngine.Rect)
UnityEditor.PropertyEditor:DrawPreview (UnityEditor.IPreviewable)
UnityEditor.PropertyEditor:DrawPreviewAndLabels ()
UnityEngine.UIElements.IMGUIContainer:DoOnGUI (UnityEngine.Event,UnityEngine.Matrix4x4,UnityEngine.Rect,bool,UnityEngine.Rect,System.Action,bool)
UnityEngine.UIElements.IMGUIContainer:HandleIMGUIEvent (UnityEngine.Event,UnityEngine.Matrix4x4,UnityEngine.Rect,System.Action,bool)
UnityEngine.UIElements.IMGUIContainer:DoIMGUIRepaint ()
UnityEngine.UIElements.UIR.RenderChainCommand:ExecuteNonDrawMesh (UnityEngine.UIElements.UIR.DrawParams,System.Exception&)
UnityEngine.UIElements.UIR.UIRenderDevice:EvaluateChain (UnityEngine.UIElements.UIR.RenderChainCommand,UnityEngine.Material,UnityEngine.Texture,UnityEngine.UIElements.UIR.ShaderInfoAllocator,System.Nullable`1<UnityEngine.Rect>,UnityEngine.Rect,single,bool,UnityEngine.UIElements.TextureSlotCount,bool,System.Exception&,UnityEngine.UIElements.BaseVisualElementPanel)
UnityEngine.UIElements.UIR.RenderTreeManager:RenderSingleTree (UnityEngine.UIElements.UIR.RenderTree,UnityEngine.RenderTexture,UnityEngine.RectInt,UnityEngine.Rect)
UnityEngine.UIElements.UIR.RenderTreeManager:RenderRootTree ()
UnityEngine.UIElements.UIRRepaintUpdater:Render ()
UnityEngine.UIElements.BaseVisualElementPanel:Render ()
UnityEngine.UIElements.Panel:Render ()
UnityEditor.UIElements.EditorEventDispatchUtility:DoDispatch (UnityEngine.UIElements.BaseVisualElementPanel,UnityEngine.Event)
UnityEditor.UIElements.DefaultWindowBackend:ProcessEvent (UnityEngine.Event)
UnityEditor.GUIView:ProcessEvent (UnityEngine.EntityId,intptr,bool&)

(Filename: ./Library/PackageCache/com.unity.ugui@0f30cee369f3/Runtime/TMP/TextMeshProUGUI.cs Line: 1980)

The character with Unicode value \u0E0C was not found in the [LiberationSans SDF] font asset or any potential fallbacks. It was replaced by Unicode character \u25A1 in text object [LogoText].
UnityEngine.Debug:ExtractStackTraceNoAlloc (byte*,int,string)
UnityEngine.StackTraceUtility:ExtractStackTrace ()
UnityEngine.DebugLogHandler:Internal_Log (UnityEngine.LogType,UnityEngine.LogOption,string,UnityEngine.Object)
UnityEngine.DebugLogHandler:LogFormat (UnityEngine.LogType,UnityEngine.Object,string,object[])
UnityEngine.Logger:Log (UnityEngine.LogType,object,UnityEngine.Object)
UnityEngine.Debug:LogWarning (object,UnityEngine.Object)
TMPro.TextMeshProUGUI:SetArraySizes (TMPro.TMP_Text/TextProcessingElement[]) (at ./Library/PackageCache/com.unity.ugui@0f30cee369f3/Runtime/TMP/TextMeshProUGUI.cs:1980)
TMPro.TMP_Text:ParseInputText () (at ./Library/PackageCache/com.unity.ugui@0f30cee369f3/Runtime/TMP/TMP_Text.cs:2157)
TMPro.TMP_Text:GetPreferredHeight () (at ./Library/PackageCache/com.unity.ugui@0f30cee369f3/Runtime/TMP/TMP_Text.cs:4022)
TMPro.TMP_Text:get_preferredHeight () (at ./Library/PackageCache/com.unity.ugui@0f30cee369f3/Runtime/TMP/TMP_Text.cs:1561)
UnityEditor.Events.LayoutPropertiesPreview/<>c:<OnPreviewGUI>b__8_5 (UnityEngine.UI.ILayoutElement) (at ./Library/PackageCache/com.unity.ugui@0f30cee369f3/Editor/UGUI/UI/LayoutPropertiesPreview.cs:102)
UnityEngine.UI.LayoutUtility:GetLayoutProperty (UnityEngine.RectTransform,System.Func`2<UnityEngine.UI.ILayoutElement, single>,System.Func`3<single, single, bool>,single,UnityEngine.UI.ILayoutElement&) (at ./Library/PackageCache/com.unity.ugui@0f30cee369f3/Runtime/UGUI/UI/Core/Layout/LayoutUtility.cs:230)
UnityEngine.UI.LayoutUtility:GetLayoutProperty (UnityEngine.RectTransform,System.Func`2<UnityEngine.UI.ILayoutElement, single>,single,UnityEngine.UI.ILayoutElement&) (at ./Library/PackageCache/com.unity.ugui@0f30cee369f3/Runtime/UGUI/UI/Core/Layout/LayoutUtility.cs:196)
UnityEditor.Events.LayoutPropertiesPreview:OnPreviewGUI (UnityEngine.Rect,UnityEngine.GUIStyle) (at ./Library/PackageCache/com.unity.ugui@0f30cee369f3/Editor/UGUI/UI/LayoutPropertiesPreview.cs:102)
UnityEditor.ObjectPreview:OnInteractivePreviewGUI (UnityEngine.Rect,UnityEngine.GUIStyle)
UnityEditor.ObjectPreview:DrawPreview (UnityEditor.IPreviewable,UnityEngine.Rect,UnityEngine.Object[])
UnityEditor.ObjectPreview:DrawPreview (UnityEngine.Rect)
UnityEditor.PropertyEditor:DrawPreview (UnityEditor.IPreviewable)
UnityEditor.PropertyEditor:DrawPreviewAndLabels ()
UnityEngine.UIElements.IMGUIContainer:DoOnGUI (UnityEngine.Event,UnityEngine.Matrix4x4,UnityEngine.Rect,bool,UnityEngine.Rect,System.Action,bool)
UnityEngine.UIElements.IMGUIContainer:HandleIMGUIEvent (UnityEngine.Event,UnityEngine.Matrix4x4,UnityEngine.Rect,System.Action,bool)
UnityEngine.UIElements.IMGUIContainer:DoIMGUIRepaint ()
UnityEngine.UIElements.UIR.RenderChainCommand:ExecuteNonDrawMesh (UnityEngine.UIElements.UIR.DrawParams,System.Exception&)
UnityEngine.UIElements.UIR.UIRenderDevice:EvaluateChain (UnityEngine.UIElements.UIR.RenderChainCommand,UnityEngine.Material,UnityEngine.Texture,UnityEngine.UIElements.UIR.ShaderInfoAllocator,System.Nullable`1<UnityEngine.Rect>,UnityEngine.Rect,single,bool,UnityEngine.UIElements.TextureSlotCount,bool,System.Exception&,UnityEngine.UIElements.BaseVisualElementPanel)
UnityEngine.UIElements.UIR.RenderTreeManager:RenderSingleTree (UnityEngine.UIElements.UIR.RenderTree,UnityEngine.RenderTexture,UnityEngine.RectInt,UnityEngine.Rect)
UnityEngine.UIElements.UIR.RenderTreeManager:RenderRootTree ()
UnityEngine.UIElements.UIRRepaintUpdater:Render ()
UnityEngine.UIElements.BaseVisualElementPanel:Render ()
UnityEngine.UIElements.Panel:Render ()
UnityEditor.UIElements.EditorEventDispatchUtility:DoDispatch (UnityEngine.UIElements.BaseVisualElementPanel,UnityEngine.Event)
UnityEditor.UIElements.DefaultWindowBackend:ProcessEvent (UnityEngine.Event)
UnityEditor.GUIView:ProcessEvent (UnityEngine.EntityId,intptr,bool&)

(Filename: ./Library/PackageCache/com.unity.ugui@0f30cee369f3/Runtime/TMP/TextMeshProUGUI.cs Line: 1980)

[Worker0] Imported GUID: 7bc9233f7597b8941812c6e6a9760fda - Path: Assets/Flappy Bird Assets/Tiles/Style 5 - Importer: PreviewImporter -> (ImportResultId: 'f6533673e12faa8a53ffbd2ad69a3e42') in 0.8850501 seconds
[Worker0] Imported GUID: 07c5dbd942bb41a4bb9d28e844feecc9 - Path: Assets/Flappy Bird Assets/Tiles/Style 4/TileStyle4.png - Importer: PreviewImporter -> (ImportResultId: '8fbc33797b08d64161984b1a2b9c9936') in 1.562067 seconds
[Worker1] Imported GUID: a32ee50658411854aa318679858def04 - Path: Assets/Flappy Bird Assets/Tiles/Style 4/SimpleStyle4.png - Importer: PreviewImporter -> (ImportResultId: '5211a1340520a2ea06396e5b7066bcf5') in 2.450436 seconds
[Worker0] Imported GUID: bc898a58ef3b0294f8987164355ae79f - Path: Assets/Flappy Bird Assets/Tiles/Style 3/SimpleStyle3.png - Importer: PreviewImporter -> (ImportResultId: 'c6d74c9f62aec1bfad8a163ce1dfe0fa') in 0.1025119 seconds
[Worker0] Imported GUID: f0525b79cbf2e374292f7e376f9e7b06 - Path: Assets/Flappy Bird Assets/Tiles/Style 1/SimpleStyle1_0.asset - Importer: PreviewImporter -> (ImportResultId: '5340ccf2f3805c08368d619ce2dbe0b3') in 0.4042959 seconds
[Worker0] Imported GUID: 286d56d48c96f6b48af4656135ccf3f9 - Path: Assets/Flappy Bird Assets/Tiles/Style 1/New Tile Palette.prefab - Importer: PreviewImporter -> (ImportResultId: '15015b531bd5551eeb486d6032559a28') in 1.6196251 seconds
[Worker1] Imported GUID: e05fa050d581fac42a12f8c3a0831266 - Path: Assets/Flappy Bird Assets/Tiles/Style 1/SimpleStyle1.png - Importer: PreviewImporter -> (ImportResultId: 'c0156c1df624eb1b1b77a366974fd6f2') in 2.2468179 seconds
Importing 'GUID: 0a2ce9715aaab5e43b551b1c907c29c6 - Path: Assets/Flappy Bird Assets/Tiles/Style 1/PipeStyle1.png' with importer (TextureImporter)
Imported 'GUID: 0a2ce9715aaab5e43b551b1c907c29c6' -> (Import Result ID: 'a5f1975c0034542999873d6975007eea') in 0.072 seconds [static and dynamic dependencies]. Details - ImportResultOutputID=62d4ee83458f0d8e892fa3adfed85fec DependenciesID=8885a81984f8dd9bcbde18c7e67c0d6c StaticDependenciesID=eddb9e2c207f8555edfc1d13014a3322 
Refreshing native plugins compatible for Editor in 10.55 ms, found 5 plugins.
Asset Pipeline Refresh (id=214ec78bcdd44f443a1b1dddcc967883): Total: 0.245 seconds - Initiated by StopAssetImportingV2(NoUpdateAssetOptions)
[Worker0] Imported GUID: 0a2ce9715aaab5e43b551b1c907c29c6 - Path: Assets/Flappy Bird Assets/Tiles/Style 1/PipeStyle1.png - Importer: PreviewImporter -> (ImportResultId: 'ff56804413f466144be4006e613f1845') in 0.3663187 seconds
[Worker1] Imported GUID: 0a2ce9715aaab5e43b551b1c907c29c6 - Path: Assets/Flappy Bird Assets/Tiles/Style 1/PipeStyle1.png - Importer: ScriptedImporter/UnityEditor.QuickSearchModule:UnityEditor.Search:ASIAI0B -> (ImportResultId: 'fd0e8448f963cbf37512d3f03767a1dc') in 0.7134163 seconds
Asset Pipeline Refresh (id=d2b8d5bf99543734cb3e9760d156d9bf): Total: 0.008 seconds - Initiated by StopAssetImportingV2(NoUpdateAssetOptions)
Importing 'GUID: 0a2ce9715aaab5e43b551b1c907c29c6 - Path: Assets/Flappy Bird Assets/Tiles/Style 1/PipeStyle1.png' with importer (TextureImporter)
Imported 'GUID: 0a2ce9715aaab5e43b551b1c907c29c6' -> (Import Result ID: '3742d593b0baf5fbcf23cada32fc22fd') in 0.008 seconds [static and dynamic dependencies]. Details - ImportResultOutputID=3428f201df58e535533b6981450dddd2 DependenciesID=007501d289ccc83707f04dc45b8c9df9 StaticDependenciesID=7e05449b886066905cec055fdf27db9b 
Refreshing native plugins compatible for Editor in 7.15 ms, found 5 plugins.
Asset Pipeline Refresh (id=85aeb9ba8767cd8418f53ac1fcf6ece6): Total: 0.118 seconds - Initiated by StopAssetImportingV2(NoUpdateAssetOptions)
[Worker0] Imported GUID: 0a2ce9715aaab5e43b551b1c907c29c6 - Path: Assets/Flappy Bird Assets/Tiles/Style 1/PipeStyle1.png - Importer: PreviewImporter -> (ImportResultId: '641c6c596b5b60d481ebf57fd4c6d765') in 0.1574437 seconds
[Worker0] Imported GUID: 0a2ce9715aaab5e43b551b1c907c29c6 - Path: Assets/Flappy Bird Assets/Tiles/Style 1/PipeStyle1.png - Importer: ScriptedImporter/UnityEditor.QuickSearchModule:UnityEditor.Search:ASIAI0B -> (ImportResultId: '35836cfabc70071f385824ac5d2b07af') in 0.6566983 seconds
GUILayout: Mismatched LayoutGroup.Ignore
Importing 'GUID: 0a2ce9715aaab5e43b551b1c907c29c6 - Path: Assets/Flappy Bird Assets/Tiles/Style 1/PipeStyle1.png' with importer (TextureImporter)
Imported 'GUID: 0a2ce9715aaab5e43b551b1c907c29c6' -> (Import Result ID: 'b8b71a6d2c1fe3f5eac80ee1f77cf681') in 0.007 seconds [static and dynamic dependencies]. Details - ImportResultOutputID=b0f7e9849f86b722c186c01b25ec3e2e DependenciesID=bcace4986fc8d4115563741d30ca5066 StaticDependenciesID=af0e6bb7565a5939767ebe8cc166a164 
Refreshing native plugins compatible for Editor in 12.58 ms, found 5 plugins.
Asset Pipeline Refresh (id=b60ee9ebda6d7724cb8037f65c7135c9): Total: 0.135 seconds - Initiated by StopAssetImportingV2(NoUpdateAssetOptions)
[Worker0] Imported GUID: 0a2ce9715aaab5e43b551b1c907c29c6 - Path: Assets/Flappy Bird Assets/Tiles/Style 1/PipeStyle1.png - Importer: ScriptedImporter/UnityEditor.QuickSearchModule:UnityEditor.Search:ASIAI0B -> (ImportResultId: '4d04eba8e1e9f8157121409a95a0b466') in 0.3249814 seconds
[Worker0] Imported GUID: 0a2ce9715aaab5e43b551b1c907c29c6 - Path: Assets/Flappy Bird Assets/Tiles/Style 1/PipeStyle1.png - Importer: PreviewImporter -> (ImportResultId: 'afb1fdac32bb9ef1725ddc01d7ea10b0') in 0.1821642 seconds
[Worker0] Imported GUID: 355f35b992973c1488dbd623e57ca88f - Path: Assets/Script/ManuManager.cs - Importer: PreviewImporter -> (ImportResultId: '52be9eee08f9e5c319598d18423912ab') in 0.033994 seconds
[Worker0] Imported GUID: 82b1e99d17c6aa842b8e1d57697cc51c - Path: Assets/Script/PipeSpawner.cs - Importer: PreviewImporter -> (ImportResultId: '38286bfb44aca94e4346db00cf6e9f14') in 0.0337929 seconds
[ScriptCompilation] Requested script compilation because: AssetDatabase observed changes in script compilation related files
[Licensing::Client] Successfully resolved entitlement details
Refreshing native plugins compatible for Editor in 9.97 ms, found 5 plugins.

Asset Pipeline Refresh (id=89b29f3b53d092a40b44dfb2d9df82e1): Total: 1.023 seconds - Initiated by StopAssetImportingV2(NoUpdateAssetOptions)
	(Values over 0.05ms)
	Summary:
		Imports: total=0 (actual=0, local cache=0, cache server=0)
		Asset DB Process Time: managed=0 ms, native=345 ms
		Asset DB Callback time: managed=648 ms, native=25 ms
		Scripting: domain reloads=0, domain reload time=0 ms, compile time=2 ms, other=0 ms
		Project Asset Count: scripts=1700, non-scripts=3427
		Asset File Changes: new=0, changed=0, moved=0, deleted=1
		Scan Filter Count: 3
	ApplyChangesToAssetFolders: 0.148ms
	Scan: 20.239ms
	Collect global state as custom dependencies: 0.896ms
	OnSourceAssetsModified: 0.187ms
	ProcessAssetsWithTransientArtifactChanges: 1.185ms
	CategorizeAssets: 33.660ms
	CompileScripts: 2.177ms
	ImportOutOfDateAssets: 3.164ms (0.492ms without children)
		ReloadNativeAssets: 0.202ms
		UnloadImportedAssets: 0.316ms
		EnsureUptoDateAssetsAreRegisteredWithGuidPM: 1.240ms
		ImportSchedulerStart: 0.905ms
	PostProcessAllAssets: 624.511ms
		XRBuildSystem.XRAssetImported 1.756ms
		SpriteAtlasDatabase.OnAssetPostprocessCallback 0.228ms
		MonoPostProcessAllAssets: 621.631ms
			SyncVS.PostprocessSyncProject 613.749ms
			ShaderGraphAssetPostProcessor.OnPostprocessAllAssets 2.862ms
			AssetChangedListener.OnPostprocessAllAssets 1.700ms
			ConfigAssetsTracker.OnPostprocessAllAssets 1.030ms
			RetainedModeAssetPostprocessor.OnPostprocessAllAssets 0.528ms
			RenderPipelineGlobalSettingsPostprocessor.OnPostprocessAllAssets 0.332ms
			StyleCatalogPostProcessor.OnPostprocessAllAssets 0.292ms
			AssetPostprocessor.OnPostprocessAllAssets 0.216ms
			SpriteEditorTexturePostprocessor.OnPostprocessAllAssets 0.177ms
	PostAssetChangesProfiler: 49.777ms
	GatherAllCurrentPrimaryImportResultRevisions: 1.635ms
	PersistCurrentRevisions: 0.283ms
	Untracked: 284.681ms

Starting: C:\Program Files\Unity\Hub\Editor\6000.6.2f1\Editor\Data\Tools\BuildPipeline\bee_backend.exe --ipc --defer-dag-verification --dagfile="Library/Bee/1900b0aE.dag" --continue-on-failure --profile="Library/Bee/backend1.traceevents" ScriptAssemblies
WorkingDir: C:/Users/golfa/Flappybird
ExitCode: 4 Duration: 1s690ms
[ 969/1265  0s] ILPP-Configuration Library/ilpp-configuration.nevergeneratedoutput
Rebuilding DAG because FileSignature timestamp changed: Library/Bee/1900b0aE-inputdata.json
*** Tundra requires additional run (1.63 seconds), 2 items updated, 1018 evaluated
Starting: C:\Program Files\Unity\Hub\Editor\6000.6.2f1\Editor\Data\DotNetSdk\dotnet.exe "C:\Program Files\Unity\Hub\Editor\6000.6.2f1\Editor\Data\Tools\BuildPipeline\ScriptCompilationBuildProgram.exe" "Library/Bee/1900b0aE.dag.json" "Library/Bee/1900b0aE-inputdata.json" "Library\Bee\buildprogram0.traceevents"
WorkingDir: C:/Users/golfa/Flappybird
ExitCode: 0 Duration: 2s554ms
Starting: C:\Program Files\Unity\Hub\Editor\6000.6.2f1\Editor\Data\Tools\BuildPipeline\bee_backend.exe --ipc --defer-dag-verification --dagfile="Library/Bee/1900b0aE.dag" --continue-on-failure --dagfilejson="Library\Bee\1900b0aE.dag.json" --profile="Library/Bee/backend2.traceevents" ScriptAssemblies
WorkingDir: C:/Users/golfa/Flappybird
ExitCode: 0 Duration: 2s930ms
Finished compiling graph: 1268 nodes, 25918 flattened edges (21854 ToBuild, 202 ToUse), maximum node priority 1400
[ 672/1265  0s] WriteText Library/Bee/artifacts/1900b0aE.dag/Assembly-CSharp.rsp
[ 969/1265  0s] ILPP-Configuration Library/ilpp-configuration.nevergeneratedoutput
[1261/1265  1s] Csc Library/Bee/artifacts/1900b0aE.dag/Assembly-CSharp.dll (+2 others)
[1262/1265  0s] ILPostProcess Library/Bee/artifacts/1900b0aE.dag/post-processed/Assembly-CSharp.dll (+pdb)
Processing assembly Library/Bee/artifacts/1900b0aE.dag/Assembly-CSharp.dll, with 148 defines and 377 references

processors: Unity.Jobs.CodeGen.JobsILPostProcessor, zzzUnity.Burst.CodeGen.BurstILPostProcessor

1 processor(s) skipped this assembly

running Unity.Jobs.CodeGen.JobsILPostProcessor
[1263/1265  0s] CopyFiles Library/ScriptAssemblies/Assembly-CSharp.pdb
[1264/1265  0s] CopyFiles Library/ScriptAssemblies/Assembly-CSharp.dll
*** Tundra build success (2.88 seconds), 6 items updated, 1265 evaluated
Reloading assemblies after forced synchronous recompile.
Begin MonoManager ReloadAssembly
Total cache size 160401120
Total cache size after purge 160401120, took 00:00:00.5199442
Refreshing native plugins compatible for Editor in 6.88 ms, found 5 plugins.
Native extension for WindowsStandalone target not found
[MODES] ModeService[none].Initialize
[MODES] ModeService[none].LoadModes
ScheduleIndexationOnStartup MainProcess:True IndexOnStartup:True
Scripting: successfully reloaded assembly
- Finished resetting the current domain, in  5.548 seconds
Domain Reload Profiling: 10206ms
	BeginReloadAssembly (2861ms)
		DisableScriptedObjects (437ms)
		CreateAndSetChildDomain (1552ms)
	RebuildCommonClasses (41ms)
	RebuildNativeTypeToScriptingClass (39ms)
	initialDomainReloadingComplete (285ms)
	LoadAllAssembliesAndSetupDomain (1428ms)
		LoadAssemblies (706ms)
		TypeCache.Refresh (66ms)
		AnalyzeDomain (651ms)
			BuildScriptInfoCaches (563ms)
			ResolveRequiredComponents (65ms)
	FinalizeReload (5551ms)
		SetupLoadedEditorAssemblies (0ms)
			LogAssemblyErrors (9ms)
			InitializePlatformSupportModulesInManaged (5ms)
			BeforeProcessingInitializeOnLoad (851ms)
			ProcessInitializeOnLoadAttributes (1049ms)
			ProcessInitializeOnLoadMethodAttributes (215ms)
			AfterProcessingInitializeOnLoad (15ms)
			EditorAssembliesLoaded (7ms)
		AwakeInstancesAfterBackupRestoration (2122ms)

Asset Pipeline Refresh (id=0291081c5c11cfb40892681381f7cfa4): Total: 17.520 seconds - Initiated by RefreshV2(ForceSynchronousImport)
	(Values over 0.05ms)
	Summary:
		Imports: total=0 (actual=0, local cache=0, cache server=0)
		Asset DB Process Time: managed=0 ms, native=5930 ms
		Asset DB Callback time: managed=90 ms, native=2 ms
		Scripting: domain reloads=1, domain reload time=4890 ms, compile time=6606 ms, other=0 ms
		Project Asset Count: scripts=1700, non-scripts=3427
		Asset File Changes: new=0, changed=0, moved=0, deleted=0
		Scan Filter Count: 0
	InvokePackagesCallback: 5.783ms
	ApplyChangesToAssetFolders: 0.506ms
	Scan: 18.228ms
	Collect global state as custom dependencies: 8.595ms
	ProcessAssetsWithTransientArtifactChanges: 18.247ms
	CategorizeAssets: 180.708ms
	CompileScripts: 6605.778ms
	ImportOutOfDateAssets: 5573.285ms (5567.414ms without children)
		CollectScriptTypesHashes: 9.196ms
		ReloadNativeAssets: 2.132ms
		UnloadImportedAssets: 0.146ms
		EnsureUptoDateAssetsAreRegisteredWithGuidPM: 2.369ms
		ImportSchedulerStart: 1.132ms
	PostProcessAllAssets: 90.076ms
		MonoPostProcessAllAssets: 90.063ms
			UniversalRenderPipelineGlobalSettingsPostprocessor.OnPostprocessAllAssets 43.460ms
			SyncVS.PostprocessSyncProject 9.038ms
			WindowAssetPostprocessingWatcher.OnPostprocessAllAssets 4.375ms
			SpeedTree9Postprocessor.OnPostprocessAllAssets 4.168ms
			ShaderGraphAssetPostProcessor.OnPostprocessAllAssets 2.862ms
			EditModeScopePostprocessor.OnPostprocessAllAssets 2.181ms
			AssetChangedListener.OnPostprocessAllAssets 1.700ms
			RenderPipelineGlobalSettingsPostprocessor.OnPostprocessAllAssets 1.549ms
			ProjectSettingsPostprocessor.OnPostprocessAllAssets 1.447ms
			ShaderReflectionAssetPostProcessor.OnPostprocessAllAssets 1.076ms
			ConfigAssetsTracker.OnPostprocessAllAssets 1.030ms
			InputActionAssetPostprocessor.OnPostprocessAllAssets 0.594ms
			RetainedModeAssetPostprocessor.OnPostprocessAllAssets 0.528ms
			ReferencedClipsPostProcessor.OnPostprocessAllAssets 0.443ms
			TerrainToolbarOverlayPostProcessor.OnPostprocessAllAssets 0.355ms
			StyleCatalogPostProcessor.OnPostprocessAllAssets 0.292ms
			AssetDatabaseCallbacks.OnPostprocessAllAssets 0.286ms
			AssetPostprocessor.OnPostprocessAllAssets 0.216ms
			SpriteEditorTexturePostprocessor.OnPostprocessAllAssets 0.177ms
	GatherAllCurrentPrimaryImportResultRevisions: 1.617ms
	PersistCurrentRevisions: 0.271ms
	GenerateScriptTypeHashes: 6.586ms
	GenerateScriptTypeSerializationHashes: 10.657ms
	Untracked: 4997.993ms

[Licensing::Client] Successfully resolved entitlement details
[Licensing::Client] Successfully resolved entitlement details
Asset Pipeline Refresh (id=f20f8952825fd2742848475dce041d59): Total: 0.008 seconds - Initiated by RefreshV2(AllowForceSynchronousImport)
[ScriptCompilation] Requested script compilation because: AssetDatabase observed changes in script compilation related files
Refreshing native plugins compatible for Editor in 4.88 ms, found 5 plugins.

Asset Pipeline Refresh (id=771635271a36b074e81ff8c35052b70e): Total: 0.805 seconds - Initiated by StopAssetImportingV2(NoUpdateAssetOptions)
	(Values over 0.05ms)
	Summary:
		Imports: total=0 (actual=0, local cache=0, cache server=0)
		Asset DB Process Time: managed=0 ms, native=204 ms
		Asset DB Callback time: managed=580 ms, native=19 ms
		Scripting: domain reloads=0, domain reload time=0 ms, compile time=2 ms, other=0 ms
		Project Asset Count: scripts=1700, non-scripts=3427
		Asset File Changes: new=1, changed=1, moved=0, deleted=0
		Scan Filter Count: 3
	ApplyChangesToAssetFolders: 0.170ms
	Scan: 62.977ms
	Collect global state as custom dependencies: 0.631ms
	OnSourceAssetsModified: 2.146ms
	CategorizeScriptCompilationAssets: 0.074ms
	ProcessAssetsWithTransientArtifactChanges: 1.437ms
	CategorizeAssets: 37.828ms
	CompileScripts: 1.723ms
	ImportOutOfDateAssets: 4.165ms (0.433ms without children)
		ReloadNativeAssets: 0.214ms
		UnloadImportedAssets: 0.265ms
		EnsureUptoDateAssetsAreRegisteredWithGuidPM: 1.309ms
		ImportSchedulerStart: 1.933ms
	PostProcessAllAssets: 573.662ms
		XRBuildSystem.XRAssetImported 0.964ms
		PostProcessCallbackCreateDeferredMaterials 0.640ms
		ShaderAssetModifiedCallback 0.384ms
		AssemblyValidation.PostprocessAllAssets 0.245ms
		WindowTitlePostprocess 0.235ms
		VersionControlSettings.HiddenFilePostprocess 0.234ms
		SpriteAtlasDatabase.OnAssetPostprocessCallback 0.145ms
		VCAutoAddAssetPostprocess 0.131ms
		RaytracingShaderImportPostprocess 0.125ms
		MonoPostProcessAllAssets: 567.463ms
			SyncVS.PostprocessSyncProject 506.410ms
			BuilderAssetPostprocessor.OnPostprocessAllAssets 22.675ms
			AssetPostprocessor.OnPostprocessAllAssets 8.950ms
			SpriteSlicePostprocessor.OnPostprocessAllAssets 5.160ms
			ShaderGraphAssetPostProcessor.OnPostprocessAllAssets 3.691ms
			RetainedModeAssetPostprocessor.OnPostprocessAllAssets 2.014ms
			SpriteEditorTexturePostprocessor.OnPostprocessAllAssets 1.547ms
			ConfigAssetsTracker.OnPostprocessAllAssets 1.312ms
			TMPro_TexturePostProcessor.OnPostprocessAllAssets 1.177ms
			ArtifactBrowserPostProcessor.OnPostprocessAllAssets 1.069ms
			MaterialPostprocessor.OnPostprocessAllAssets 1.068ms
			UVCSAssetPostprocessor.OnPostprocessAllAssets 0.980ms
			SpriteShapeAssetPostProcessor.OnPostprocessAllAssets 0.769ms
			TextAssetPostProcessor.OnPostprocessAllAssets 0.677ms
			AssetChangedListener.OnPostprocessAllAssets 0.609ms
			AudioMixerPostprocessor.OnPostprocessAllAssets 0.576ms
			InputActionJsonNameModifierAssetProcessor.OnPostprocessAllAssets 0.562ms
			PostProcessor.OnPostprocessAllAssets 0.499ms
			SpeedTreePostProcessor.OnPostprocessAllAssets 0.460ms
			StyleCatalogPostProcessor.OnPostprocessAllAssets 0.448ms
			SpriteLibraryAssetPostprocessor.OnPostprocessAllAssets 0.440ms
			AssetEvents.OnPostprocessAllAssets 0.415ms
			RenderPipelineGlobalSettingsPostprocessor.OnPostprocessAllAssets 0.366ms
			ThemePostprocessor.OnPostprocessAllAssets 0.348ms
			SamplePostprocessor.OnPostprocessAllAssets 0.301ms
			ScenarioDriftAssetsTracker.OnPostprocessAllAssets 0.296ms
			PSDImportPostProcessor.OnPostprocessAllAssets 0.280ms
			AssetReloadNotifier.OnPostprocessAllAssets 0.208ms
			PSDImporterAssetPostProcessor.OnPostprocessAllAssets 0.161ms
			AudioContainerPostProcessor.OnPostprocessAllAssets 0.157ms
			AssetProcessor.OnPostprocessAllAssets 0.124ms
			InputActionAssetPostprocessor.OnPostprocessAllAssets 0.108ms
	PostAssetChangesProfiler: 23.794ms
	GatherAllCurrentPrimaryImportResultRevisions: 0.553ms
	PersistCurrentRevisions: 0.206ms
	Untracked: 95.828ms

[Worker1] Imported GUID: f7cc29e51a271244ba63b4739fc2af05 - Path: Assets/Script/MenuManager.cs - Importer: PreviewImporter -> (ImportResultId: '1b489771abed07152914df373f0804d6') in 0.075085 seconds
Starting: C:\Program Files\Unity\Hub\Editor\6000.6.2f1\Editor\Data\Tools\BuildPipeline\bee_backend.exe --ipc --defer-dag-verification --dagfile="Library/Bee/1900b0aE.dag" --continue-on-failure --profile="Library/Bee/backend1.traceevents" ScriptAssemblies
WorkingDir: C:/Users/golfa/Flappybird
ExitCode: 4 Duration: 0s732ms
Starting: C:\Program Files\Unity\Hub\Editor\6000.6.2f1\Editor\Data\DotNetSdk\dotnet.exe "C:\Program Files\Unity\Hub\Editor\6000.6.2f1\Editor\Data\Tools\BuildPipeline\ScriptCompilationBuildProgram.exe" "Library/Bee/1900b0aE.dag.json" "Library/Bee/1900b0aE-inputdata.json" "Library\Bee\buildprogram0.traceevents"
Rebuilding DAG because FileSignature timestamp changed: Library/Bee/1900b0aE-inputdata.json
[ 970/1265  0s] ILPP-Configuration Library/ilpp-configuration.nevergeneratedoutput
*** Tundra requires additional run (0.67 seconds), 1 items updated, 969 evaluated
WorkingDir: C:/Users/golfa/Flappybird
[Worker0] Imported GUID: f7cc29e51a271244ba63b4739fc2af05 - Path: Assets/Script/MenuManager.cs - Importer: ScriptedImporter/UnityEditor.QuickSearchModule:UnityEditor.Search:ASIAI0B -> (ImportResultId: '9c292e2778c2f2ac796fe25f51ca4b9a') in 1.0430305 seconds
ExitCode: 0 Duration: 2s759ms
Starting: C:\Program Files\Unity\Hub\Editor\6000.6.2f1\Editor\Data\Tools\BuildPipeline\bee_backend.exe --ipc --defer-dag-verification --dagfile="Library/Bee/1900b0aE.dag" --continue-on-failure --dagfilejson="Library\Bee\1900b0aE.dag.json" --profile="Library/Bee/backend2.traceevents" ScriptAssemblies
WorkingDir: C:/Users/golfa/Flappybird
ExitCode: 0 Duration: 1s411ms
Finished compiling graph: 1268 nodes, 25918 flattened edges (21854 ToBuild, 202 ToUse), maximum node priority 1400
[ 672/1265  0s] WriteText Library/Bee/artifacts/1900b0aE.dag/Assembly-CSharp.rsp
[ 969/1265  0s] ILPP-Configuration Library/ilpp-configuration.nevergeneratedoutput
[1261/1265  0s] Csc Library/Bee/artifacts/1900b0aE.dag/Assembly-CSharp.dll (+2 others)
[1262/1265  0s] ILPostProcess Library/Bee/artifacts/1900b0aE.dag/post-processed/Assembly-CSharp.dll (+pdb)
Processing assembly Library/Bee/artifacts/1900b0aE.dag/Assembly-CSharp.dll, with 148 defines and 377 references

processors: Unity.Jobs.CodeGen.JobsILPostProcessor, zzzUnity.Burst.CodeGen.BurstILPostProcessor

1 processor(s) skipped this assembly

running Unity.Jobs.CodeGen.JobsILPostProcessor
[1263/1265  0s] CopyFiles Library/ScriptAssemblies/Assembly-CSharp.dll
[1264/1265  0s] CopyFiles Library/ScriptAssemblies/Assembly-CSharp.pdb
*** Tundra build success (1.36 seconds), 6 items updated, 1265 evaluated
Reloading assemblies after finishing script compilation.
Reloading assemblies after forced synchronous recompile.
Begin MonoManager ReloadAssembly
Total cache size 160401120
Total cache size after purge 160401120, took 00:00:00.5294143
Refreshing native plugins compatible for Editor in 7.08 ms, found 5 plugins.
Native extension for WindowsStandalone target not found
[MODES] ModeService[none].Initialize
[MODES] ModeService[none].LoadModes
ScheduleIndexationOnStartup MainProcess:True IndexOnStartup:True
Scripting: successfully reloaded assembly
- Finished resetting the current domain, in  5.339 seconds
Domain Reload Profiling: 8502ms
	BeginReloadAssembly (1682ms)
		DisableScriptedObjects (320ms)
		CreateAndSetChildDomain (808ms)
	RebuildCommonClasses (29ms)
	RebuildNativeTypeToScriptingClass (34ms)
	initialDomainReloadingComplete (178ms)
	LoadAllAssembliesAndSetupDomain (1238ms)
		LoadAssemblies (554ms)
		TypeCache.Refresh (37ms)
		AnalyzeDomain (586ms)
			BuildScriptInfoCaches (504ms)
			ResolveRequiredComponents (61ms)
	FinalizeReload (5341ms)
		SetupLoadedEditorAssemblies (0ms)
			LogAssemblyErrors (8ms)
			InitializePlatformSupportModulesInManaged (4ms)
			BeforeProcessingInitializeOnLoad (557ms)
			ProcessInitializeOnLoadAttributes (1077ms)
			ProcessInitializeOnLoadMethodAttributes (224ms)
			AfterProcessingInitializeOnLoad (12ms)
			EditorAssembliesLoaded (5ms)
		AwakeInstancesAfterBackupRestoration (2136ms)
Refreshing native plugins compatible for Editor in 10.83 ms, found 5 plugins.

Asset Pipeline Refresh (id=193a7ddede76e2e4a9584d8bbf893a0e): Total: 9.352 seconds - Initiated by StopAssetImportingV2(ForceSynchronousImport | ForceDomainReload)
	(Values over 0.05ms)
	Summary:
		Imports: total=0 (actual=0, local cache=0, cache server=0)
		Asset DB Process Time: managed=0 ms, native=5675 ms
		Asset DB Callback time: managed=171 ms, native=167 ms
		Scripting: domain reloads=1, domain reload time=3332 ms, compile time=6 ms, other=0 ms
		Project Asset Count: scripts=1700, non-scripts=3427
		Asset File Changes: new=0, changed=0, moved=0, deleted=0
		Scan Filter Count: 0
	InvokePackagesCallback: 5.010ms
	ApplyChangesToAssetFolders: 0.519ms
	Collect global state as custom dependencies: 9.197ms
	ProcessAssetsWithTransientArtifactChanges: 14.740ms
	CategorizeAssets: 181.487ms
	CompileScripts: 5.703ms
	ImportOutOfDateAssets: 5365.145ms (5359.666ms without children)
		CollectScriptTypesHashes: 2.961ms
		ReloadNativeAssets: 2.226ms
		UnloadImportedAssets: 0.342ms
		EnsureUptoDateAssetsAreRegisteredWithGuidPM: 2.083ms
		ImportSchedulerStart: 0.773ms
	PostProcessAllAssets: 173.804ms
		XRBuildSystem.XRAssetImported 1.125ms
		PostProcessCallbackCreateDeferredMaterials 0.257ms
		MonoPostProcessAllAssets: 171.542ms
			UniversalRenderPipelineGlobalSettingsPostprocessor.OnPostprocessAllAssets 42.733ms
			BuilderAssetPostprocessor.OnPostprocessAllAssets 17.590ms
			AssetChangedListener.OnPostprocessAllAssets 13.260ms
			SpriteSlicePostprocessor.OnPostprocessAllAssets 9.047ms
			AssetPostprocessor.OnPostprocessAllAssets 8.504ms
			SyncVS.PostprocessSyncProject 7.922ms
			SpeedTree9Postprocessor.OnPostprocessAllAssets 5.271ms
			WindowAssetPostprocessingWatcher.OnPostprocessAllAssets 4.318ms
			RetainedModeAssetPostprocessor.OnPostprocessAllAssets 3.604ms
			ShaderGraphAssetPostProcessor.OnPostprocessAllAssets 3.486ms
			MaterialPostprocessor.OnPostprocessAllAssets 2.928ms
			EditModeScopePostprocessor.OnPostprocessAllAssets 2.550ms
			SpriteShapeAssetPostProcessor.OnPostprocessAllAssets 2.368ms
			SpriteEditorTexturePostprocessor.OnPostprocessAllAssets 2.055ms
			ProjectSettingsPostprocessor.OnPostprocessAllAssets 1.961ms
			TMPro_TexturePostProcessor.OnPostprocessAllAssets 1.600ms
			ShaderReflectionAssetPostProcessor.OnPostprocessAllAssets 1.520ms
			AudioMixerPostprocessor.OnPostprocessAllAssets 1.371ms
			RenderPipelineGlobalSettingsPostprocessor.OnPostprocessAllAssets 1.317ms
			UVCSAssetPostprocessor.OnPostprocessAllAssets 1.123ms
			ArtifactBrowserPostProcessor.OnPostprocessAllAssets 1.117ms
			InputActionAssetPostprocessor.OnPostprocessAllAssets 0.904ms
			TextAssetPostProcessor.OnPostprocessAllAssets 0.791ms
			InputActionJsonNameModifierAssetProcessor.OnPostprocessAllAssets 0.761ms
			StyleCatalogPostProcessor.OnPostprocessAllAssets 0.755ms
			AssetEvents.OnPostprocessAllAssets 0.660ms
			PostProcessor.OnPostprocessAllAssets 0.647ms
			SpriteLibraryAssetPostprocessor.OnPostprocessAllAssets 0.646ms
			ReferencedClipsPostProcessor.OnPostprocessAllAssets 0.505ms
			TerrainToolbarOverlayPostProcessor.OnPostprocessAllAssets 0.470ms
			ThemePostprocessor.OnPostprocessAllAssets 0.457ms
			AssetDatabaseCallbacks.OnPostprocessAllAssets 0.432ms
			SamplePostprocessor.OnPostprocessAllAssets 0.412ms
			PSDImportPostProcessor.OnPostprocessAllAssets 0.399ms
			SpeedTreePostProcessor.OnPostprocessAllAssets 0.389ms
			PSDImporterAssetPostProcessor.OnPostprocessAllAssets 0.358ms
			ConfigAssetsTracker.OnPostprocessAllAssets 0.320ms
			AssetReloadNotifier.OnPostprocessAllAssets 0.280ms
			ScenarioDriftAssetsTracker.OnPostprocessAllAssets 0.250ms
			AssetProcessor.OnPostprocessAllAssets 0.217ms
			AudioContainerPostProcessor.OnPostprocessAllAssets 0.213ms
	PostAssetChangesProfiler: 163.502ms
	GatherAllCurrentPrimaryImportResultRevisions: 1.165ms
	PersistCurrentRevisions: 0.338ms
	GenerateScriptTypeHashes: 6.745ms
	GenerateScriptTypeSerializationHashes: 11.018ms
	Untracked: 3423.430ms

[Licensing::Client] Successfully resolved entitlement details
[Licensing::Client] Successfully resolved entitlement details
Asset Pipeline Refresh (id=86a52c07f34fee5409fa62cfa33804a1): Total: 0.026 seconds - Initiated by RefreshV2(AllowForceSynchronousImport)
[Licensing::Client] Successfully resolved entitlement details
[Worker1] Imported GUID: f7cc29e51a271244ba63b4739fc2af05 - Path: Assets/Script/MenuManager.cs - Importer: PreviewImporter -> (ImportResultId: '490f48a9914b7cf484e089fc8036f988') in 0.1308207 seconds
[ScriptCompilation] Requested script compilation because: AssetDatabase observed changes in script compilation related files
Starting: C:\Program Files\Unity\Hub\Editor\6000.6.2f1\Editor\Data\Tools\BuildPipeline\bee_backend.exe --ipc --defer-dag-verification --dagfile="Library/Bee/1900b0aE.dag" --continue-on-failure --profile="Library/Bee/backend1.traceevents" ScriptAssemblies
WorkingDir: C:/Users/golfa/Flappybird
ExitCode: 0 Duration: 1s260ms
[ 969/1265  0s] ILPP-Configuration Library/ilpp-configuration.nevergeneratedoutput
[1261/1265  0s] Csc Library/Bee/artifacts/1900b0aE.dag/Assembly-CSharp.dll (+2 others)
[1262/1265  0s] ILPostProcess Library/Bee/artifacts/1900b0aE.dag/post-processed/Assembly-CSharp.dll (+pdb)
Processing assembly Library/Bee/artifacts/1900b0aE.dag/Assembly-CSharp.dll, with 148 defines and 377 references

processors: Unity.Jobs.CodeGen.JobsILPostProcessor, zzzUnity.Burst.CodeGen.BurstILPostProcessor

1 processor(s) skipped this assembly

running Unity.Jobs.CodeGen.JobsILPostProcessor
[1263/1265  0s] CopyFiles Library/ScriptAssemblies/Assembly-CSharp.pdb
[1264/1265  0s] CopyFiles Library/ScriptAssemblies/Assembly-CSharp.dll
*** Tundra build success (1.21 seconds), 5 items updated, 1265 evaluated
Reloading assemblies after forced synchronous recompile.
Begin MonoManager ReloadAssembly
Total cache size 160401120
Total cache size after purge 160401120, took 00:00:00.4441171
Refreshing native plugins compatible for Editor in 13.47 ms, found 5 plugins.
Native extension for WindowsStandalone target not found
[MODES] ModeService[none].Initialize
[MODES] ModeService[none].LoadModes
ScheduleIndexationOnStartup MainProcess:True IndexOnStartup:True
Scripting: successfully reloaded assembly
- Finished resetting the current domain, in  4.315 seconds
Domain Reload Profiling: 6643ms
	BeginReloadAssembly (1212ms)
		DisableScriptedObjects (262ms)
		CreateAndSetChildDomain (499ms)
	RebuildCommonClasses (28ms)
	RebuildNativeTypeToScriptingClass (32ms)
	initialDomainReloadingComplete (123ms)
	LoadAllAssembliesAndSetupDomain (931ms)
		LoadAssemblies (374ms)
		TypeCache.Refresh (26ms)
		AnalyzeDomain (451ms)
			BuildScriptInfoCaches (391ms)
			ResolveRequiredComponents (57ms)
	FinalizeReload (4317ms)
		SetupLoadedEditorAssemblies (0ms)
			LogAssemblyErrors (5ms)
			InitializePlatformSupportModulesInManaged (4ms)
			BeforeProcessingInitializeOnLoad (507ms)
			ProcessInitializeOnLoadAttributes (810ms)
			ProcessInitializeOnLoadMethodAttributes (188ms)
			AfterProcessingInitializeOnLoad (10ms)
			EditorAssembliesLoaded (4ms)
		AwakeInstancesAfterBackupRestoration (1649ms)
Refreshing native plugins compatible for Editor in 2.61 ms, found 5 plugins.

Asset Pipeline Refresh (id=2a0d287c7f658924084bb16b574d79e2): Total: 9.179 seconds - Initiated by RefreshV2(AllowForceSynchronousImport)
	(Values over 0.05ms)
	Summary:
		Imports: total=0 (actual=0, local cache=0, cache server=0)
		Asset DB Process Time: managed=0 ms, native=4613 ms
		Asset DB Callback time: managed=144 ms, native=92 ms
		Scripting: domain reloads=1, domain reload time=2531 ms, compile time=1797 ms, other=0 ms
		Project Asset Count: scripts=1700, non-scripts=3427
		Asset File Changes: new=0, changed=1, moved=0, deleted=0
		Scan Filter Count: 0
	InvokePackagesCallback: 5.268ms
	ApplyChangesToAssetFolders: 0.662ms
	Scan: 27.398ms
	Collect global state as custom dependencies: 7.117ms
	OnSourceAssetsModified: 2.973ms
	CategorizeScriptCompilationAssets: 0.099ms
	ProcessAssetsWithTransientArtifactChanges: 21.160ms
	CategorizeAssets: 141.706ms
	CompileScripts: 1796.999ms
	ImportOutOfDateAssets: 4343.629ms (4338.301ms without children)
		CollectScriptTypesHashes: 2.110ms
		ReloadNativeAssets: 2.338ms
		UnloadImportedAssets: 0.171ms
		EnsureUptoDateAssetsAreRegisteredWithGuidPM: 1.767ms
		ImportSchedulerStart: 0.992ms
	PostProcessAllAssets: 143.953ms
		XRBuildSystem.XRAssetImported 0.999ms
		PostProcessCallbackCreateDeferredMaterials 0.241ms
		MonoPostProcessAllAssets: 141.866ms
			UniversalRenderPipelineGlobalSettingsPostprocessor.OnPostprocessAllAssets 36.705ms
			BuilderAssetPostprocessor.OnPostprocessAllAssets 11.425ms
			AssetChangedListener.OnPostprocessAllAssets 10.787ms
			AssetPostprocessor.OnPostprocessAllAssets 8.677ms
			SyncVS.PostprocessSyncProject 6.921ms
			SpriteSlicePostprocessor.OnPostprocessAllAssets 4.961ms
			WindowAssetPostprocessingWatcher.OnPostprocessAllAssets 4.002ms
			SpeedTree9Postprocessor.OnPostprocessAllAssets 3.876ms
			ShaderGraphAssetPostProcessor.OnPostprocessAllAssets 3.178ms
			RetainedModeAssetPostprocessor.OnPostprocessAllAssets 2.750ms
			ThemePostprocessor.OnPostprocessAllAssets 2.718ms
			EditModeScopePostprocessor.OnPostprocessAllAssets 1.727ms
			MaterialPostprocessor.OnPostprocessAllAssets 1.608ms
			SpriteEditorTexturePostprocessor.OnPostprocessAllAssets 1.595ms
			RenderPipelineGlobalSettingsPostprocessor.OnPostprocessAllAssets 1.481ms
			ProjectSettingsPostprocessor.OnPostprocessAllAssets 1.462ms
			SpriteShapeAssetPostProcessor.OnPostprocessAllAssets 1.249ms
			ShaderReflectionAssetPostProcessor.OnPostprocessAllAssets 1.162ms
			ArtifactBrowserPostProcessor.OnPostprocessAllAssets 1.132ms
			TMPro_TexturePostProcessor.OnPostprocessAllAssets 1.060ms
			AudioMixerPostprocessor.OnPostprocessAllAssets 1.025ms
			UVCSAssetPostprocessor.OnPostprocessAllAssets 0.912ms
			InputActionAssetPostprocessor.OnPostprocessAllAssets 0.771ms
			TextAssetPostProcessor.OnPostprocessAllAssets 0.769ms
			ReferencedClipsPostProcessor.OnPostprocessAllAssets 0.617ms
			StyleCatalogPostProcessor.OnPostprocessAllAssets 0.557ms
			AssetEvents.OnPostprocessAllAssets 0.550ms
			InputActionJsonNameModifierAssetProcessor.OnPostprocessAllAssets 0.517ms
			PostProcessor.OnPostprocessAllAssets 0.503ms
			PSDImportPostProcessor.OnPostprocessAllAssets 0.398ms
			AudioContainerPostProcessor.OnPostprocessAllAssets 0.380ms
			SpriteLibraryAssetPostprocessor.OnPostprocessAllAssets 0.374ms
			SpeedTreePostProcessor.OnPostprocessAllAssets 0.350ms
			AssetDatabaseCallbacks.OnPostprocessAllAssets 0.342ms
			TerrainToolbarOverlayPostProcessor.OnPostprocessAllAssets 0.324ms
			SamplePostprocessor.OnPostprocessAllAssets 0.273ms
			ConfigAssetsTracker.OnPostprocessAllAssets 0.273ms
			ScenarioDriftAssetsTracker.OnPostprocessAllAssets 0.266ms
			AssetReloadNotifier.OnPostprocessAllAssets 0.244ms
			PSDImporterAssetPostProcessor.OnPostprocessAllAssets 0.178ms
			AssetProcessor.OnPostprocessAllAssets 0.120ms
	PostAssetChangesProfiler: 88.099ms
	GatherAllCurrentPrimaryImportResultRevisions: 0.808ms
	PersistCurrentRevisions: 0.250ms
	GenerateScriptTypeHashes: 5.700ms
	GenerateScriptTypeSerializationHashes: 9.153ms
	Untracked: 2592.336ms

[Licensing::Client] Successfully resolved entitlement details
[Licensing::Client] Successfully resolved entitlement details
Asset Pipeline Refresh (id=ab801578189aabb4b97ec2a978d9aa95): Total: 0.018 seconds - Initiated by RefreshV2(AllowForceSynchronousImport)
[ScriptCompilation] Requested script compilation because: AssetDatabase observed changes in script compilation related files
[Licensing::Client] Successfully resolved entitlement details
Starting: C:\Program Files\Unity\Hub\Editor\6000.6.2f1\Editor\Data\Tools\BuildPipeline\bee_backend.exe --ipc --defer-dag-verification --dagfile="Library/Bee/1900b0aE.dag" --continue-on-failure --profile="Library/Bee/backend1.traceevents" ScriptAssemblies
WorkingDir: C:/Users/golfa/Flappybird
ExitCode: 0 Duration: 0s966ms
[ 969/1265  0s] ILPP-Configuration Library/ilpp-configuration.nevergeneratedoutput
[1261/1265  0s] Csc Library/Bee/artifacts/1900b0aE.dag/Assembly-CSharp.dll (+2 others)
[1262/1265  0s] ILPostProcess Library/Bee/artifacts/1900b0aE.dag/post-processed/Assembly-CSharp.dll (+pdb)
Processing assembly Library/Bee/artifacts/1900b0aE.dag/Assembly-CSharp.dll, with 148 defines and 377 references

processors: Unity.Jobs.CodeGen.JobsILPostProcessor, zzzUnity.Burst.CodeGen.BurstILPostProcessor

1 processor(s) skipped this assembly

running Unity.Jobs.CodeGen.JobsILPostProcessor
[1263/1265  0s] CopyFiles Library/ScriptAssemblies/Assembly-CSharp.pdb
[1264/1265  0s] CopyFiles Library/ScriptAssemblies/Assembly-CSharp.dll
*** Tundra build success (0.90 seconds), 5 items updated, 1265 evaluated
Reloading assemblies after forced synchronous recompile.
Begin MonoManager ReloadAssembly
Total cache size 160401120
Total cache size after purge 160401120, took 00:00:00.6602317
Refreshing native plugins compatible for Editor in 12.86 ms, found 5 plugins.
Native extension for WindowsStandalone target not found
[MODES] ModeService[none].Initialize
[MODES] ModeService[none].LoadModes
ScheduleIndexationOnStartup MainProcess:True IndexOnStartup:True
Scripting: successfully reloaded assembly
- Finished resetting the current domain, in  5.201 seconds
Domain Reload Profiling: 10832ms
	BeginReloadAssembly (3922ms)
		DisableScriptedObjects (678ms)
		CreateAndSetChildDomain (2243ms)
	RebuildCommonClasses (39ms)
	RebuildNativeTypeToScriptingClass (32ms)
	initialDomainReloadingComplete (235ms)
	LoadAllAssembliesAndSetupDomain (1401ms)
		LoadAssemblies (601ms)
		TypeCache.Refresh (74ms)
			TypeCache.ScanAssembly (4ms)
		AnalyzeDomain (717ms)
			BuildScriptInfoCaches (616ms)
			ResolveRequiredComponents (75ms)
	FinalizeReload (5203ms)
		SetupLoadedEditorAssemblies (0ms)
			LogAssemblyErrors (8ms)
			InitializePlatformSupportModulesInManaged (4ms)
			BeforeProcessingInitializeOnLoad (804ms)
			ProcessInitializeOnLoadAttributes (925ms)
			ProcessInitializeOnLoadMethodAttributes (213ms)
			AfterProcessingInitializeOnLoad (11ms)
			EditorAssembliesLoaded (5ms)
		AwakeInstancesAfterBackupRestoration (1853ms)
Refreshing native plugins compatible for Editor in 5.36 ms, found 5 plugins.

Asset Pipeline Refresh (id=7a2434725d9db2d4e8ac6e2e75dbb8f0): Total: 14.282 seconds - Initiated by RefreshV2(AllowForceSynchronousImport)
	(Values over 0.05ms)
	Summary:
		Imports: total=0 (actual=0, local cache=0, cache server=0)
		Asset DB Process Time: managed=0 ms, native=6010 ms
		Asset DB Callback time: managed=163 ms, native=20 ms
		Scripting: domain reloads=1, domain reload time=5860 ms, compile time=2226 ms, other=0 ms
		Project Asset Count: scripts=1700, non-scripts=3427
		Asset File Changes: new=0, changed=1, moved=0, deleted=0
		Scan Filter Count: 0
	InvokePackagesCallback: 4.606ms
	ApplyChangesToAssetFolders: 1.302ms
	Scan: 96.948ms
	Collect global state as custom dependencies: 8.306ms
	OnSourceAssetsModified: 7.966ms
	CategorizeScriptCompilationAssets: 1.271ms
	ProcessAssetsWithTransientArtifactChanges: 21.527ms
	CategorizeAssets: 379.400ms
	CompileScripts: 2226.338ms
	ImportOutOfDateAssets: 5239.114ms (5229.008ms without children)
		CollectScriptTypesHashes: 22.761ms
		ReloadNativeAssets: 1.950ms
		UnloadImportedAssets: 0.219ms
		EnsureUptoDateAssetsAreRegisteredWithGuidPM: 1.988ms
		ImportSchedulerStart: 5.831ms
	PostProcessAllAssets: 162.638ms
		XRBuildSystem.XRAssetImported 1.321ms
		PostProcessCallbackCreateDeferredMaterials 0.621ms
		ShaderAssetModifiedCallback 0.344ms
		SpriteAtlasDatabase.OnAssetPostprocessCallback 0.297ms
		WindowTitlePostprocess 0.167ms
		RaytracingShaderImportPostprocess 0.120ms
		VCAutoAddAssetPostprocess 0.109ms
		MonoPostProcessAllAssets: 157.148ms
			UniversalRenderPipelineGlobalSettingsPostprocessor.OnPostprocessAllAssets 38.046ms
			BuilderAssetPostprocessor.OnPostprocessAllAssets 20.531ms
			AssetChangedListener.OnPostprocessAllAssets 13.543ms
			AssetPostprocessor.OnPostprocessAllAssets 10.027ms
			SyncVS.PostprocessSyncProject 8.329ms
			SpriteSlicePostprocessor.OnPostprocessAllAssets 5.586ms
			WindowAssetPostprocessingWatcher.OnPostprocessAllAssets 4.798ms
			SpeedTree9Postprocessor.OnPostprocessAllAssets 3.779ms
			RetainedModeAssetPostprocessor.OnPostprocessAllAssets 3.145ms
			ShaderGraphAssetPostProcessor.OnPostprocessAllAssets 3.082ms
			EditModeScopePostprocessor.OnPostprocessAllAssets 1.918ms
			MaterialPostprocessor.OnPostprocessAllAssets 1.828ms
			ProjectSettingsPostprocessor.OnPostprocessAllAssets 1.653ms
			RenderPipelineGlobalSettingsPostprocessor.OnPostprocessAllAssets 1.615ms
			SpriteEditorTexturePostprocessor.OnPostprocessAllAssets 1.493ms
			ArtifactBrowserPostProcessor.OnPostprocessAllAssets 1.481ms
			SpriteShapeAssetPostProcessor.OnPostprocessAllAssets 1.231ms
			TMPro_TexturePostProcessor.OnPostprocessAllAssets 1.095ms
			UVCSAssetPostprocessor.OnPostprocessAllAssets 1.076ms
			ShaderReflectionAssetPostProcessor.OnPostprocessAllAssets 1.043ms
			AssetEvents.OnPostprocessAllAssets 0.741ms
			AudioMixerPostprocessor.OnPostprocessAllAssets 0.713ms
			TextAssetPostProcessor.OnPostprocessAllAssets 0.632ms
			InputActionAssetPostprocessor.OnPostprocessAllAssets 0.604ms
			ReferencedClipsPostProcessor.OnPostprocessAllAssets 0.541ms
			InputActionJsonNameModifierAssetProcessor.OnPostprocessAllAssets 0.507ms
			PostProcessor.OnPostprocessAllAssets 0.419ms
			StyleCatalogPostProcessor.OnPostprocessAllAssets 0.418ms
			SpeedTreePostProcessor.OnPostprocessAllAssets 0.373ms
			SpriteLibraryAssetPostprocessor.OnPostprocessAllAssets 0.366ms
			ScenarioDriftAssetsTracker.OnPostprocessAllAssets 0.361ms
			PSDImportPostProcessor.OnPostprocessAllAssets 0.322ms
			SamplePostprocessor.OnPostprocessAllAssets 0.320ms
			ThemePostprocessor.OnPostprocessAllAssets 0.318ms
			AssetDatabaseCallbacks.OnPostprocessAllAssets 0.310ms
			TerrainToolbarOverlayPostProcessor.OnPostprocessAllAssets 0.305ms
			AssetReloadNotifier.OnPostprocessAllAssets 0.272ms
			ConfigAssetsTracker.OnPostprocessAllAssets 0.241ms
			AudioContainerPostProcessor.OnPostprocessAllAssets 0.167ms
			PSDImporterAssetPostProcessor.OnPostprocessAllAssets 0.163ms
			AssetProcessor.OnPostprocessAllAssets 0.146ms
	PostAssetChangesProfiler: 12.737ms
	GatherAllCurrentPrimaryImportResultRevisions: 1.647ms
	PersistCurrentRevisions: 0.267ms
	GenerateScriptTypeHashes: 6.316ms
	GenerateScriptTypeSerializationHashes: 9.840ms
	Untracked: 6090.205ms

[Licensing::Client] Successfully resolved entitlement details
[Licensing::Client] Successfully resolved entitlement details
Asset Pipeline Refresh (id=1fede3b459c8127409b0fefbc55a3a31): Total: 0.062 seconds - Initiated by RefreshV2(AllowForceSynchronousImport)
SpriteAtlasPacking completed in 0.218754 sec
Entering Playmode with Reload Domain disabled.
If you experience any issues, please disable "Enter Play Mode Options" in Editor Settings
Loaded scene 'Temp/__Backupscenes/0.backup'
	Deserialize:            81.500 ms
	Integration:            2600.756 ms
	Integration of assets:  1.224 ms
	Thread Wait Time:       -0.319 ms
	Total Operation Time:   2683.160 ms
Unloading 8 Unused Serialized files (Serialized files now loaded: 0)
UnloadTime: 19.472500 ms
Loaded scene 'Assets/Scenes/SampleScene.unity'
	Deserialize:            64.517 ms
	Integration:            95.718 ms
	Integration of assets:  4.191 ms
	Thread Wait Time:       9.947 ms
	Total Operation Time:   174.373 ms
Unloading 149 unused Assets / (179.8 KB). Loaded Objects now: 10431.
Memory consumption went from 0.76 GB to 0.76 GB.
Total: 120.123400 ms (FindLiveObjects: 4.820100 ms CreateObjectMapping: 0.923900 ms MarkObjects: 104.292500 ms  DeleteObjects: 9.582900 ms)

Asset Pipeline Refresh (id=9ad9ac47ad07a0948ba0aec3b0da4dfd): Total: 0.011 seconds - Initiated by RefreshV2(NoUpdateAssetOptions)
Unloading 1 Unused Serialized files (Serialized files now loaded: 0)
Loaded scene 'Temp/__Backupscenes/0.backup'
	Deserialize:            8.856 ms
	Integration:            45.983 ms
	Integration of assets:  0.097 ms
	Thread Wait Time:       0.021 ms
	Total Operation Time:   54.958 ms
Unloading 51 unused Assets / (153.8 KB). Loaded Objects now: 10227.
Memory consumption went from 0.76 GB to 0.76 GB.
Total: 43.180800 ms (FindLiveObjects: 2.371400 ms CreateObjectMapping: 0.795600 ms MarkObjects: 38.254900 ms  DeleteObjects: 1.254900 ms)

[Licensing::Client] Successfully resolved entitlement details
SpriteAtlasPacking completed in 0.012926 sec
Entering Playmode with Reload Domain disabled.
If you experience any issues, please disable "Enter Play Mode Options" in Editor Settings
Loaded scene 'Temp/__Backupscenes/0.backup'
	Deserialize:            7.875 ms
	Integration:            51.681 ms
	Integration of assets:  0.120 ms
	Thread Wait Time:       0.005 ms
	Total Operation Time:   59.681 ms
Asset Pipeline Refresh (id=998a180397fb9b045bb224b41f0230f4): Total: 0.028 seconds - Initiated by RefreshV2(NoUpdateAssetOptions)
Unloading 15 Unused Serialized files (Serialized files now loaded: 0)
UnloadTime: 3.754700 ms
Loaded scene 'Assets/Scenes/SampleScene.unity'
	Deserialize:            36.472 ms
	Integration:            45.604 ms
	Integration of assets:  1.177 ms
	Thread Wait Time:       4.670 ms
	Total Operation Time:   87.923 ms
Unloading 3 unused Assets / (138.3 KB). Loaded Objects now: 10454.
Memory consumption went from 0.76 GB to 0.76 GB.
Total: 38.819700 ms (FindLiveObjects: 2.361400 ms CreateObjectMapping: 0.813000 ms MarkObjects: 35.112600 ms  DeleteObjects: 0.118000 ms)

MissingReferenceException: The object of type 'UnityEngine.UI.Image' has been destroyed but you are still trying to access it.
Your script should either check if it is null or you should not destroy the object.
  at UnityEngine.Object+MarshalledUnityObject.TryThrowEditorNullExceptionObject (UnityEngine.Object unityObj, System.String parameterName) [0x00065] in <0e80f59860fa45278948cc6ebb8e9196>:0 
  at UnityEngine.Bindings.ThrowHelper.ThrowNullReferenceException (System.Object obj) [0x0000a] in <0e80f59860fa45278948cc6ebb8e9196>:0 
  at UnityEngine.Object.GetName () [0x00006] in <0e80f59860fa45278948cc6ebb8e9196>:0 
  at UnityEngine.Object.get_name () [0x00000] in <0e80f59860fa45278948cc6ebb8e9196>:0 
  at UnityEditor.ObjectPreview.GetPreviewTitleString () [0x00017] in <8cdd7d0792c04bfebb8b85be0af13f89>:0 
  at UnityEditor.ObjectPreview.GetPreviewTitle () [0x00005] in <8cdd7d0792c04bfebb8b85be0af13f89>:0 
  at UnityEditor.Editor.GetPreviewTitle () [0x00006] in <8cdd7d0792c04bfebb8b85be0af13f89>:0 
  at UnityEditor.PropertyEditor.DrawPreviewAndLabels () [0x000e1] in <8cdd7d0792c04bfebb8b85be0af13f89>:0 
  at UnityEngine.UIElements.IMGUIContainer.DoOnGUI (UnityEngine.Event evt, UnityEngine.Matrix4x4 parentTransform, UnityEngine.Rect clippingRect, System.Boolean isComputingLayout, UnityEngine.Rect layoutSize, System.Action onGUIHandler, System.Boolean canAffectFocus) [0x001c8] in <82c9a9495ea1415daea24bc2765bb355>:0 
UnityEngine.StackTraceUtility:ExtractStringFromExceptionInternal(Object, String&, String&)
UnityEngine.DebugLogHandler:Internal_LogException_Injected(Exception, IntPtr)
UnityEngine.DebugLogHandler:Internal_LogException(Exception, Object)
UnityEngine.DebugLogHandler:LogException(Exception, Object)
UnityEngine.Logger:LogException(Exception, Object)
UnityEngine.Debug:LogException(Exception)
UnityEngine.UIElements.IMGUIContainer:DoOnGUI(Event, Matrix4x4, Rect, Boolean, Rect, Action, Boolean)
UnityEngine.UIElements.IMGUIContainer:HandleIMGUIEvent(Event, Matrix4x4, Rect, Action, Boolean)
UnityEngine.UIElements.IMGUIContainer:DoIMGUIRepaint()
UnityEngine.UIElements.UIR.RenderChainCommand:ExecuteNonDrawMesh(DrawParams, Exception&)
UnityEngine.UIElements.UIR.UIRenderDevice:EvaluateChain(RenderChainCommand, Material, Texture, ShaderInfoAllocator, Nullable`1, Rect, Single, Boolean, TextureSlotCount, Boolean, Exception&, BaseVisualElementPanel)
UnityEngine.UIElements.UIR.RenderTreeManager:RenderSingleTree(RenderTree, RenderTexture, RectInt, Rect)
UnityEngine.UIElements.UIR.RenderTreeManager:RenderRootTree()
UnityEngine.UIElements.UIRRepaintUpdater:Render()
UnityEngine.UIElements.BaseVisualElementPanel:Render()
UnityEngine.UIElements.Panel:Render()
UnityEditor.UIElements.EditorEventDispatchUtility:DoDispatch(BaseVisualElementPanel, Event)
UnityEditor.UIElements.DefaultWindowBackend:ProcessEvent(Event)
UnityEditor.GUIView:ProcessEvent(EntityId, IntPtr, Boolean&)

MissingReferenceException: The object of type 'UnityEngine.UI.Image' has been destroyed but you are still trying to access it.
Your script should either check if it is null or you should not destroy the object.
  at UnityEngine.Object+MarshalledUnityObject.TryThrowEditorNullExceptionObject (UnityEngine.Object unityObj, System.String parameterName) [0x00065] in <0e80f59860fa45278948cc6ebb8e9196>:0 
  at UnityEngine.Bindings.ThrowHelper.ThrowNullReferenceException (System.Object obj) [0x0000a] in <0e80f59860fa45278948cc6ebb8e9196>:0 
  at UnityEngine.Object.GetName () [0x00006] in <0e80f59860fa45278948cc6ebb8e9196>:0 
  at UnityEngine.Object.get_name () [0x00000] in <0e80f59860fa45278948cc6ebb8e9196>:0 
  at UnityEditor.ObjectPreview.GetPreviewTitleString () [0x00017] in <8cdd7d0792c04bfebb8b85be0af13f89>:0 
  at UnityEditor.ObjectPreview.GetPreviewTitle () [0x00005] in <8cdd7d0792c04bfebb8b85be0af13f89>:0 
  at UnityEditor.Editor.GetPreviewTitle () [0x00006] in <8cdd7d0792c04bfebb8b85be0af13f89>:0 
  at UnityEditor.PropertyEditor.DrawPreviewAndLabels () [0x000e1] in <8cdd7d0792c04bfebb8b85be0af13f89>:0 
  at UnityEngine.UIElements.IMGUIContainer.DoOnGUI (UnityEngine.Event evt, UnityEngine.Matrix4x4 parentTransform, UnityEngine.Rect clippingRect, System.Boolean isComputingLayout, UnityEngine.Rect layoutSize, System.Action onGUIHandler, System.Boolean canAffectFocus) [0x00218] in <82c9a9495ea1415daea24bc2765bb355>:0 
  at UnityEngine.UIElements.IMGUIContainer.HandleIMGUIEvent (UnityEngine.Event e, UnityEngine.Matrix4x4 worldTransform, UnityEngine.Rect clippingRect, System.Action onGUIHandler, System.Boolean canAffectFocus) [0x000a2] in <82c9a9495ea1415daea24bc2765bb355>:0 
  at UnityEngine.UIElements.IMGUIContainer.DoIMGUIRepaint () [0x00055] in <82c9a9495ea1415daea24bc2765bb355>:0 
  at UnityEngine.UIElements.UIR.RenderChainCommand.ExecuteNonDrawMesh (UnityEngine.UIElements.UIR.DrawParams drawParams, System.Exception& immediateException) [0x000fc] in <82c9a9495ea1415daea24bc2765bb355>:0 
Rethrow as ImmediateModeException
  at UnityEngine.UIElements.UIR.RenderTreeManager.RenderSingleTree (UnityEngine.UIElements.UIR.RenderTree renderTree, UnityEngine.RenderTexture nestedTreeRT, UnityEngine.RectInt nestedTreeViewport, UnityEngine.Rect bounds) [0x001a3] in <82c9a9495ea1415daea24bc2765bb355>:0 
  at UnityEngine.UIElements.UIR.RenderTreeManager.RenderRootTree () [0x00073] in <82c9a9495ea1415daea24bc2765bb355>:0 
  at UnityEngine.UIElements.UIRRepaintUpdater.Render () [0x0001c] in <82c9a9495ea1415daea24bc2765bb355>:0 
  at UnityEngine.UIElements.BaseVisualElementPanel.Render () [0x00000] in <82c9a9495ea1415daea24bc2765bb355>:0 
  at UnityEngine.UIElements.Panel.Render () [0x0001b] in <82c9a9495ea1415daea24bc2765bb355>:0 
  at UnityEditor.UIElements.EditorEventDispatchUtility.DoDispatch (UnityEngine.UIElements.BaseVisualElementPanel panel, UnityEngine.Event eventInstance) [0x00081] in <22dfcdc16e734fa29671964aed54c06d>:0 
  at UnityEditor.UIElements.DefaultWindowBackend.ProcessEvent (UnityEngine.Event e) [0x0000d] in <22dfcdc16e734fa29671964aed54c06d>:0 
  at UnityEditor.GUIView.ProcessEvent (UnityEngine.EntityId entityId, System.IntPtr nativeEventPtr, System.Boolean& result) [0x0006a] in <8cdd7d0792c04bfebb8b85be0af13f89>:0 
UnityEngine.StackTraceUtility:ExtractStringFromExceptionInternal(Object, String&, String&)

Asset Pipeline Refresh (id=7c0ba2059ab979d42b2125670ebbdf38): Total: 0.008 seconds - Initiated by RefreshV2(NoUpdateAssetOptions)
Bird is Dead!
UnityEngine.Debug:ExtractStackTraceNoAlloc (byte*,int,string)
UnityEngine.StackTraceUtility:ExtractStackTrace ()
UnityEngine.DebugLogHandler:Internal_Log (UnityEngine.LogType,UnityEngine.LogOption,string,UnityEngine.Object)
UnityEngine.DebugLogHandler:LogFormat (UnityEngine.LogType,UnityEngine.Object,string,object[])
UnityEngine.Logger:Log (UnityEngine.LogType,object)
UnityEngine.Debug:Log (object)
BirdDeath:Die () (at Assets/Script/BirdDeath.cs:37)
BirdDeath:Update () (at Assets/Script/BirdDeath.cs:16)

(Filename: Assets/Script/BirdDeath.cs Line: 37)

Asset Pipeline Refresh (id=29e3926de719f7a4b9ff71c1e6a67ae5): Total: 0.006 seconds - Initiated by RefreshV2(NoUpdateAssetOptions)
Unloading 1 Unused Serialized files (Serialized files now loaded: 0)
Loaded scene 'Temp/__Backupscenes/0.backup'
	Deserialize:            3.994 ms
	Integration:            58.493 ms
	Integration of assets:  0.890 ms
	Thread Wait Time:       0.026 ms
	Total Operation Time:   63.403 ms
Unloading 51 unused Assets / (341.8 KB). Loaded Objects now: 10231.
Memory consumption went from 0.77 GB to 0.77 GB.
Total: 44.616200 ms (FindLiveObjects: 2.467900 ms CreateObjectMapping: 0.563600 ms MarkObjects: 40.495100 ms  DeleteObjects: 0.330500 ms)

[Licensing::Client] Successfully resolved entitlement details
SpriteAtlasPacking completed in 0.009558 sec
Entering Playmode with Reload Domain disabled.
If you experience any issues, please disable "Enter Play Mode Options" in Editor Settings
Loaded scene 'Temp/__Backupscenes/0.backup'
	Deserialize:            8.718 ms
	Integration:            52.879 ms
	Integration of assets:  0.106 ms
	Thread Wait Time:       0.002 ms
	Total Operation Time:   61.704 ms
Unloading 18 Unused Serialized files (Serialized files now loaded: 0)
UnloadTime: 1.272000 ms
Loaded scene 'Assets/Scenes/SampleScene.unity'
	Deserialize:            21.524 ms
	Integration:            48.601 ms
	Integration of assets:  0.589 ms
	Thread Wait Time:       5.548 ms
	Total Operation Time:   76.262 ms
Unloading 3 unused Assets / (45.8 KB). Loaded Objects now: 10433.
Memory consumption went from 0.76 GB to 0.76 GB.
Total: 37.864600 ms (FindLiveObjects: 2.374900 ms CreateObjectMapping: 0.850100 ms MarkObjects: 34.040300 ms  DeleteObjects: 0.147200 ms)

Unloading 3 Unused Serialized files (Serialized files now loaded: 0)
Loaded scene 'Temp/__Backupscenes/0.backup'
	Deserialize:            5.508 ms
	Integration:            70.337 ms
	Integration of assets:  0.718 ms
	Thread Wait Time:       0.020 ms
	Total Operation Time:   76.582 ms
Unloading 51 unused Assets / (438.7 KB). Loaded Objects now: 10229.
Memory consumption went from 0.77 GB to 0.76 GB.
Total: 46.769000 ms (FindLiveObjects: 2.248400 ms CreateObjectMapping: 0.729400 ms MarkObjects: 42.941500 ms  DeleteObjects: 0.350200 ms)

Asset Pipeline Refresh (id=4224afdac4e19e2418ce614244772ec7): Total: 0.012 seconds - Initiated by RefreshV2(AllowForceSynchronousImport)
AcceleratorClientConnectionCallback - disconnected - :0
Importing 'GUID: 00000000000000003000000000000000 - Path: ProjectSettings/TagManager.asset' with importer (LibraryAssetImporter)
Imported 'GUID: 00000000000000003000000000000000' -> (Import Result ID: '42aa8ac247bdce19f90bc5e4a04b2f08') in 0.027 seconds [static dependencies only]. Details - ImportResultOutputID=f000288eab4d423778547d37d97a06b9 DependenciesID=12dbf44afdc150740ba08758c163daa8 StaticDependenciesID=b4dac3bec99fda2f8f9436a39aec421c 
Importing 'GUID: 00000000000000009000000000000000 - Path: ProjectSettings/QualitySettings.asset' with importer (LibraryAssetImporter)
Imported 'GUID: 00000000000000009000000000000000' -> (Import Result ID: 'ad6ca2034549a8dd6f88c2e2fb528c97') in 0.003 seconds [static dependencies only]. Details - ImportResultOutputID=2a108b3da874f726c62fbe5f12be4a8a DependenciesID=1aedbe56ae62f321fe459982db2fa012 StaticDependenciesID=e9a43e809c5953780a851aff477bfce8 
Importing 'GUID: 2e498d1c8094910479dc3e1b768306a4 - Path: Assets/TextMesh Pro/Resources/Fonts & Materials/LiberationSans SDF - Fallback.asset' with importer (NativeFormatImporter)
Imported 'GUID: 2e498d1c8094910479dc3e1b768306a4' -> (Import Result ID: '02d5dcce0f71b7da9c64c332a04b5d1f') in 0.005 seconds [static dependencies only]. Details - ImportResultOutputID=15c8c079d336d28f621b2cb41a27d1c5 DependenciesID=b077735c294c046f252d3e47a4b9a9ad StaticDependenciesID=b1f532a4c508a347321ef2f8bf694830 
Refreshing native plugins compatible for Editor in 3.93 ms, found 5 plugins.

Asset Pipeline Refresh (id=ead168e3821b99e44ade39370edababf): Total: 0.448 seconds - Initiated by StopAssetImportingV2(NoUpdateAssetOptions)
	(Values over 0.05ms)
	Summary:
		Imports: total=3 (actual=3, local cache=0, cache server=0)
		Asset DB Process Time: managed=11 ms, native=377 ms
		Asset DB Callback time: managed=21 ms, native=36 ms
		Scripting: domain reloads=0, domain reload time=0 ms, compile time=0 ms, other=0 ms
		Project Asset Count: scripts=1700, non-scripts=3427
		Asset File Changes: new=0, changed=2, moved=0, deleted=0
		Scan Filter Count: 7
	ApplyChangesToAssetFolders: 0.211ms
	Scan: 68.863ms
	Collect global state as custom dependencies: 0.586ms
	OnSourceAssetsModified: 4.670ms
	CategorizeScriptCompilationAssets: 0.478ms
	ProcessAssetsWithTransientArtifactChanges: 4.934ms
	CategorizeAssets: 152.054ms
	ImportOutOfDateAssets: 61.450ms (0.885ms without children)
		ImportManagerImport: 52.762ms (7.785ms without children)
			UpdateCategorizedAssets: 0.169ms
		ReloadNativeAssets: 0.202ms
		UnloadImportedAssets: 0.314ms
		ReloadImportedAssets: 0.187ms
		EnsureUptoDateAssetsAreRegisteredWithGuidPM: 1.776ms
		ImportSchedulerStart: 5.463ms
	PostProcessAllAssets: 45.991ms
		XRBuildSystem.XRAssetImported 23.576ms
		ObjectImages.AssetImported 0.284ms
		AssemblyValidation.PostprocessAllAssets 0.212ms
		PostprocessAssetsUpdateCachedIcon 0.173ms
		RaytracingShaderImportPostprocess 0.168ms
		WindowTitlePostprocess 0.168ms
		VCAutoAddAssetPostprocess 0.158ms
		PostProcessCallbackCreateDeferredMaterials 0.142ms
		MonoPostProcessAllAssets: 18.959ms
			TMPro_TexturePostProcessor.OnPostprocessAllAssets 3.667ms
			AssetChangedListener.OnPostprocessAllAssets 3.276ms
			AssetPostprocessor.OnPostprocessAllAssets 2.435ms
			SyncVS.PostprocessSyncProject 1.779ms
			ConfigAssetsTracker.OnPostprocessAllAssets 1.683ms
			ShaderGraphAssetPostProcessor.OnPostprocessAllAssets 0.952ms
			RenderPipelineGlobalSettingsPostprocessor.OnPostprocessAllAssets 0.606ms
			BuilderAssetPostprocessor.OnPostprocessAllAssets 0.447ms
			RetainedModeAssetPostprocessor.OnPostprocessAllAssets 0.434ms
			ProjectSettingsPostprocessor.OnPostprocessAllAssets 0.352ms
			SpriteEditorTexturePostprocessor.OnPostprocessAllAssets 0.246ms
			StyleCatalogPostProcessor.OnPostprocessAllAssets 0.168ms
			ArtifactBrowserPostProcessor.OnPostprocessAllAssets 0.153ms
			UVCSAssetPostprocessor.OnPostprocessAllAssets 0.152ms
			ReferencedClipsPostProcessor.OnPostprocessAllAssets 0.140ms
			SpriteShapeAssetPostProcessor.OnPostprocessAllAssets 0.095ms
			PostProcessor.OnPostprocessAllAssets 0.084ms
			SpriteSlicePostprocessor.OnPostprocessAllAssets 0.083ms
			UniversalRenderPipelineGlobalSettingsPostprocessor.OnPostprocessAllAssets 0.074ms
			MaterialPostprocessor.OnPostprocessAllAssets 0.050ms
	PostAssetChangesProfiler: 8.083ms
	GatherAllCurrentPrimaryImportResultRevisions: 1.120ms
	PersistCurrentRevisions: 0.784ms
	UnloadStreamsEnd: 0.095ms
	Untracked: 98.070ms

Importing 'GUID: 882d3f65b9f7531408f19f10bba14a19 - Path: Assets/Scenes/StartMenu.unity' with importer (DefaultImporter)
Imported 'GUID: 882d3f65b9f7531408f19f10bba14a19' -> (Import Result ID: '339e9d70d9edcd5d2abf2e6c13a2a71a') in 0.003 seconds [static dependencies only]. Details - ImportResultOutputID=d55bd0fd5070ca06be0d5c52191fac50 DependenciesID=29de6e8af9ba3a353e10fd1df141acbf StaticDependenciesID=7be6367c52db2913a5285f2e75a0637b 
Refreshing native plugins compatible for Editor in 2.95 ms, found 5 plugins.
Asset Pipeline Refresh (id=b8b7f5fa3deef9041b84003eee484bf7): Total: 0.081 seconds - Initiated by StopAssetImportingV2(NoUpdateAssetOptions)
MonoPathRemapper: Attempts to remap: 223580; Successful remaps: 97354
Serialized file version minimum: 22, current 23
[LAYOUT] About to save layout C:\Users\golfa\Flappybird\UserSettings\Layouts\default-6000.dwlt
[LAYOUT] About to save layout C:/Users/golfa/AppData/Roaming/Unity/Editor-5.x/Preferences\Layouts\current\default-6000.dwlt
Clearing [LiberationSans SDF - Fallback] dynamic font asset data.
UnityEngine.Debug:ExtractStackTraceNoAlloc (byte*,int,string)
UnityEngine.StackTraceUtility:ExtractStackTrace ()
UnityEngine.DebugLogHandler:Internal_Log (UnityEngine.LogType,UnityEngine.LogOption,string,UnityEngine.Object)
UnityEngine.DebugLogHandler:LogFormat (UnityEngine.LogType,UnityEngine.Object,string,object[])
UnityEngine.Logger:Log (UnityEngine.LogType,object)
UnityEngine.Debug:Log (object)
TMPro.EditorEventCallbacks/<>c:<InitializeFontAssetResourceChangeCallBacks>b__0_0 () (at ./Library/PackageCache/com.unity.ugui@0f30cee369f3/Editor/TMP/TMP_EditorResourceManager.cs:36)
UnityEditor.EditorApplication:Internal_EditorApplicationQuit ()

(Filename: ./Library/PackageCache/com.unity.ugui@0f30cee369f3/Editor/TMP/TMP_EditorResourceManager.cs Line: 36)

Importing 'GUID: 2e498d1c8094910479dc3e1b768306a4 - Path: Assets/TextMesh Pro/Resources/Fonts & Materials/LiberationSans SDF - Fallback.asset' with importer (NativeFormatImporter)
Imported 'GUID: 2e498d1c8094910479dc3e1b768306a4' -> (Import Result ID: '632ff03ccef77c9d91eec1e76bcf57f7') in 0.004 seconds [static dependencies only]. Details - ImportResultOutputID=15c8c079d336d28f621b2cb41a27d1c5 DependenciesID=9e1712e1a89c24953b2e2522391c8636 StaticDependenciesID=f4b9ea77a87a231e44986e0077d3f57a 
Refreshing native plugins compatible for Editor in 4.45 ms, found 5 plugins.
Asset Pipeline Refresh (id=1fefd14a9b7b323409860ef18f77d8db): Total: 0.101 seconds - Initiated by StopAssetImportingV2(NoUpdateAssetOptions)
Input System module state changed to: ShutdownInProgress.
Input Polling Thread exited.
Input System module state changed to: Shutdown.
[Physics::Module] Cleanup current backend.
[Physics::Module] Id: 0xf2b8ea05
[Licensing::IpcConnector] LicenseClient-golfa-notifications channel disconnected successfully.
[Licensing::IpcConnector] LicenseClient-golfa channel disconnected successfully.
Lingering sessions upon destruction of worker manager
Unity Data Store service was successfully shut down
UDS shutting down local client system
Shut down UDS service system complete
AcceleratorClientConnectionCallback - disconnected - :0
Cleanup mono
CodeReloadManager destroyed
abort_threads: Failed aborting id: 0000000000004438, mono_thread_manage will ignore it

abort_threads: Failed aborting id: 0000000000008894, mono_thread_manage will ignore it

abort_threads: Failed aborting id: 0000000000004438, mono_thread_manage will ignore it

abort_threads: Failed aborting id: 0000000000008894, mono_thread_manage will ignore it

debugger-agent: Unable to listen on 4924
Checking for leaked weakptr:
  Found no leaked weakptrs.
[Package Manager] Server process was shutdown
##utp:{"type":"MemoryLeaks","version":2,"phase":"Immediate","time":1790713827486,"processId":21468,"allocatedMemory":22542155,"memoryLabels":[{"Default":248057},{"Permanent":15516},{"NewDelete":88809},{"Thread":4205016},{"Manager":823936},{"VertexData":8},{"Geometry":816},{"Shader":869310},{"Material":68},{"TextureCache":3344},{"GfxDevice":100344},{"GfxThread":2304},{"Animation":9632},{"FreeType":8},{"FontEngine":736},{"Physics":1970},{"Physics2D":16},{"Serialization":262728},{"Input":45280},{"JobScheduler":256},{"TextLib":77263},{"Mono":48},{"MonoCode":1280},{"ScriptingNativeRuntime":1499360},{"BaseObject":71008},{"Resource":1252},{"Renderer":2376},{"Transform":4685},{"File":46026},{"WebCam":616},{"Culling":32},{"Terrain":11442},{"Wind":24},{"STL":40},{"String":3672207},{"StaticString":3808},{"Utility":2675538},{"Curl":48},{"PoolAlloc":2408},{"AI":80},{"TypeTree":2063395},{"ScriptManager":63280},{"CodeReload":448},{"RuntimeInitializeOnLoadManager":64},{"Sprites":102},{"SpriteAtlas":120},{"GI":7816},{"CloudService":8736},{"WebRequest":4582},{"VR":49650},{"SceneManager":608},{"Video":208},{"LazyScriptCache":32},{"NativeArray":43956},{"Camera":729},{"Secure":265},{"SerializationCache":9256},{"APIUpdating":10320},{"Subsystems":336},{"VirtualTexturing":57888},{"StaticSafetyDebugInfo":278528},{"Analytics":768},{"Hierarchy":1188},{"UIElements":40},{"CoreStats":14456},{"Identifiers":7152},{"Gui":579},{"EditorUtility":169414},{"VersionControl":8},{"Undo":931},{"AssetDatabase":4967492},{"AssetImporter":40},{"EditorGi":328},{"UnityConnect":36882},{"Upm":1988},{"UpmDiagnostics":8},{"AssetCompliance":96},{"DrivenProperties":72},{"LocalIPC":260},{"ProfilerEditor":9746},{"CoreBusinessMetrics":3600},{"Windowing":456},{"Licensing":12805},{"AssetReference":32},{"IPCStream":32}]}
